  0
SECTION
  2
HEADER
  9
$ACADVER
  1
AC1032
  9
$ACADMAINTVER
 90
      155
  9
$DWGCODEPAGE
  3
ANSI_936
  9
$LASTSAVEDBY
  1
best-cad-mcp
  9
$REQUIREDVERSIONS
160
                 0
  9
$INSBASE
 10
0.0
 20
0.0
 30
0.0
  9
$EXTMIN
 10
8.094178233405386
 20
9.983689057621745
 30
-0.0000000000112498
  9
$EXTMAX
 10
410.0152597553273
 20
287.0163123253923
 30
0.0000000000002956
  9
$LIMMIN
 10
0.0
 20
0.0
  9
$LIMMAX
 10
420.0
 20
297.0
  9
$ORTHOMODE
 70
     0
  9
$REGENMODE
 70
     1
  9
$FILLMODE
 70
     1
  9
$QTEXTMODE
 70
     0
  9
$MIRRTEXT
 70
     0
  9
$LTSCALE
 40
1.0
  9
$ATTMODE
 70
     1
  9
$TEXTSIZE
 40
2.5
  9
$TRACEWID
 40
1.0
  9
$TEXTSTYLE
  7
Standard
  9
$CLAYER
  8
DEMO-BOM
  9
$CELTYPE
  6
ByLayer
  9
$CECOLOR
 62
   256
  9
$CELTSCALE
 40
1.0
  9
$DISPSILH
 70
     0
  9
$DIMSCALE
 40
1.0
  9
$DIMASZ
 40
2.5
  9
$DIMEXO
 40
0.625
  9
$DIMDLI
 40
3.75
  9
$DIMRND
 40
0.0
  9
$DIMDLE
 40
0.0
  9
$DIMEXE
 40
1.25
  9
$DIMTP
 40
0.0
  9
$DIMTM
 40
0.0
  9
$DIMTXT
 40
3.5
  9
$DIMCEN
 40
2.5
  9
$DIMTSZ
 40
0.0
  9
$DIMTOL
 70
     0
  9
$DIMLIM
 70
     0
  9
$DIMTIH
 70
     0
  9
$DIMTOH
 70
     0
  9
$DIMSE1
 70
     0
  9
$DIMSE2
 70
     0
  9
$DIMTAD
 70
     1
  9
$DIMZIN
 70
     8
  9
$DIMBLK
  1

  9
$DIMASO
 70
     1
  9
$DIMSHO
 70
     1
  9
$DIMPOST
  1

  9
$DIMAPOST
  1

  9
$DIMALT
 70
     0
  9
$DIMALTD
 70
     3
  9
$DIMALTF
 40
0.03937007874016
  9
$DIMLFAC
 40
1.0
  9
$DIMTOFL
 70
     1
  9
$DIMTVP
 40
0.0
  9
$DIMTIX
 70
     0
  9
$DIMSOXD
 70
     0
  9
$DIMSAH
 70
     0
  9
$DIMBLK1
  1

  9
$DIMBLK2
  1

  9
$DIMSTYLE
  2
ISO-25
  9
$DIMCLRD
 70
     0
  9
$DIMCLRE
 70
     0
  9
$DIMCLRT
 70
     0
  9
$DIMTFAC
 40
1.0
  9
$DIMGAP
 40
0.625
  9
$DIMJUST
 70
     0
  9
$DIMSD1
 70
     0
  9
$DIMSD2
 70
     0
  9
$DIMTOLJ
 70
     0
  9
$DIMTZIN
 70
     8
  9
$DIMALTZ
 70
     0
  9
$DIMALTTZ
 70
     0
  9
$DIMUPT
 70
     0
  9
$DIMDEC
 70
     2
  9
$DIMTDEC
 70
     2
  9
$DIMALTU
 70
     2
  9
$DIMALTTD
 70
     3
  9
$DIMTXSTY
  7
Standard
  9
$DIMAUNIT
 70
     0
  9
$DIMADEC
 70
     0
  9
$DIMALTRND
 40
0.0
  9
$DIMAZIN
 70
     0
  9
$DIMDSEP
 70
    44
  9
$DIMATFIT
 70
     3
  9
$DIMFRAC
 70
     0
  9
$DIMLDRBLK
  1

  9
$DIMLUNIT
 70
     2
  9
$DIMLWD
 70
    -2
  9
$DIMLWE
 70
    -2
  9
$DIMTMOVE
 70
     0
  9
$DIMFXL
 40
1.0
  9
$DIMFXLON
 70
     0
  9
$DIMJOGANG
 40
0.7853981633974483
  9
$DIMTFILL
 70
     0
  9
$DIMTFILLCLR
 70
     0
  9
$DIMARCSYM
 70
     0
  9
$DIMLTYPE
  6

  9
$DIMLTEX1
  6

  9
$DIMLTEX2
  6

  9
$DIMTXTDIRECTION
 70
     0
  9
$LUNITS
 70
     2
  9
$LUPREC
 70
     4
  9
$SKETCHINC
 40
1.0
  9
$FILLETRAD
 40
0.0
  9
$AUNITS
 70
     0
  9
$AUPREC
 70
     0
  9
$MENU
  1
.
  9
$ELEVATION
 40
0.0
  9
$PELEVATION
 40
0.0
  9
$THICKNESS
 40
0.0
  9
$LIMCHECK
 70
     0
  9
$CHAMFERA
 40
0.0
  9
$CHAMFERB
 40
0.0
  9
$CHAMFERC
 40
0.0
  9
$CHAMFERD
 40
0.0
  9
$SKPOLY
 70
     0
  9
$TDCREATE
 40
2461263.378148148
  9
$TDUCREATE
 40
2461263.044814815
  9
$TDUPDATE
 40
2461263.424513889
  9
$TDUUPDATE
 40
2461263.091180556
  9
$TDINDWG
 40
0.0463888889
  9
$TDUSRTIMER
 40
0.0463888889
  9
$USRTIMER
 70
     1
  9
$ANGBASE
 50
0.0
  9
$ANGDIR
 70
     0
  9
$PDMODE
 70
     0
  9
$PDSIZE
 40
0.0
  9
$PLINEWID
 40
0.0
  9
$SPLFRAME
 70
     0
  9
$SPLINETYPE
 70
     6
  9
$SPLINESEGS
 70
     8
  9
$HANDSEED
  5
5BA
  9
$SURFTAB1
 70
     6
  9
$SURFTAB2
 70
     6
  9
$SURFTYPE
 70
     6
  9
$SURFU
 70
     6
  9
$SURFV
 70
     6
  9
$UCSBASE
  2

  9
$UCSNAME
  2

  9
$UCSORG
 10
0.0
 20
0.0
 30
0.0
  9
$UCSXDIR
 10
1.0
 20
0.0
 30
0.0
  9
$UCSYDIR
 10
0.0
 20
1.0
 30
0.0
  9
$UCSORTHOREF
  2

  9
$UCSORTHOVIEW
 70
     0
  9
$UCSORGTOP
 10
0.0
 20
0.0
 30
0.0
  9
$UCSORGBOTTOM
 10
0.0
 20
0.0
 30
0.0
  9
$UCSORGLEFT
 10
0.0
 20
0.0
 30
0.0
  9
$UCSORGRIGHT
 10
0.0
 20
0.0
 30
0.0
  9
$UCSORGFRONT
 10
0.0
 20
0.0
 30
0.0
  9
$UCSORGBACK
 10
0.0
 20
0.0
 30
0.0
  9
$PUCSBASE
  2

  9
$PUCSNAME
  2

  9
$PUCSORG
 10
0.0
 20
0.0
 30
0.0
  9
$PUCSXDIR
 10
1.0
 20
0.0
 30
0.0
  9
$PUCSYDIR
 10
0.0
 20
1.0
 30
0.0
  9
$PUCSORTHOREF
  2

  9
$PUCSORTHOVIEW
 70
     0
  9
$PUCSORGTOP
 10
0.0
 20
0.0
 30
0.0
  9
$PUCSORGBOTTOM
 10
0.0
 20
0.0
 30
0.0
  9
$PUCSORGLEFT
 10
0.0
 20
0.0
 30
0.0
  9
$PUCSORGRIGHT
 10
0.0
 20
0.0
 30
0.0
  9
$PUCSORGFRONT
 10
0.0
 20
0.0
 30
0.0
  9
$PUCSORGBACK
 10
0.0
 20
0.0
 30
0.0
  9
$USERI1
 70
     0
  9
$USERI2
 70
     0
  9
$USERI3
 70
     0
  9
$USERI4
 70
     0
  9
$USERI5
 70
     0
  9
$USERR1
 40
0.0
  9
$USERR2
 40
0.0
  9
$USERR3
 40
0.0
  9
$USERR4
 40
0.0
  9
$USERR5
 40
0.0
  9
$WORLDVIEW
 70
     1
  9
$SHADEDGE
 70
     3
  9
$SHADEDIF
 70
    70
  9
$TILEMODE
 70
     1
  9
$MAXACTVP
 70
    64
  9
$PINSBASE
 10
0.0
 20
0.0
 30
0.0
  9
$PLIMCHECK
 70
     0
  9
$PEXTMIN
 10
0.0
 20
0.0
 30
0.0
  9
$PEXTMAX
 10
0.0
 20
0.0
 30
0.0
  9
$PLIMMIN
 10
0.0
 20
0.0
  9
$PLIMMAX
 10
12.0
 20
9.0
  9
$UNITMODE
 70
     0
  9
$VISRETAIN
 70
     1
  9
$PLINEGEN
 70
     0
  9
$PSLTSCALE
 70
     1
  9
$TREEDEPTH
 70
  3020
  9
$CMLSTYLE
  2
Standard
  9
$CMLJUST
 70
     0
  9
$CMLSCALE
 40
20.0
  9
$PROXYGRAPHICS
 70
     1
  9
$MEASUREMENT
 70
     1
  9
$CELWEIGHT
370
    -1
  9
$ENDCAPS
280
     0
  9
$JOINSTYLE
280
     0
  9
$LWDISPLAY
290
     0
  9
$INSUNITS
 70
     4
  9
$HYPERLINKBASE
  1

  9
$STYLESHEET
  1

  9
$XEDIT
290
     1
  9
$CEPSNTYPE
380
     0
  9
$PSTYLEMODE
290
     1
  9
$FINGERPRINTGUID
  2
{E98ADAE2-8188-E94B-B95B-23A5831DF677}
  9
$VERSIONGUID
  2
{BE63033E-D721-8F4D-BBB8-62885CDF9029}
  9
$EXTNAMES
290
     1
  9
$PSVPSCALE
 40
0.0
  9
$OLESTARTUP
290
     0
  9
$SORTENTS
280
   127
  9
$INDEXCTL
280
     0
  9
$HIDETEXT
280
     1
  9
$XCLIPFRAME
280
     2
  9
$HALOGAP
280
     0
  9
$OBSCOLOR
 70
   257
  9
$OBSLTYPE
280
     0
  9
$INTERSECTIONDISPLAY
280
     0
  9
$INTERSECTIONCOLOR
 70
   257
  9
$DIMASSOC
280
     2
  9
$PROJECTNAME
  1

  9
$CAMERADISPLAY
290
     0
  9
$LENSLENGTH
 40
50.0
  9
$CAMERAHEIGHT
 40
0.0
  9
$STEPSPERSEC
 40
2.0
  9
$STEPSIZE
 40
6.0
  9
$3DDWFPREC
 40
2.0
  9
$PSOLWIDTH
 40
5.0
  9
$PSOLHEIGHT
 40
80.0
  9
$LOFTANG1
 40
1.570796326794896
  9
$LOFTANG2
 40
1.570796326794896
  9
$LOFTMAG1
 40
0.0
  9
$LOFTMAG2
 40
0.0
  9
$LOFTPARAM
 70
     7
  9
$LOFTNORMALS
280
     1
  9
$LATITUDE
 40
37.795
  9
$LONGITUDE
 40
-122.394
  9
$NORTHDIRECTION
 40
0.0
  9
$TIMEZONE
 70
 -8000
  9
$LIGHTGLYPHDISPLAY
280
     1
  9
$TILEMODELIGHTSYNCH
280
     1
  9
$CMATERIAL
347
EC
  9
$SOLIDHIST
280
     0
  9
$SHOWHIST
280
     1
  9
$DWFFRAME
280
     2
  9
$DGNFRAME
280
     0
  9
$REALWORLDSCALE
290
     1
  9
$INTERFERECOLOR
 62
     1
  9
$INTERFEREOBJVS
345
F9
  9
$INTERFEREVPVS
346
F6
  9
$CSHADOW
280
     0
  9
$SHADOWPLANELOCATION
 40
0.0
  0
ENDSEC
  0
SECTION
  2
CLASSES
  0
CLASS
  1
ACDBDICTIONARYWDFLT
  2
AcDbDictionaryWithDefault
  3
ObjectDBX Classes
 90
        0
 91
        1
280
     0
281
     0
  0
CLASS
  1
DICTIONARYVAR
  2
AcDbDictionaryVar
  3
ObjectDBX Classes
 90
        0
 91
       11
280
     0
281
     0
  0
CLASS
  1
TABLESTYLE
  2
AcDbTableStyle
  3
ObjectDBX Classes
 90
     4095
 91
        1
280
     0
281
     0
  0
CLASS
  1
MATERIAL
  2
AcDbMaterial
  3
ObjectDBX Classes
 90
     1153
 91
        3
280
     0
281
     0
  0
CLASS
  1
VISUALSTYLE
  2
AcDbVisualStyle
  3
ObjectDBX Classes
 90
     4095
 91
       24
280
     0
281
     0
  0
CLASS
  1
SCALE
  2
AcDbScale
  3
ObjectDBX Classes
 90
     1153
 91
       17
280
     0
281
     0
  0
CLASS
  1
MLEADERSTYLE
  2
AcDbMLeaderStyle
  3
ACDB_MLEADERSTYLE_CLASS
 90
     4095
 91
        2
280
     0
281
     0
  0
CLASS
  1
CELLSTYLEMAP
  2
AcDbCellStyleMap
  3
ObjectDBX Classes
 90
     1152
 91
        6
280
     0
281
     0
  0
CLASS
  1
EXACXREFPANELOBJECT
  2
ExAcXREFPanelObject
  3
EXAC_ESW
 90
     1025
 91
        0
280
     0
281
     0
  0
CLASS
  1
NPOCOLLECTION
  2
AcDbImpNonPersistentObjectsCollection
  3
ObjectDBX Classes
 90
     1153
 91
        0
280
     0
281
     0
  0
CLASS
  1
LAYER_INDEX
  2
AcDbLayerIndex
  3
ObjectDBX Classes
 90
        0
 91
        0
280
     0
281
     0
  0
CLASS
  1
SPATIAL_INDEX
  2
AcDbSpatialIndex
  3
ObjectDBX Classes
 90
        0
 91
        0
280
     0
281
     0
  0
CLASS
  1
IDBUFFER
  2
AcDbIdBuffer
  3
ObjectDBX Classes
 90
        0
 91
        0
280
     0
281
     0
  0
CLASS
  1
ACDBSECTIONVIEWSTYLE
  2
AcDbSectionViewStyle
  3
ObjectDBX Classes
 90
     1025
 91
        1
280
     0
281
     0
  0
CLASS
  1
ACDBDETAILVIEWSTYLE
  2
AcDbDetailViewStyle
  3
ObjectDBX Classes
 90
     1025
 91
        1
280
     0
281
     0
  0
CLASS
  1
MULTILEADER
  2
AcDbMLeader
  3
ACDB_MLEADER_CLASS
 90
     1025
 91
        8
280
     0
281
     1
  0
CLASS
  1
ACAD_TABLE
  2
AcDbTable
  3
ObjectDBX Classes
 90
     1025
 91
        1
280
     0
281
     1
  0
CLASS
  1
TABLECONTENT
  2
AcDbTableContent
  3
ObjectDBX Classes
 90
     1152
 91
       21
280
     0
281
     0
  0
CLASS
  1
TABLEGEOMETRY
  2
AcDbTableGeometry
  3
ObjectDBX Classes
 90
     1152
 91
       21
280
     0
281
     0
  0
ENDSEC
  0
SECTION
  2
TABLES
  0
TABLE
  2
VPORT
  5
8
330
0
100
AcDbSymbolTable
 70
     1
  0
VPORT
  5
EA
330
8
100
AcDbSymbolTableRecord
100
AcDbViewportTableRecord
  2
*Active
 70
     0
 10
0.0
 20
0.0
 11
1.0
 21
1.0
 12
209.0547189943664
 22
148.500000691507
 13
0.0
 23
0.0
 14
10.0
 24
10.0
 15
10.0
 25
10.0
 16
0.0
 26
0.0
 36
1.0
 17
0.0
 27
0.0
 37
0.0
 40
279.0352687371761
 41
1.87816646562123
 42
50.0
 43
0.0
 44
0.0
 50
0.0
 51
0.0
 71
     0
 72
  1000
 73
     1
 74
     3
 75
     0
 76
     1
 77
     0
 78
     0
281
     0
 65
     1
110
0.0
120
0.0
130
0.0
111
1.0
121
0.0
131
0.0
112
0.0
122
1.0
132
0.0
 79
     0
146
0.0
348
F5
 60
     3
 61
     5
292
     1
282
     1
141
0.0
142
0.0
 63
   250
421
  3355443
1001
ACAD_NAV_VCDISPLAY
1070
     3
  0
ENDTAB
  0
TABLE
  2
LTYPE
  5
5
330
0
100
AcDbSymbolTable
 70
     3
  0
LTYPE
  5
14
330
5
100
AcDbSymbolTableRecord
100
AcDbLinetypeTableRecord
  2
ByBlock
 70
     0
  3

 72
    65
 73
     0
 40
0.0
  0
LTYPE
  5
15
330
5
100
AcDbSymbolTableRecord
100
AcDbLinetypeTableRecord
  2
ByLayer
 70
     0
  3

 72
    65
 73
     0
 40
0.0
  0
LTYPE
  5
16
330
5
100
AcDbSymbolTableRecord
100
AcDbLinetypeTableRecord
  2
Continuous
 70
     0
  3
Solid line
 72
    65
 73
     0
 40
0.0
  0
LTYPE
  5
28C
330
5
100
AcDbSymbolTableRecord
100
AcDbLinetypeTableRecord
  2
CENTER
 70
     0
  3
Center ____ _ ____ _ ____ _ ____ _ ____ _ ____
 72
    65
 73
     4
 40
50.8
 49
31.75
 74
     0
 49
-6.349999999999999
 74
     0
 49
6.349999999999999
 74
     0
 49
-6.349999999999999
 74
     0
  0
LTYPE
  5
28D
330
5
100
AcDbSymbolTableRecord
100
AcDbLinetypeTableRecord
  2
HIDDEN
 70
     0
  3
Hidden __ __ __ __ __ __ __ __ __ __ __ __ __ _
 72
    65
 73
     2
 40
9.524999999999998
 49
6.349999999999999
 74
     0
 49
-3.174999999999999
 74
     0
  0
ENDTAB
  0
TABLE
  2
LAYER
  5
2
102
{ACAD_XDICTIONARY
360
1FF
102
}
330
0
100
AcDbSymbolTable
 70
    12
  0
LAYER
  5
10
102
{ACAD_XDICTIONARY
360
13C
102
}
330
2
100
AcDbSymbolTableRecord
100
AcDbLayerTableRecord
  2
0
 70
     0
 62
     7
  6
Continuous
370
    -3
390
F
347
EE
348
0
  0
LAYER
  5
2A5
330
2
100
AcDbSymbolTableRecord
100
AcDbLayerTableRecord
  2
DEMO-BORDER
 70
     0
 62
     7
  6
Continuous
370
    -3
390
F
347
EE
348
0
  0
LAYER
  5
2A6
330
2
100
AcDbSymbolTableRecord
100
AcDbLayerTableRecord
  2
DEMO-OBJECT
 70
     0
 62
     7
  6
Continuous
370
    -3
390
F
347
EE
348
0
  0
LAYER
  5
2A7
330
2
100
AcDbSymbolTableRecord
100
AcDbLayerTableRecord
  2
DEMO-CENTER
 70
     0
 62
     4
  6
CENTER
370
    -3
390
F
347
EE
348
0
  0
LAYER
  5
2A8
330
2
100
AcDbSymbolTableRecord
100
AcDbLayerTableRecord
  2
DEMO-HIDDEN
 70
     0
 62
     8
  6
HIDDEN
370
    -3
390
F
347
EE
348
0
  0
LAYER
  5
2A9
330
2
100
AcDbSymbolTableRecord
100
AcDbLayerTableRecord
  2
DEMO-HATCH-A
 70
     0
 62
     8
  6
Continuous
370
    -3
390
F
347
EE
348
0
  0
LAYER
  5
2AA
330
2
100
AcDbSymbolTableRecord
100
AcDbLayerTableRecord
  2
DEMO-HATCH-B
 70
     0
 62
     9
  6
Continuous
370
    -3
390
F
347
EE
348
0
  0
LAYER
  5
2AB
330
2
100
AcDbSymbolTableRecord
100
AcDbLayerTableRecord
  2
DEMO-DIM
 70
     0
 62
     2
  6
Continuous
370
    -3
390
F
347
EE
348
0
  0
LAYER
  5
2AC
330
2
100
AcDbSymbolTableRecord
100
AcDbLayerTableRecord
  2
DEMO-TEXT
 70
     0
 62
     7
  6
Continuous
370
    -3
390
F
347
EE
348
0
  0
LAYER
  5
2AD
330
2
100
AcDbSymbolTableRecord
100
AcDbLayerTableRecord
  2
DEMO-BOM
 70
     0
 62
     3
  6
Continuous
370
    -3
390
F
347
EE
348
0
  0
LAYER
  5
2AE
330
2
100
AcDbSymbolTableRecord
100
AcDbLayerTableRecord
  2
DEMO-CALLOUT
 70
     0
 62
     1
  6
Continuous
370
    -3
390
F
347
EE
348
0
  0
LAYER
  5
2FB
330
2
100
AcDbSymbolTableRecord
100
AcDbLayerTableRecord
  2
Defpoints
 70
     0
 62
     7
  6
Continuous
290
     0
370
    -3
390
F
347
EE
348
0
  0
ENDTAB
  0
TABLE
  2
STYLE
  5
3
330
0
100
AcDbSymbolTable
 70
     2
  0
STYLE
  5
11
330
3
100
AcDbSymbolTableRecord
100
AcDbTextStyleTableRecord
  2
Standard
 70
     0
 40
0.0
 41
1.0
 50
0.0
 71
     0
 42
2.5
  3
arial.ttf
  4

1001
ACAD
1000
Arial
1071
       34
  0
STYLE
  5
132
330
3
100
AcDbSymbolTableRecord
100
AcDbTextStyleTableRecord
  2
Annotative
 70
     0
 40
0.0
 41
1.0
 50
0.0
 71
     0
 42
2.5
  3
arial.ttf
  4

1001
AcadAnnotative
1000
AnnotativeData
1002
{
1070
     1
1070
     1
1002
}
1001
ACAD
1000
Arial
1071
       34
  0
ENDTAB
  0
TABLE
  2
VIEW
  5
6
330
0
100
AcDbSymbolTable
 70
    18
  0
ENDTAB
  0
TABLE
  2
UCS
  5
7
330
0
100
AcDbSymbolTable
 70
     0
  0
ENDTAB
  0
TABLE
  2
APPID
  5
9
330
0
100
AcDbSymbolTable
 70
     8
  0
APPID
  5
12
330
9
100
AcDbSymbolTableRecord
100
AcDbRegAppTableRecord
  2
ACAD
 70
     0
  0
APPID
  5
9E
330
9
100
AcDbSymbolTableRecord
100
AcDbRegAppTableRecord
  2
ACAD_PSEXT
 70
     0
  0
APPID
  5
133
330
9
100
AcDbSymbolTableRecord
100
AcDbRegAppTableRecord
  2
AcadAnnoPO
 70
     0
  0
APPID
  5
134
330
9
100
AcDbSymbolTableRecord
100
AcDbRegAppTableRecord
  2
AcadAnnotative
 70
     0
  0
APPID
  5
135
330
9
100
AcDbSymbolTableRecord
100
AcDbRegAppTableRecord
  2
ACAD_DSTYLE_DIMJAG
 70
     0
  0
APPID
  5
136
330
9
100
AcDbSymbolTableRecord
100
AcDbRegAppTableRecord
  2
ACAD_DSTYLE_DIMTALN
 70
     0
  0
APPID
  5
165
330
9
100
AcDbSymbolTableRecord
100
AcDbRegAppTableRecord
  2
ACAD_MLEADERVER
 70
     0
  0
APPID
  5
217
330
9
100
AcDbSymbolTableRecord
100
AcDbRegAppTableRecord
  2
ACAD_NAV_VCDISPLAY
 70
     0
  0
ENDTAB
  0
TABLE
  2
DIMSTYLE
  5
A
330
0
100
AcDbSymbolTable
 70
     3
100
AcDbDimStyleTable
 71
     2
340
27
340
137
  0
DIMSTYLE
105
1B0
330
A
100
AcDbSymbolTableRecord
100
AcDbDimStyleTableRecord
  2
Standard
 70
     0
340
11
  0
DIMSTYLE
105
137
330
A
100
AcDbSymbolTableRecord
100
AcDbDimStyleTableRecord
  2
Annotative
 70
     0
 40
0.0
 41
2.5
 42
0.625
 43
3.75
 44
1.25
 73
     0
 74
     0
 77
     1
 78
     8
140
2.5
141
2.5
143
0.03937007874016
147
0.625
171
     3
172
     1
271
     2
272
     2
274
     3
278
    44
283
     0
284
     8
340
11
1001
AcadAnnotative
1000
AnnotativeData
1002
{
1070
     1
1070
     1
1002
}
1001
ACAD_DSTYLE_DIMJAG
1070
   388
1040
1.5
1001
ACAD_DSTYLE_DIMTALN
1070
   392
1070
     0
  0
DIMSTYLE
105
27
102
{ACAD_REACTORS
330
2F9
330
32D
330
368
330
3A3
330
3D5
330
407
330
420
102
}
330
A
100
AcDbSymbolTableRecord
100
AcDbDimStyleTableRecord
  2
ISO-25
 70
     0
 41
2.5
 42
0.625
 43
3.75
 44
1.25
 73
     0
 74
     0
 77
     1
 78
     8
140
2.5
141
2.5
143
0.03937007874016
147
0.625
171
     3
172
     1
271
     2
272
     2
274
     3
278
    44
283
     0
284
     8
340
11
  0
ENDTAB
  0
TABLE
  2
BLOCK_RECORD
  5
1
330
0
100
AcDbSymbolTable
 70
     9
  0
BLOCK_RECORD
  5
1F
102
{ACAD_XDICTIONARY
360
1CE
102
}
330
1
100
AcDbSymbolTableRecord
100
AcDbBlockTableRecord
  2
*Model_Space
340
22
 70
     0
280
     1
281
     0
  0
BLOCK_RECORD
  5
D2
330
1
100
AcDbSymbolTableRecord
100
AcDbBlockTableRecord
  2
*Paper_Space
340
D3
 70
     0
280
     1
281
     0
  0
BLOCK_RECORD
  5
D6
330
1
100
AcDbSymbolTableRecord
100
AcDbBlockTableRecord
  2
*Paper_Space0
340
D7
 70
     0
280
     1
281
     0
  0
BLOCK_RECORD
  5
2FC
330
1
100
AcDbSymbolTableRecord
100
AcDbBlockTableRecord
  2
*D1
340
0
 70
     0
280
     1
281
     0
  0
BLOCK_RECORD
  5
32E
330
1
100
AcDbSymbolTableRecord
100
AcDbBlockTableRecord
  2
*D2
340
0
 70
     0
280
     1
281
     0
  0
BLOCK_RECORD
  5
369
330
1
100
AcDbSymbolTableRecord
100
AcDbBlockTableRecord
  2
*D3
340
0
 70
     0
280
     1
281
     0
  0
BLOCK_RECORD
  5
3A4
330
1
100
AcDbSymbolTableRecord
100
AcDbBlockTableRecord
  2
*D4
340
0
 70
     0
280
     1
281
     0
  0
BLOCK_RECORD
  5
3D6
330
1
100
AcDbSymbolTableRecord
100
AcDbBlockTableRecord
  2
*D5
340
0
 70
     0
280
     1
281
     0
  0
BLOCK_RECORD
  5
408
330
1
100
AcDbSymbolTableRecord
100
AcDbBlockTableRecord
  2
*D6
340
0
 70
     0
280
     1
281
     0
  0
BLOCK_RECORD
  5
421
330
1
100
AcDbSymbolTableRecord
100
AcDbBlockTableRecord
  2
*D7
340
0
 70
     0
280
     1
281
     0
  0
BLOCK_RECORD
  5
44C
330
1
100
AcDbSymbolTableRecord
100
AcDbBlockTableRecord
  2
*T8
340
0
102
{BLKREFS
331
44B
102
}
 70
     0
280
     1
281
     0
  0
ENDTAB
  0
ENDSEC
  0
SECTION
  2
BLOCKS
  0
BLOCK
  5
20
330
1F
100
AcDbEntity
  8
0
100
AcDbBlockBegin
  2
*Model_Space
 70
     0
 10
0.0
 20
0.0
 30
0.0
  3
*Model_Space
  1

  0
ENDBLK
  5
21
330
1F
100
AcDbEntity
  8
0
100
AcDbBlockEnd
  0
BLOCK
  5
D4
330
D2
100
AcDbEntity
 67
     1
  8
0
100
AcDbBlockBegin
  2
*Paper_Space
 70
     0
 10
0.0
 20
0.0
 30
0.0
  3
*Paper_Space
  1

  0
ENDBLK
  5
D5
330
D2
100
AcDbEntity
 67
     1
  8
0
100
AcDbBlockEnd
  0
BLOCK
  5
D8
330
D6
100
AcDbEntity
 67
     1
  8
0
100
AcDbBlockBegin
  2
*Paper_Space0
 70
     0
 10
0.0
 20
0.0
 30
0.0
  3
*Paper_Space0
  1

  0
ENDBLK
  5
D9
330
D6
100
AcDbEntity
 67
     1
  8
0
100
AcDbBlockEnd
  0
BLOCK
  5
2FD
330
2FC
100
AcDbEntity
  8
0
100
AcDbBlockBegin
  2
*D1
 70
     1
 10
0.0
 20
0.0
 30
0.0
  3
*D1
  1

  0
LINE
  5
324
330
2FC
100
AcDbEntity
  8
DEMO-DIM
 62
     0
440
 16777216
370
    -2
100
AcDbLine
 10
20.0
 20
190.625
 30
0.0
 11
20.00000000000001
 21
281.25
 31
0.0
  0
LINE
  5
325
330
2FC
100
AcDbEntity
  8
DEMO-DIM
 62
     0
440
 16777216
370
    -2
100
AcDbLine
 10
250.0
 20
190.625
 30
0.0
 11
250.0
 21
281.25
 31
0.0
  0
LINE
  5
326
330
2FC
100
AcDbEntity
  8
DEMO-DIM
 62
     0
440
 16777216
370
    -2
100
AcDbLine
 10
22.50000000000001
 20
280.0
 30
0.0
 11
247.5
 21
280.0
 31
0.0
  0
SOLID
  5
327
330
2FC
100
AcDbEntity
  8
DEMO-DIM
 62
     0
440
 16777216
100
AcDbTrace
 10
22.50000000000001
 20
280.4166666666667
 30
0.0
 11
22.50000000000001
 21
279.5833333333333
 31
0.0
 12
20.00000000000001
 22
280.0
 32
0.0
 13
20.00000000000001
 23
280.0
 33
0.0
  0
SOLID
  5
328
330
2FC
100
AcDbEntity
  8
DEMO-DIM
 62
     0
440
 16777216
100
AcDbTrace
 10
247.5
 20
280.4166666666667
 30
0.0
 11
247.5
 21
279.5833333333333
 31
0.0
 12
250.0
 22
280.0
 32
0.0
 13
250.0
 23
280.0
 33
0.0
  0
MTEXT
  5
329
330
2FC
100
AcDbEntity
  8
DEMO-DIM
 62
     0
440
 16777216
100
AcDbMText
 10
135.0
 20
281.9022851296044
 30
0.0
 40
2.5
 41
0.0
 46
0.0
 71
     5
 72
     1
  1
230
 73
     1
 44
1.0
  0
POINT
  5
32A
330
2FC
100
AcDbEntity
  8
Defpoints
 62
     0
440
 16777216
100
AcDbPoint
 10
20.0
 20
190.0
 30
0.0
  0
POINT
  5
32B
330
2FC
100
AcDbEntity
  8
Defpoints
 62
     0
440
 16777216
100
AcDbPoint
 10
250.0
 20
190.0
 30
0.0
  0
POINT
  5
32C
330
2FC
100
AcDbEntity
  8
Defpoints
 62
     0
440
 16777216
100
AcDbPoint
 10
250.0
 20
280.0
 30
0.0
  0
ENDBLK
  5
2FE
330
2FC
100
AcDbEntity
  8
0
100
AcDbBlockEnd
  0
BLOCK
  5
32F
330
32E
100
AcDbEntity
  8
0
100
AcDbBlockBegin
  2
*D2
 70
     1
 10
0.0
 20
0.0
 30
0.0
  3
*D2
  1

  0
LINE
  5
35F
330
32E
100
AcDbEntity
  8
DEMO-DIM
 62
     0
440
 16777216
370
    -2
100
AcDbLine
 10
129.375
 20
150.0
 30
0.0
 11
10.75000000000002
 21
150.0
 31
0.0
  0
LINE
  5
360
330
32E
100
AcDbEntity
  8
DEMO-DIM
 62
     0
440
 16777216
370
    -2
100
AcDbLine
 10
129.375
 20
270.0000000000001
 30
0.0
 11
10.75
 21
270.0000000000001
 31
0.0
  0
LINE
  5
361
330
32E
100
AcDbEntity
  8
DEMO-DIM
 62
     0
440
 16777216
370
    -2
100
AcDbLine
 10
12.00000000000003
 20
152.5
 30
0.0
 11
12.0
 21
267.5000000000001
 31
0.0
  0
SOLID
  5
362
330
32E
100
AcDbEntity
  8
DEMO-DIM
 62
     0
440
 16777216
100
AcDbTrace
 10
11.58333333333336
 20
152.5
 30
0.0
 11
12.4166666666667
 21
152.5
 31
0.0
 12
12.00000000000003
 22
150.0
 32
0.0
 13
12.00000000000003
 23
150.0
 33
0.0
  0
SOLID
  5
363
330
32E
100
AcDbEntity
  8
DEMO-DIM
 62
     0
440
 16777216
100
AcDbTrace
 10
11.58333333333334
 20
267.5000000000001
 30
0.0
 11
12.41666666666667
 21
267.5000000000001
 31
0.0
 12
12.0
 22
270.0000000000001
 32
0.0
 13
12.0
 23
270.0000000000001
 33
0.0
  0
MTEXT
  5
364
330
32E
100
AcDbEntity
  8
DEMO-DIM
 62
     0
440
 16777216
100
AcDbMText
 10
10.02864938608466
 20
210.0
 30
0.0
 40
2.5
 41
0.0
 46
0.0
 71
     5
 72
     1
  1
%%c120
 11
0.0000000000000001
 21
1.0
 31
0.0
 73
     1
 44
1.0
  0
POINT
  5
365
330
32E
100
AcDbEntity
  8
Defpoints
 62
     0
440
 16777216
100
AcDbPoint
 10
130.0
 20
150.0
 30
0.0
  0
POINT
  5
366
330
32E
100
AcDbEntity
  8
Defpoints
 62
     0
440
 16777216
100
AcDbPoint
 10
130.0
 20
270.0000000000001
 30
0.0
  0
POINT
  5
367
330
32E
100
AcDbEntity
  8
Defpoints
 62
     0
440
 16777216
100
AcDbPoint
 10
12.0
 20
270.0000000000001
 30
0.0
  0
ENDBLK
  5
330
330
32E
100
AcDbEntity
  8
0
100
AcDbBlockEnd
  0
BLOCK
  5
36A
330
369
100
AcDbEntity
  8
0
100
AcDbBlockBegin
  2
*D3
 70
     1
 10
0.0
 20
0.0
 30
0.0
  3
*D3
  1

  0
LINE
  5
39A
330
369
100
AcDbEntity
  8
DEMO-DIM
 62
     0
440
 16777216
370
    -2
100
AcDbLine
 10
63.37500000000003
 20
177.5
 30
0.0
 11
46.75000000000008
 21
177.5
 31
0.0
  0
LINE
  5
39B
330
369
100
AcDbEntity
  8
DEMO-DIM
 62
     0
440
 16777216
370
    -2
100
AcDbLine
 10
63.37500000000003
 20
242.5000000000001
 30
0.0
 11
46.75000000000006
 21
242.5000000000001
 31
0.0
  0
LINE
  5
39C
330
369
100
AcDbEntity
  8
DEMO-DIM
 62
     0
440
 16777216
370
    -2
100
AcDbLine
 10
48.00000000000009
 20
180.0
 30
0.0
 11
48.00000000000007
 21
240.0000000000001
 31
0.0
  0
SOLID
  5
39D
330
369
100
AcDbEntity
  8
DEMO-DIM
 62
     0
440
 16777216
100
AcDbTrace
 10
47.58333333333342
 20
180.0
 30
0.0
 11
48.41666666666675
 21
180.0
 31
0.0
 12
48.00000000000009
 22
177.5
 32
0.0
 13
48.00000000000009
 23
177.5
 33
0.0
  0
SOLID
  5
39E
330
369
100
AcDbEntity
  8
DEMO-DIM
 62
     0
440
 16777216
100
AcDbTrace
 10
47.5833333333334
 20
240.0000000000001
 30
0.0
 11
48.41666666666674
 21
240.0000000000001
 31
0.0
 12
48.00000000000007
 22
242.5000000000001
 32
0.0
 13
48.00000000000007
 23
242.5000000000001
 33
0.0
  0
MTEXT
  5
39F
330
369
100
AcDbEntity
  8
DEMO-DIM
 62
     0
440
 16777216
100
AcDbMText
 10
46.02864938608472
 20
210.0
 30
0.0
 40
2.5
 41
0.0
 46
0.0
 71
     5
 72
     1
  1
%%c65
 11
0.0000000000000001
 21
1.0
 31
0.0
 73
     1
 44
1.0
  0
POINT
  5
3A0
330
369
100
AcDbEntity
  8
Defpoints
 62
     0
440
 16777216
100
AcDbPoint
 10
64.00000000000003
 20
177.5
 30
0.0
  0
POINT
  5
3A1
330
369
100
AcDbEntity
  8
Defpoints
 62
     0
440
 16777216
100
AcDbPoint
 10
64.00000000000003
 20
242.5000000000002
 30
0.0
  0
POINT
  5
3A2
330
369
100
AcDbEntity
  8
Defpoints
 62
     0
440
 16777216
100
AcDbPoint
 10
48.00000000000007
 20
242.5000000000001
 30
0.0
  0
ENDBLK
  5
36B
330
369
100
AcDbEntity
  8
0
100
AcDbBlockEnd
  0
BLOCK
  5
3A5
330
3A4
100
AcDbEntity
  8
0
100
AcDbBlockBegin
  2
*D4
 70
     1
 10
0.0
 20
0.0
 30
0.0
  3
*D4
  1

  0
LINE
  5
3CC
330
3A4
100
AcDbEntity
  8
DEMO-DIM
 62
     0
440
 16777216
370
    -2
100
AcDbLine
 10
64.0
 20
243.125
 30
0.0
 11
64.0
 21
264.25
 31
0.0
  0
LINE
  5
3CD
330
3A4
100
AcDbEntity
  8
DEMO-DIM
 62
     0
440
 16777216
370
    -2
100
AcDbLine
 10
114.0
 20
243.125
 30
0.0
 11
114.0
 21
264.25
 31
0.0
  0
LINE
  5
3CE
330
3A4
100
AcDbEntity
  8
DEMO-DIM
 62
     0
440
 16777216
370
    -2
100
AcDbLine
 10
66.5
 20
263.0
 30
0.0
 11
111.5
 21
263.0
 31
0.0
  0
SOLID
  5
3CF
330
3A4
100
AcDbEntity
  8
DEMO-DIM
 62
     0
440
 16777216
100
AcDbTrace
 10
66.5
 20
263.4166666666667
 30
0.0
 11
66.5
 21
262.5833333333333
 31
0.0
 12
64.0
 22
263.0
 32
0.0
 13
64.0
 23
263.0
 33
0.0
  0
SOLID
  5
3D0
330
3A4
100
AcDbEntity
  8
DEMO-DIM
 62
     0
440
 16777216
100
AcDbTrace
 10
111.5
 20
263.4166666666667
 30
0.0
 11
111.5
 21
262.5833333333333
 31
0.0
 12
114.0
 22
263.0
 32
0.0
 13
114.0
 23
263.0
 33
0.0
  0
MTEXT
  5
3D1
330
3A4
100
AcDbEntity
  8
DEMO-DIM
 62
     0
440
 16777216
100
AcDbMText
 10
89.0
 20
264.9014324693042
 30
0.0
 40
2.5
 41
0.0
 46
0.0
 71
     5
 72
     1
  1
50
 73
     1
 44
1.0
  0
POINT
  5
3D2
330
3A4
100
AcDbEntity
  8
Defpoints
 62
     0
440
 16777216
100
AcDbPoint
 10
64.0
 20
242.5
 30
0.0
  0
POINT
  5
3D3
330
3A4
100
AcDbEntity
  8
Defpoints
 62
     0
440
 16777216
100
AcDbPoint
 10
114.0
 20
242.5
 30
0.0
  0
POINT
  5
3D4
330
3A4
100
AcDbEntity
  8
Defpoints
 62
     0
440
 16777216
100
AcDbPoint
 10
114.0
 20
263.0
 30
0.0
  0
ENDBLK
  5
3A6
330
3A4
100
AcDbEntity
  8
0
100
AcDbBlockEnd
  0
BLOCK
  5
3D7
330
3D6
100
AcDbEntity
  8
0
100
AcDbBlockBegin
  2
*D5
 70
     1
 10
0.0
 20
0.0
 30
0.0
  3
*D5
  1

  0
LINE
  5
3FE
330
3D6
100
AcDbEntity
  8
DEMO-DIM
 62
     0
440
 16777216
370
    -2
100
AcDbLine
 10
114.0
 20
270.625
 30
0.0
 11
114.0
 21
279.25
 31
0.0
  0
LINE
  5
3FF
330
3D6
100
AcDbEntity
  8
DEMO-DIM
 62
     0
440
 16777216
370
    -2
100
AcDbLine
 10
130.0
 20
270.625
 30
0.0
 11
130.0
 21
279.25
 31
0.0
  0
LINE
  5
400
330
3D6
100
AcDbEntity
  8
DEMO-DIM
 62
     0
440
 16777216
370
    -2
100
AcDbLine
 10
116.5
 20
278.0
 30
0.0
 11
127.5
 21
278.0
 31
0.0
  0
SOLID
  5
401
330
3D6
100
AcDbEntity
  8
DEMO-DIM
 62
     0
440
 16777216
100
AcDbTrace
 10
116.5
 20
278.4166666666667
 30
0.0
 11
116.5
 21
277.5833333333333
 31
0.0
 12
114.0
 22
278.0
 32
0.0
 13
114.0
 23
278.0
 33
0.0
  0
SOLID
  5
402
330
3D6
100
AcDbEntity
  8
DEMO-DIM
 62
     0
440
 16777216
100
AcDbTrace
 10
127.5
 20
278.4166666666667
 30
0.0
 11
127.5
 21
277.5833333333333
 31
0.0
 12
130.0
 22
278.0
 32
0.0
 13
130.0
 23
278.0
 33
0.0
  0
MTEXT
  5
403
330
3D6
100
AcDbEntity
  8
DEMO-DIM
 62
     0
440
 16777216
100
AcDbMText
 10
122.0
 20
279.9014324693042
 30
0.0
 40
2.5
 41
0.0
 46
0.0
 71
     5
 72
     1
  1
16
 73
     1
 44
1.0
  0
POINT
  5
404
330
3D6
100
AcDbEntity
  8
Defpoints
 62
     0
440
 16777216
100
AcDbPoint
 10
114.0
 20
270.0
 30
0.0
  0
POINT
  5
405
330
3D6
100
AcDbEntity
  8
Defpoints
 62
     0
440
 16777216
100
AcDbPoint
 10
130.0
 20
270.0
 30
0.0
  0
POINT
  5
406
330
3D6
100
AcDbEntity
  8
Defpoints
 62
     0
440
 16777216
100
AcDbPoint
 10
130.0
 20
278.0
 30
0.0
  0
ENDBLK
  5
3D8
330
3D6
100
AcDbEntity
  8
0
100
AcDbBlockEnd
  0
BLOCK
  5
409
330
408
100
AcDbEntity
  8
0
100
AcDbBlockBegin
  2
*D6
 70
     1
 10
0.0
 20
0.0
 30
0.0
  3
*D6
  1

  0
LINE
  5
418
330
408
100
AcDbEntity
  8
DEMO-DIM
 62
     0
440
 16777216
370
    -2
100
AcDbLine
 10
45.22868349249658
 20
80.0
 30
0.0
 11
62.5
 21
80.0
 31
0.0
  0
LINE
  5
419
330
408
100
AcDbEntity
  8
DEMO-DIM
 62
     0
440
 16777216
370
    -2
100
AcDbLine
 10
107.5
 20
80.0
 30
0.0
 11
110.0
 21
80.0
 31
0.0
  0
MTEXT
  5
41A
330
408
100
AcDbEntity
  8
DEMO-DIM
 62
     0
440
 16777216
100
AcDbMText
 10
49.0
 20
81.97135061391541
 30
0.0
 40
2.5
 41
0.0
 46
0.0
 71
     5
 72
     1
  1
%%c40
 73
     1
 44
1.0
  0
LINE
  5
41B
330
408
100
AcDbEntity
  8
DEMO-DIM
 62
     0
440
 16777216
370
    -2
100
AcDbLine
 10
105.0
 20
80.0
 30
0.0
 11
65.0
 21
80.0
 31
0.0
  0
SOLID
  5
41C
330
408
100
AcDbEntity
  8
DEMO-DIM
 62
     0
440
 16777216
100
AcDbTrace
 10
107.5
 20
80.41666666666667
 30
0.0
 11
107.5
 21
79.58333333333333
 31
0.0
 12
105.0
 22
80.0
 32
0.0
 13
105.0
 23
80.0
 33
0.0
  0
SOLID
  5
41D
330
408
100
AcDbEntity
  8
DEMO-DIM
 62
     0
440
 16777216
100
AcDbTrace
 10
62.5
 20
80.41666666666667
 30
0.0
 11
62.5
 21
79.58333333333333
 31
0.0
 12
65.0
 22
80.0
 32
0.0
 13
65.0
 23
80.0
 33
0.0
  0
POINT
  5
41E
330
408
100
AcDbEntity
  8
Defpoints
 62
     0
440
 16777216
100
AcDbPoint
 10
65.0
 20
80.0
 30
0.0
  0
POINT
  5
41F
330
408
100
AcDbEntity
  8
Defpoints
 62
     0
440
 16777216
100
AcDbPoint
 10
105.0
 20
80.0
 30
0.0
  0
ENDBLK
  5
40A
330
408
100
AcDbEntity
  8
0
100
AcDbBlockEnd
  0
BLOCK
  5
422
330
421
100
AcDbEntity
  8
0
100
AcDbBlockBegin
  2
*D7
 70
     1
 10
0.0
 20
0.0
 30
0.0
  3
*D7
  1

  0
LINE
  5
59B
330
421
100
AcDbEntity
  8
DEMO-DIM
 62
     0
440
 16777216
370
    -2
100
AcDbLine
 10
127.5
 20
80.0
 30
0.0
 11
42.5
 21
80.0
 31
0.0
  0
MTEXT
  5
59C
330
421
100
AcDbEntity
  8
DEMO-DIM
 62
     0
440
 16777216
100
AcDbMText
 10
46.0
 20
92.0
 30
0.0
 40
2.5
 41
0.0
 46
0.0
 71
     5
 72
     1
  1
4x %%c12 ON %%c90 PCD
 73
     1
 44
1.0
  0
SOLID
  5
59D
330
421
100
AcDbEntity
  8
DEMO-DIM
 62
     0
440
 16777216
100
AcDbTrace
 10
127.5
 20
80.41666666666667
 30
0.0
 11
127.5
 21
79.58333333333333
 31
0.0
 12
130.0
 22
80.0
 32
0.0
 13
130.0
 23
80.0
 33
0.0
  0
SOLID
  5
59E
330
421
100
AcDbEntity
  8
DEMO-DIM
 62
     0
440
 16777216
100
AcDbTrace
 10
42.5
 20
80.41666666666667
 30
0.0
 11
42.5
 21
79.58333333333333
 31
0.0
 12
40.0
 22
80.0
 32
0.0
 13
40.0
 23
80.0
 33
0.0
  0
POINT
  5
59F
330
421
100
AcDbEntity
  8
Defpoints
 62
     0
440
 16777216
100
AcDbPoint
 10
40.0
 20
80.0
 30
0.0
  0
POINT
  5
5A0
330
421
100
AcDbEntity
  8
Defpoints
 62
     0
440
 16777216
100
AcDbPoint
 10
130.0
 20
80.0
 30
0.0
  0
ENDBLK
  5
423
330
421
100
AcDbEntity
  8
0
100
AcDbBlockEnd
  0
BLOCK
  5
452
330
44C
100
AcDbEntity
  8
0
100
AcDbBlockBegin
  2
*T8
 70
     1
 10
0.0
 20
0.0
 30
0.0
  3
*T8
  1

  0
MTEXT
  5
462
330
44C
100
AcDbEntity
  8
DEMO-BOM
 62
     0
440
 16777216
100
AcDbMText
 10
60.0
 20
-4.0
 30
0.0
 40
1.6
 41
117.0
 46
0.0
 71
     5
 72
     5
  1
BILL OF MATERIALS
 73
     1
 44
1.0
  0
MTEXT
  5
463
330
44C
100
AcDbEntity
  8
DEMO-BOM
 62
     0
440
 16777216
100
AcDbMText
 10
5.0
 20
-12.0
 30
0.0
 40
1.199999999999999
 41
7.0
 46
0.0
 71
     5
 72
     5
  1
ITEM
 73
     1
 44
1.0
  0
MTEXT
  5
464
330
44C
100
AcDbEntity
  8
DEMO-BOM
 62
     0
440
 16777216
100
AcDbMText
 10
21.0
 20
-12.0
 30
0.0
 40
1.199999999999999
 41
19.0
 46
0.0
 71
     5
 72
     5
  1
PART NO.
 73
     1
 44
1.0
  0
MTEXT
  5
465
330
44C
100
AcDbEntity
  8
DEMO-BOM
 62
     0
440
 16777216
100
AcDbMText
 10
48.0
 20
-12.0
 30
0.0
 40
1.199999999999999
 41
29.0
 46
0.0
 71
     5
 72
     5
  1
DESCRIPTION
 73
     1
 44
1.0
  0
MTEXT
  5
466
330
44C
100
AcDbEntity
  8
DEMO-BOM
 62
     0
440
 16777216
100
AcDbMText
 10
68.0
 20
-12.0
 30
0.0
 40
1.199999999999999
 41
5.0
 46
0.0
 71
     5
 72
     5
  1
QTY
 73
     1
 44
1.0
  0
MTEXT
  5
467
330
44C
100
AcDbEntity
  8
DEMO-BOM
 62
     0
440
 16777216
100
AcDbMText
 10
81.0
 20
-12.0
 30
0.0
 40
1.199999999999999
 41
15.0
 46
0.0
 71
     5
 72
     5
  1
MATERIAL
 73
     1
 44
1.0
  0
MTEXT
  5
468
330
44C
100
AcDbEntity
  8
DEMO-BOM
 62
     0
440
 16777216
100
AcDbMText
 10
105.0
 20
-12.0
 30
0.0
 40
1.199999999999999
 41
27.0
 46
0.0
 71
     5
 72
     5
  1
REMARKS
 73
     1
 44
1.0
  0
MTEXT
  5
469
330
44C
100
AcDbEntity
  8
DEMO-BOM
 62
     0
440
 16777216
100
AcDbMText
 10
5.0
 20
-17.5
 30
0.0
 40
3.0
 41
7.0
 46
0.0
 71
     2
 72
     5
  1
1
 73
     1
 44
1.0
  0
MTEXT
  5
46A
330
44C
100
AcDbEntity
  8
DEMO-BOM
 62
     0
440
 16777216
100
AcDbMText
 10
21.0
 20
-17.5
 30
0.0
 40
3.0
 41
19.0
 46
0.0
 71
     2
 72
     5
  1
FC-001
 73
     1
 44
1.0
  0
MTEXT
  5
46B
330
44C
100
AcDbEntity
  8
DEMO-BOM
 62
     0
440
 16777216
100
AcDbMText
 10
48.0
 20
-17.5
 30
0.0
 40
3.0
 41
29.0
 46
0.0
 71
     2
 72
     5
  1
FLANGED HUB
 73
     1
 44
1.0
  0
MTEXT
  5
46C
330
44C
100
AcDbEntity
  8
DEMO-BOM
 62
     0
440
 16777216
100
AcDbMText
 10
68.0
 20
-17.5
 30
0.0
 40
3.0
 41
5.0
 46
0.0
 71
     2
 72
     5
  1
2
 73
     1
 44
1.0
  0
MTEXT
  5
46D
330
44C
100
AcDbEntity
  8
DEMO-BOM
 62
     0
440
 16777216
100
AcDbMText
 10
81.0
 20
-17.5
 30
0.0
 40
3.0
 41
15.0
 46
0.0
 71
     2
 72
     5
  1
C45
 73
     1
 44
1.0
  0
MTEXT
  5
46E
330
44C
100
AcDbEntity
  8
DEMO-BOM
 62
     0
440
 16777216
100
AcDbMText
 10
105.0
 20
-17.5
 30
0.0
 40
3.0
 41
27.0
 46
0.0
 71
     2
 72
     5
  1
MACHINED
 73
     1
 44
1.0
  0
MTEXT
  5
46F
330
44C
100
AcDbEntity
  8
DEMO-BOM
 62
     0
440
 16777216
100
AcDbMText
 10
5.0
 20
-28.60231923601637
 30
0.0
 40
3.0
 41
7.0
 46
0.0
 71
     2
 72
     5
  1
2
 73
     1
 44
1.0
  0
MTEXT
  5
470
330
44C
100
AcDbEntity
  8
DEMO-BOM
 62
     0
440
 16777216
100
AcDbMText
 10
21.0
 20
-28.60231923601637
 30
0.0
 40
3.0
 41
19.0
 46
0.0
 71
     2
 72
     5
  1
REF-040
 73
     1
 44
1.0
  0
MTEXT
  5
471
330
44C
100
AcDbEntity
  8
DEMO-BOM
 62
     0
440
 16777216
100
AcDbMText
 10
48.0
 20
-28.60231923601637
 30
0.0
 40
3.0
 41
29.0
 46
0.0
 71
     2
 72
     5
  1
SHAFT D40
 73
     1
 44
1.0
  0
MTEXT
  5
472
330
44C
100
AcDbEntity
  8
DEMO-BOM
 62
     0
440
 16777216
100
AcDbMText
 10
68.0
 20
-28.60231923601637
 30
0.0
 40
3.0
 41
5.0
 46
0.0
 71
     2
 72
     5
  1
2
 73
     1
 44
1.0
  0
MTEXT
  5
473
330
44C
100
AcDbEntity
  8
DEMO-BOM
 62
     0
440
 16777216
100
AcDbMText
 10
81.0
 20
-28.60231923601637
 30
0.0
 40
3.0
 41
15.0
 46
0.0
 71
     2
 72
     5
  1
C45
 73
     1
 44
1.0
  0
MTEXT
  5
474
330
44C
100
AcDbEntity
  8
DEMO-BOM
 62
     0
440
 16777216
100
AcDbMText
 10
105.0
 20
-28.60231923601637
 30
0.0
 40
3.0
 41
27.0
 46
0.0
 71
     2
 72
     5
  1
REFERENCE
 73
     1
 44
1.0
  0
MTEXT
  5
475
330
44C
100
AcDbEntity
  8
DEMO-BOM
 62
     0
440
 16777216
100
AcDbMText
 10
5.0
 20
-35.60231923601637
 30
0.0
 40
3.0
 41
7.0
 46
0.0
 71
     2
 72
     5
  1
3
 73
     1
 44
1.0
  0
MTEXT
  5
476
330
44C
100
AcDbEntity
  8
DEMO-BOM
 62
     0
440
 16777216
100
AcDbMText
 10
21.0
 20
-35.60231923601637
 30
0.0
 40
3.0
 41
19.0
 46
0.0
 71
     2
 72
     5
  1
DIN-6885
 73
     1
 44
1.0
  0
MTEXT
  5
477
330
44C
100
AcDbEntity
  8
DEMO-BOM
 62
     0
440
 16777216
100
AcDbMText
 10
48.0
 20
-35.60231923601637
 30
0.0
 40
3.0
 41
29.0
 46
0.0
 71
     2
 72
     5
  1
KEY 12x8x70
 73
     1
 44
1.0
  0
MTEXT
  5
478
330
44C
100
AcDbEntity
  8
DEMO-BOM
 62
     0
440
 16777216
100
AcDbMText
 10
68.0
 20
-35.60231923601637
 30
0.0
 40
3.0
 41
5.0
 46
0.0
 71
     2
 72
     5
  1
2
 73
     1
 44
1.0
  0
MTEXT
  5
479
330
44C
100
AcDbEntity
  8
DEMO-BOM
 62
     0
440
 16777216
100
AcDbMText
 10
81.0
 20
-35.60231923601637
 30
0.0
 40
3.0
 41
15.0
 46
0.0
 71
     2
 72
     5
  1
C45
 73
     1
 44
1.0
  0
MTEXT
  5
47A
330
44C
100
AcDbEntity
  8
DEMO-BOM
 62
     0
440
 16777216
100
AcDbMText
 10
105.0
 20
-35.60231923601637
 30
0.0
 40
3.0
 41
27.0
 46
0.0
 71
     2
 72
     5
  1
STANDARD
 73
     1
 44
1.0
  0
MTEXT
  5
47B
330
44C
100
AcDbEntity
  8
DEMO-BOM
 62
     0
440
 16777216
100
AcDbMText
 10
5.0
 20
-42.60231923601637
 30
0.0
 40
3.0
 41
7.0
 46
0.0
 71
     2
 72
     5
  1
4
 73
     1
 44
1.0
  0
MTEXT
  5
47C
330
44C
100
AcDbEntity
  8
DEMO-BOM
 62
     0
440
 16777216
100
AcDbMText
 10
21.0
 20
-42.60231923601637
 30
0.0
 40
3.0
 41
19.0
 46
0.0
 71
     2
 72
     5
  1
ISO-4017
 73
     1
 44
1.0
  0
MTEXT
  5
47D
330
44C
100
AcDbEntity
  8
DEMO-BOM
 62
     0
440
 16777216
100
AcDbMText
 10
48.0
 20
-42.60231923601637
 30
0.0
 40
3.0
 41
29.0
 46
0.0
 71
     2
 72
     5
  1
HEX BOLT M12
 73
     1
 44
1.0
  0
MTEXT
  5
47E
330
44C
100
AcDbEntity
  8
DEMO-BOM
 62
     0
440
 16777216
100
AcDbMText
 10
68.0
 20
-42.60231923601637
 30
0.0
 40
3.0
 41
5.0
 46
0.0
 71
     2
 72
     5
  1
4
 73
     1
 44
1.0
  0
MTEXT
  5
47F
330
44C
100
AcDbEntity
  8
DEMO-BOM
 62
     0
440
 16777216
100
AcDbMText
 10
81.0
 20
-42.60231923601637
 30
0.0
 40
3.0
 41
15.0
 46
0.0
 71
     2
 72
     5
  1
8.8
 73
     1
 44
1.0
  0
MTEXT
  5
480
330
44C
100
AcDbEntity
  8
DEMO-BOM
 62
     0
440
 16777216
100
AcDbMText
 10
105.0
 20
-42.60231923601637
 30
0.0
 40
3.0
 41
27.0
 46
0.0
 71
     2
 72
     5
  1
STANDARD
 73
     1
 44
1.0
  0
MTEXT
  5
481
330
44C
100
AcDbEntity
  8
DEMO-BOM
 62
     0
440
 16777216
100
AcDbMText
 10
5.0
 20
-53.66780354706685
 30
0.0
 40
3.0
 41
7.0
 46
0.0
 71
     2
 72
     5
  1
5
 73
     1
 44
1.0
  0
MTEXT
  5
482
330
44C
100
AcDbEntity
  8
DEMO-BOM
 62
     0
440
 16777216
100
AcDbMText
 10
21.0
 20
-53.66780354706685
 30
0.0
 40
3.0
 41
19.0
 46
0.0
 71
     2
 72
     5
  1
ISO-4032
 73
     1
 44
1.0
  0
MTEXT
  5
483
330
44C
100
AcDbEntity
  8
DEMO-BOM
 62
     0
440
 16777216
100
AcDbMText
 10
48.0
 20
-53.66780354706685
 30
0.0
 40
3.0
 41
29.0
 46
0.0
 71
     2
 72
     5
  1
HEX NUT M12
 73
     1
 44
1.0
  0
MTEXT
  5
484
330
44C
100
AcDbEntity
  8
DEMO-BOM
 62
     0
440
 16777216
100
AcDbMText
 10
68.0
 20
-53.66780354706685
 30
0.0
 40
3.0
 41
5.0
 46
0.0
 71
     2
 72
     5
  1
4
 73
     1
 44
1.0
  0
MTEXT
  5
485
330
44C
100
AcDbEntity
  8
DEMO-BOM
 62
     0
440
 16777216
100
AcDbMText
 10
81.0
 20
-53.66780354706685
 30
0.0
 40
3.0
 41
15.0
 46
0.0
 71
     2
 72
     5
  1
CLASS 8
 73
     1
 44
1.0
  0
MTEXT
  5
486
330
44C
100
AcDbEntity
  8
DEMO-BOM
 62
     0
440
 16777216
100
AcDbMText
 10
105.0
 20
-53.66780354706685
 30
0.0
 40
3.0
 41
27.0
 46
0.0
 71
     2
 72
     5
  1
STANDARD
 73
     1
 44
1.0
  0
MTEXT
  5
487
330
44C
100
AcDbEntity
  8
DEMO-BOM
 62
     0
440
 16777216
100
AcDbMText
 10
5.0
 20
-64.78240109140518
 30
0.0
 40
3.0
 41
7.0
 46
0.0
 71
     2
 72
     5
  1
6
 73
     1
 44
1.0
  0
MTEXT
  5
488
330
44C
100
AcDbEntity
  8
DEMO-BOM
 62
     0
440
 16777216
100
AcDbMText
 10
21.0
 20
-64.78240109140518
 30
0.0
 40
3.0
 41
19.0
 46
0.0
 71
     2
 72
     5
  1
ISO-7089
 73
     1
 44
1.0
  0
MTEXT
  5
489
330
44C
100
AcDbEntity
  8
DEMO-BOM
 62
     0
440
 16777216
100
AcDbMText
 10
48.0
 20
-64.78240109140518
 30
0.0
 40
3.0
 41
29.0
 46
0.0
 71
     2
 72
     5
  1
WASHER 12
 73
     1
 44
1.0
  0
MTEXT
  5
48A
330
44C
100
AcDbEntity
  8
DEMO-BOM
 62
     0
440
 16777216
100
AcDbMText
 10
68.0
 20
-64.78240109140518
 30
0.0
 40
3.0
 41
5.0
 46
0.0
 71
     2
 72
     5
  1
8
 73
     1
 44
1.0
  0
MTEXT
  5
48B
330
44C
100
AcDbEntity
  8
DEMO-BOM
 62
     0
440
 16777216
100
AcDbMText
 10
81.0
 20
-64.78240109140518
 30
0.0
 40
3.0
 41
15.0
 46
0.0
 71
     2
 72
     5
  1
STEEL
 73
     1
 44
1.0
  0
MTEXT
  5
48C
330
44C
100
AcDbEntity
  8
DEMO-BOM
 62
     0
440
 16777216
100
AcDbMText
 10
105.0
 20
-64.78240109140518
 30
0.0
 40
3.0
 41
27.0
 46
0.0
 71
     2
 72
     5
  1
STANDARD
 73
     1
 44
1.0
  0
MTEXT
  5
48D
330
44C
100
AcDbEntity
  8
DEMO-BOM
 62
     0
440
 16777216
100
AcDbMText
 10
5.0
 20
-71.78240109140517
 30
0.0
 40
3.0
 41
7.0
 46
0.0
 71
     2
 72
     5
  1
7
 73
     1
 44
1.0
  0
MTEXT
  5
48E
330
44C
100
AcDbEntity
  8
DEMO-BOM
 62
     0
440
 16777216
100
AcDbMText
 10
21.0
 20
-71.78240109140517
 30
0.0
 40
3.0
 41
19.0
 46
0.0
 71
     2
 72
     5
  1
FC-007
 73
     1
 44
1.0
  0
MTEXT
  5
48F
330
44C
100
AcDbEntity
  8
DEMO-BOM
 62
     0
440
 16777216
100
AcDbMText
 10
48.0
 20
-71.78240109140517
 30
0.0
 40
3.0
 41
29.0
 46
0.0
 71
     2
 72
     5
  1
GASKET D110
 73
     1
 44
1.0
  0
MTEXT
  5
490
330
44C
100
AcDbEntity
  8
DEMO-BOM
 62
     0
440
 16777216
100
AcDbMText
 10
68.0
 20
-71.78240109140517
 30
0.0
 40
3.0
 41
5.0
 46
0.0
 71
     2
 72
     5
  1
1
 73
     1
 44
1.0
  0
MTEXT
  5
491
330
44C
100
AcDbEntity
  8
DEMO-BOM
 62
     0
440
 16777216
100
AcDbMText
 10
81.0
 20
-71.78240109140517
 30
0.0
 40
3.0
 41
15.0
 46
0.0
 71
     2
 72
     5
  1
NBR
 73
     1
 44
1.0
  0
MTEXT
  5
492
330
44C
100
AcDbEntity
  8
DEMO-BOM
 62
     0
440
 16777216
100
AcDbMText
 10
105.0
 20
-71.78240109140517
 30
0.0
 40
3.0
 41
27.0
 46
0.0
 71
     2
 72
     5
  1
CUT
 73
     1
 44
1.0
  0
MTEXT
  5
493
330
44C
100
AcDbEntity
  8
DEMO-BOM
 62
     0
440
 16777216
100
AcDbMText
 10
5.0
 20
-78.78240109140517
 30
0.0
 40
3.0
 41
7.0
 46
0.0
 71
     2
 72
     5
  1
8
 73
     1
 44
1.0
  0
MTEXT
  5
494
330
44C
100
AcDbEntity
  8
DEMO-BOM
 62
     0
440
 16777216
100
AcDbMText
 10
21.0
 20
-78.78240109140517
 30
0.0
 40
3.0
 41
19.0
 46
0.0
 71
     2
 72
     5
  1
DIN-127
 73
     1
 44
1.0
  0
MTEXT
  5
495
330
44C
100
AcDbEntity
  8
DEMO-BOM
 62
     0
440
 16777216
100
AcDbMText
 10
48.0
 20
-78.78240109140517
 30
0.0
 40
3.0
 41
29.0
 46
0.0
 71
     2
 72
     5
  1
LOCK WASHER
 73
     1
 44
1.0
  0
MTEXT
  5
496
330
44C
100
AcDbEntity
  8
DEMO-BOM
 62
     0
440
 16777216
100
AcDbMText
 10
68.0
 20
-78.78240109140517
 30
0.0
 40
3.0
 41
5.0
 46
0.0
 71
     2
 72
     5
  1
4
 73
     1
 44
1.0
  0
MTEXT
  5
497
330
44C
100
AcDbEntity
  8
DEMO-BOM
 62
     0
440
 16777216
100
AcDbMText
 10
81.0
 20
-78.78240109140517
 30
0.0
 40
3.0
 41
15.0
 46
0.0
 71
     2
 72
     5
  1
SPRING
 73
     1
 44
1.0
  0
MTEXT
  5
498
330
44C
100
AcDbEntity
  8
DEMO-BOM
 62
     0
440
 16777216
100
AcDbMText
 10
105.0
 20
-78.78240109140517
 30
0.0
 40
3.0
 41
27.0
 46
0.0
 71
     2
 72
     5
  1
STANDARD
 73
     1
 44
1.0
  0
LINE
  5
44D
330
44C
100
AcDbEntity
  8
DEMO-BOM
  6
ByBlock
 62
     0
440
 16777216
370
    -2
100
AcDbLine
 10
0.0
 20
0.0
 30
0.0
 11
120.0
 21
0.0
 31
0.0
  0
LINE
  5
44E
330
44C
100
AcDbEntity
  8
DEMO-BOM
  6
ByBlock
 62
     0
440
 16777216
370
    -2
100
AcDbLine
 10
0.0
 20
-8.0
 30
0.0
 11
120.0
 21
-8.0
 31
0.0
  0
LINE
  5
44F
330
44C
100
AcDbEntity
  8
DEMO-BOM
  6
ByBlock
 62
     0
440
 16777216
370
    -2
100
AcDbLine
 10
0.0
 20
-16.0
 30
0.0
 11
120.0
 21
-16.0
 31
0.0
  0
LINE
  5
450
330
44C
100
AcDbEntity
  8
DEMO-BOM
  6
ByBlock
 62
     0
440
 16777216
370
    -2
100
AcDbLine
 10
0.0
 20
-27.10231923601637
 30
0.0
 11
120.0
 21
-27.10231923601637
 31
0.0
  0
LINE
  5
451
330
44C
100
AcDbEntity
  8
DEMO-BOM
  6
ByBlock
 62
     0
440
 16777216
370
    -2
100
AcDbLine
 10
0.0
 20
-34.10231923601637
 30
0.0
 11
120.0
 21
-34.10231923601637
 31
0.0
  0
LINE
  5
454
330
44C
100
AcDbEntity
  8
DEMO-BOM
  6
ByBlock
 62
     0
440
 16777216
370
    -2
100
AcDbLine
 10
0.0
 20
-41.10231923601637
 30
0.0
 11
120.0
 21
-41.10231923601637
 31
0.0
  0
LINE
  5
455
330
44C
100
AcDbEntity
  8
DEMO-BOM
  6
ByBlock
 62
     0
440
 16777216
370
    -2
100
AcDbLine
 10
0.0
 20
-52.16780354706685
 30
0.0
 11
120.0
 21
-52.16780354706685
 31
0.0
  0
LINE
  5
456
330
44C
100
AcDbEntity
  8
DEMO-BOM
  6
ByBlock
 62
     0
440
 16777216
370
    -2
100
AcDbLine
 10
0.0
 20
-63.28240109140518
 30
0.0
 11
120.0
 21
-63.28240109140518
 31
0.0
  0
LINE
  5
457
330
44C
100
AcDbEntity
  8
DEMO-BOM
  6
ByBlock
 62
     0
440
 16777216
370
    -2
100
AcDbLine
 10
0.0
 20
-70.28240109140518
 30
0.0
 11
120.0
 21
-70.28240109140518
 31
0.0
  0
LINE
  5
458
330
44C
100
AcDbEntity
  8
DEMO-BOM
  6
ByBlock
 62
     0
440
 16777216
370
    -2
100
AcDbLine
 10
0.0
 20
-77.28240109140518
 30
0.0
 11
120.0
 21
-77.28240109140518
 31
0.0
  0
LINE
  5
459
330
44C
100
AcDbEntity
  8
DEMO-BOM
  6
ByBlock
 62
     0
440
 16777216
370
    -2
100
AcDbLine
 10
0.0
 20
-88.43792633015004
 30
0.0
 11
120.0
 21
-88.43792633015004
 31
0.0
  0
LINE
  5
45A
330
44C
100
AcDbEntity
  8
DEMO-BOM
  6
ByBlock
 62
     0
440
 16777216
370
    -2
100
AcDbLine
 10
0.0
 20
0.0
 30
0.0
 11
0.0
 21
-88.43792633015004
 31
0.0
  0
LINE
  5
45B
330
44C
100
AcDbEntity
  8
DEMO-BOM
  6
ByBlock
 62
     0
440
 16777216
370
    -2
100
AcDbLine
 10
10.0
 20
-8.0
 30
0.0
 11
10.0
 21
-88.43792633015004
 31
0.0
  0
LINE
  5
45C
330
44C
100
AcDbEntity
  8
DEMO-BOM
  6
ByBlock
 62
     0
440
 16777216
370
    -2
100
AcDbLine
 10
32.0
 20
-8.0
 30
0.0
 11
32.0
 21
-88.43792633015004
 31
0.0
  0
LINE
  5
45D
330
44C
100
AcDbEntity
  8
DEMO-BOM
  6
ByBlock
 62
     0
440
 16777216
370
    -2
100
AcDbLine
 10
64.0
 20
-8.0
 30
0.0
 11
64.0
 21
-88.43792633015004
 31
0.0
  0
LINE
  5
45E
330
44C
100
AcDbEntity
  8
DEMO-BOM
  6
ByBlock
 62
     0
440
 16777216
370
    -2
100
AcDbLine
 10
72.0
 20
-8.0
 30
0.0
 11
72.0
 21
-88.43792633015004
 31
0.0
  0
LINE
  5
45F
330
44C
100
AcDbEntity
  8
DEMO-BOM
  6
ByBlock
 62
     0
440
 16777216
370
    -2
100
AcDbLine
 10
90.0
 20
-8.0
 30
0.0
 11
90.0
 21
-88.43792633015004
 31
0.0
  0
LINE
  5
460
330
44C
100
AcDbEntity
  8
DEMO-BOM
  6
ByBlock
 62
     0
440
 16777216
370
    -2
100
AcDbLine
 10
120.0
 20
0.0
 30
0.0
 11
120.0
 21
-88.43792633015004
 31
0.0
  0
LINE
  5
461
330
44C
100
AcDbEntity
  8
Defpoints
 62
     8
440
 16777216
 60
     1
370
     0
100
AcDbLine
 10
0.0
 20
0.0
 30
0.0
 11
0.0
 21
0.0
 31
0.0
  0
ENDBLK
  5
453
330
44C
100
AcDbEntity
  8
0
100
AcDbBlockEnd
  0
ENDSEC
  0
SECTION
  2
ENTITIES
  0
LWPOLYLINE
  5
2AF
330
1F
100
AcDbEntity
  8
DEMO-BORDER
100
AcDbPolyline
 90
        4
 70
     1
 43
0.0
 10
10.0
 20
10.0
 10
410.0
 20
10.0
 10
410.0
 20
287.0
 10
10.0
 20
287.0
  0
LWPOLYLINE
  5
2B0
330
1F
100
AcDbEntity
  8
DEMO-BORDER
100
AcDbPolyline
 90
        4
 70
     1
 43
0.0
 10
15.0
 20
15.0
 10
405.0
 20
15.0
 10
405.0
 20
282.0
 10
15.0
 20
282.0
  0
TEXT
  5
2B2
330
1F
100
AcDbEntity
  8
DEMO-TEXT
100
AcDbText
 10
82.0
 20
142.0
 30
0.0
 40
3.0
  1
LONGITUDINAL HALF-SECTION A-A
100
AcDbText
  0
TEXT
  5
2B3
330
1F
100
AcDbEntity
  8
DEMO-TEXT
100
AcDbText
 10
90.0
 20
17.0
 30
0.0
 40
3.0
  1
END VIEW
100
AcDbText
  0
TEXT
  5
2B4
330
1F
100
AcDbEntity
  8
DEMO-TEXT
100
AcDbText
 10
158.0
 20
17.0
 30
0.0
 40
3.0
  1
EXPLODED ASSEMBLY SCHEMATIC
100
AcDbText
  0
LWPOLYLINE
  5
2B5
330
1F
100
AcDbEntity
  8
DEMO-BORDER
100
AcDbPolyline
 90
        4
 70
     1
 43
0.0
 10
260.0
 20
10.0
 10
410.0
 20
10.0
 10
410.0
 20
65.0
 10
260.0
 20
65.0
  0
LINE
  5
2B6
330
1F
100
AcDbEntity
  8
DEMO-BORDER
100
AcDbLine
 10
260.0
 20
35.0
 30
0.0
 11
410.0
 21
35.0
 31
0.0
  0
LINE
  5
2B7
330
1F
100
AcDbEntity
  8
DEMO-BORDER
100
AcDbLine
 10
260.0
 20
50.0
 30
0.0
 11
410.0
 21
50.0
 31
0.0
  0
LINE
  5
2B8
330
1F
100
AcDbEntity
  8
DEMO-BORDER
100
AcDbLine
 10
305.0
 20
10.0
 30
0.0
 11
305.0
 21
35.0
 31
0.0
  0
LINE
  5
2B9
330
1F
100
AcDbEntity
  8
DEMO-BORDER
100
AcDbLine
 10
350.0
 20
10.0
 30
0.0
 11
350.0
 21
35.0
 31
0.0
  0
LINE
  5
2BA
330
1F
100
AcDbEntity
  8
DEMO-BORDER
100
AcDbLine
 10
382.0
 20
10.0
 30
0.0
 11
382.0
 21
35.0
 31
0.0
  0
TEXT
  5
2BB
330
1F
100
AcDbEntity
  8
DEMO-TEXT
100
AcDbText
 10
264.0
 20
55.0
 30
0.0
 40
4.0
  1
BOLTED FLANGE COUPLING ASSEMBLY
100
AcDbText
  0
TEXT
  5
2BC
330
1F
100
AcDbEntity
  8
DEMO-TEXT
100
AcDbText
 10
264.0
 20
41.0
 30
0.0
 40
3.0
  1
DWG NO: BCM-DEMO-001
100
AcDbText
  0
TEXT
  5
2BD
330
1F
100
AcDbEntity
  8
DEMO-TEXT
100
AcDbText
 10
263.0
 20
25.0
 30
0.0
 40
2.5
  1
DRAWN: CODEX
100
AcDbText
  0
TEXT
  5
2BE
330
1F
100
AcDbEntity
  8
DEMO-TEXT
100
AcDbText
 10
308.0
 20
25.0
 30
0.0
 40
2.5
  1
CHECK: HUMAN
100
AcDbText
  0
TEXT
  5
2BF
330
1F
100
AcDbEntity
  8
DEMO-TEXT
100
AcDbText
 10
353.0
 20
25.0
 30
0.0
 40
2.5
  1
SCALE 1:1
100
AcDbText
  0
TEXT
  5
2C0
330
1F
100
AcDbEntity
  8
DEMO-TEXT
100
AcDbText
 10
385.0
 20
25.0
 30
0.0
 40
2.5
  1
REV A
100
AcDbText
  0
TEXT
  5
2C1
330
1F
100
AcDbEntity
  8
DEMO-TEXT
100
AcDbText
 10
264.0
 20
15.0
 30
0.0
 40
2.5
  1
UNITS: mm  |  THIRD ANGLE  |  2026-08-10
100
AcDbText
  0
TEXT
  5
2C2
330
1F
100
AcDbEntity
  8
DEMO-CALLOUT
100
AcDbText
 10
264.0
 20
30.0
 30
0.0
 40
2.799999999999999
  1
DEMO - NOT FOR MANUFACTURE
100
AcDbText
  0
LWPOLYLINE
  5
2C3
330
1F
100
AcDbEntity
  8
DEMO-OBJECT
100
AcDbPolyline
 90
        4
 70
     1
 43
0.0
 10
20.0
 20
190.0
 10
130.0
 20
190.0
 10
130.0
 20
230.0
 10
20.0
 20
230.0
  0
LWPOLYLINE
  5
2C4
330
1F
100
AcDbEntity
  8
DEMO-OBJECT
100
AcDbPolyline
 90
        4
 70
     1
 43
0.0
 10
132.0
 20
190.0
 10
250.0
 20
190.0
 10
250.0
 20
230.0
 10
132.0
 20
230.0
  0
LWPOLYLINE
  5
2C5
102
{ACAD_REACTORS
330
2F3
102
}
330
1F
100
AcDbEntity
  8
DEMO-OBJECT
100
AcDbPolyline
 90
        6
 70
     1
 43
0.0
 10
64.0
 20
230.0
 10
64.0
 20
242.5
 10
114.0
 20
242.5
 10
114.0
 20
270.0
 10
130.0
 20
270.0
 10
130.0
 20
230.0
  0
LWPOLYLINE
  5
2C6
102
{ACAD_REACTORS
330
2F4
102
}
330
1F
100
AcDbEntity
  8
DEMO-OBJECT
100
AcDbPolyline
 90
        6
 70
     1
 43
0.0
 10
64.0
 20
190.0
 10
64.0
 20
177.5
 10
114.0
 20
177.5
 10
114.0
 20
150.0
 10
130.0
 20
150.0
 10
130.0
 20
190.0
  0
LWPOLYLINE
  5
2C7
102
{ACAD_REACTORS
330
2F5
102
}
330
1F
100
AcDbEntity
  8
DEMO-OBJECT
100
AcDbPolyline
 90
        6
 70
     1
 43
0.0
 10
132.0
 20
230.0
 10
132.0
 20
270.0
 10
148.0
 20
270.0
 10
148.0
 20
242.5
 10
198.0
 20
242.5
 10
198.0
 20
230.0
  0
LWPOLYLINE
  5
2C8
102
{ACAD_REACTORS
330
2F6
102
}
330
1F
100
AcDbEntity
  8
DEMO-OBJECT
100
AcDbPolyline
 90
        6
 70
     1
 43
0.0
 10
132.0
 20
190.0
 10
132.0
 20
150.0
 10
148.0
 20
150.0
 10
148.0
 20
177.5
 10
198.0
 20
177.5
 10
198.0
 20
190.0
  0
LWPOLYLINE
  5
2C9
102
{ACAD_REACTORS
330
2F7
102
}
330
1F
100
AcDbEntity
  8
DEMO-OBJECT
100
AcDbPolyline
 90
        4
 70
     1
 43
0.0
 10
130.0
 20
230.0
 10
132.0
 20
230.0
 10
132.0
 20
265.0
 10
130.0
 20
265.0
  0
LWPOLYLINE
  5
2CA
102
{ACAD_REACTORS
330
2F8
102
}
330
1F
100
AcDbEntity
  8
DEMO-OBJECT
100
AcDbPolyline
 90
        4
 70
     1
 43
0.0
 10
130.0
 20
155.0
 10
132.0
 20
155.0
 10
132.0
 20
190.0
 10
130.0
 20
190.0
  0
LWPOLYLINE
  5
2CB
330
1F
100
AcDbEntity
  8
DEMO-OBJECT
100
AcDbPolyline
 90
        4
 70
     1
 43
0.0
 10
55.0
 20
230.0
 10
125.0
 20
230.0
 10
125.0
 20
238.0
 10
55.0
 20
238.0
  0
LWPOLYLINE
  5
2CC
330
1F
100
AcDbEntity
  8
DEMO-OBJECT
100
AcDbPolyline
 90
        4
 70
     1
 43
0.0
 10
137.0
 20
230.0
 10
207.0
 20
230.0
 10
207.0
 20
238.0
 10
137.0
 20
238.0
  0
LINE
  5
2CD
330
1F
100
AcDbEntity
  8
DEMO-CENTER
100
AcDbLine
 10
15.0
 20
210.0
 30
0.0
 11
255.0
 21
210.0
 31
0.0
  0
LINE
  5
2CE
330
1F
100
AcDbEntity
  8
DEMO-CENTER
100
AcDbLine
 10
131.0
 20
140.0
 30
0.0
 11
131.0
 21
278.0
 31
0.0
  0
LWPOLYLINE
  5
2CF
330
1F
100
AcDbEntity
  8
DEMO-OBJECT
100
AcDbPolyline
 90
        4
 70
     1
 43
0.0
 10
104.0
 20
162.0
 10
158.0
 20
162.0
 10
158.0
 20
168.0
 10
104.0
 20
168.0
  0
LWPOLYLINE
  5
2D0
330
1F
100
AcDbEntity
  8
DEMO-OBJECT
100
AcDbPolyline
 90
        4
 70
     1
 43
0.0
 10
104.0
 20
252.0
 10
158.0
 20
252.0
 10
158.0
 20
258.0
 10
104.0
 20
258.0
  0
LWPOLYLINE
  5
2D1
330
1F
100
AcDbEntity
  8
DEMO-OBJECT
100
AcDbPolyline
 90
        6
 70
     1
 43
0.0
 10
110.9282032302755
 20
169.0
 10
104.0
 20
173.0
 10
97.07179676972449
 20
169.0
 10
97.07179676972449
 20
161.0
 10
104.0
 20
157.0
 10
110.9282032302755
 20
161.0
  0
LWPOLYLINE
  5
2D2
330
1F
100
AcDbEntity
  8
DEMO-OBJECT
100
AcDbPolyline
 90
        6
 70
     1
 43
0.0
 10
110.9282032302755
 20
259.0
 10
104.0
 20
263.0
 10
97.07179676972449
 20
259.0
 10
97.07179676972449
 20
251.0
 10
104.0
 20
247.0
 10
110.9282032302755
 20
251.0
  0
LWPOLYLINE
  5
2D3
330
1F
100
AcDbEntity
  8
DEMO-OBJECT
100
AcDbPolyline
 90
        6
 70
     1
 43
0.0
 10
164.9282032302755
 20
169.0
 10
158.0
 20
173.0
 10
151.0717967697245
 20
169.0
 10
151.0717967697245
 20
161.0
 10
158.0
 20
157.0
 10
164.9282032302755
 20
161.0
  0
LWPOLYLINE
  5
2D4
330
1F
100
AcDbEntity
  8
DEMO-OBJECT
100
AcDbPolyline
 90
        6
 70
     1
 43
0.0
 10
164.9282032302755
 20
259.0
 10
158.0
 20
263.0
 10
151.0717967697245
 20
259.0
 10
151.0717967697245
 20
251.0
 10
158.0
 20
247.0
 10
164.9282032302755
 20
251.0
  0
LWPOLYLINE
  5
2D5
330
1F
100
AcDbEntity
  8
DEMO-OBJECT
100
AcDbPolyline
 90
        4
 70
     1
 43
0.0
 10
111.0
 20
157.0
 10
114.0
 20
157.0
 10
114.0
 20
173.0
 10
111.0
 20
173.0
  0
LWPOLYLINE
  5
2D6
330
1F
100
AcDbEntity
  8
DEMO-OBJECT
100
AcDbPolyline
 90
        4
 70
     1
 43
0.0
 10
111.0
 20
247.0
 10
114.0
 20
247.0
 10
114.0
 20
263.0
 10
111.0
 20
263.0
  0
LWPOLYLINE
  5
2D7
330
1F
100
AcDbEntity
  8
DEMO-OBJECT
100
AcDbPolyline
 90
        4
 70
     1
 43
0.0
 10
148.0
 20
157.0
 10
151.0
 20
157.0
 10
151.0
 20
173.0
 10
148.0
 20
173.0
  0
LWPOLYLINE
  5
2D8
330
1F
100
AcDbEntity
  8
DEMO-OBJECT
100
AcDbPolyline
 90
        4
 70
     1
 43
0.0
 10
148.0
 20
247.0
 10
151.0
 20
247.0
 10
151.0
 20
263.0
 10
148.0
 20
263.0
  0
LWPOLYLINE
  5
2D9
330
1F
100
AcDbEntity
  8
DEMO-OBJECT
100
AcDbPolyline
 90
        4
 70
     1
 43
0.0
 10
145.0
 20
158.0
 10
147.0
 20
158.0
 10
147.0
 20
172.0
 10
145.0
 20
172.0
  0
LWPOLYLINE
  5
2DA
330
1F
100
AcDbEntity
  8
DEMO-OBJECT
100
AcDbPolyline
 90
        4
 70
     1
 43
0.0
 10
145.0
 20
248.0
 10
147.0
 20
248.0
 10
147.0
 20
262.0
 10
145.0
 20
262.0
  0
CIRCLE
  5
2DB
330
1F
100
AcDbEntity
  8
DEMO-OBJECT
100
AcDbCircle
 10
85.0
 20
80.0
 30
0.0
 40
60.0
  0
CIRCLE
  5
2DC
330
1F
100
AcDbEntity
  8
DEMO-OBJECT
100
AcDbCircle
 10
85.0
 20
80.0
 30
0.0
 40
32.5
  0
CIRCLE
  5
2DD
330
1F
100
AcDbEntity
  8
DEMO-OBJECT
100
AcDbCircle
 10
85.0
 20
80.0
 30
0.0
 40
20.0
  0
CIRCLE
  5
2DE
330
1F
100
AcDbEntity
  8
DEMO-HIDDEN
100
AcDbCircle
 10
85.0
 20
80.0
 30
0.0
 40
55.0
  0
CIRCLE
  5
2DF
330
1F
100
AcDbEntity
  8
DEMO-CENTER
100
AcDbCircle
 10
85.0
 20
80.0
 30
0.0
 40
45.0
  0
LINE
  5
2E0
330
1F
100
AcDbEntity
  8
DEMO-CENTER
100
AcDbLine
 10
15.0
 20
80.0
 30
0.0
 11
150.0
 21
80.0
 31
0.0
  0
LINE
  5
2E1
330
1F
100
AcDbEntity
  8
DEMO-CENTER
100
AcDbLine
 10
85.0
 20
15.0
 30
0.0
 11
85.0
 21
145.0
 31
0.0
  0
CIRCLE
  5
2E2
330
1F
100
AcDbEntity
  8
DEMO-OBJECT
100
AcDbCircle
 10
85.0
 20
125.0
 30
0.0
 40
6.0
  0
CIRCLE
  5
2E3
330
1F
100
AcDbEntity
  8
DEMO-OBJECT
100
AcDbCircle
 10
39.99999999999999
 20
79.99999999999999
 30
0.0
 40
6.000000000000001
  0
CIRCLE
  5
2E4
330
1F
100
AcDbEntity
  8
DEMO-OBJECT
100
AcDbCircle
 10
84.99999999999998
 20
35.00000000000002
 30
0.0
 40
6.0
  0
CIRCLE
  5
2E5
330
1F
100
AcDbEntity
  8
DEMO-OBJECT
100
AcDbCircle
 10
130.0
 20
79.99999999999997
 30
0.0
 40
6.0
  0
LWPOLYLINE
  5
2E6
330
1F
100
AcDbEntity
  8
DEMO-OBJECT
100
AcDbPolyline
 90
        4
 70
     1
 43
0.0
 10
79.0
 20
97.0
 10
91.0
 20
97.0
 10
91.0
 20
105.0
 10
79.0
 20
105.0
  0
LINE
  5
2E7
330
1F
100
AcDbEntity
  8
DEMO-CENTER
100
AcDbLine
 10
152.0
 20
80.0
 30
0.0
 11
258.0
 21
80.0
 31
0.0
  0
LWPOLYLINE
  5
2E8
330
1F
100
AcDbEntity
  8
DEMO-OBJECT
100
AcDbPolyline
 90
        4
 70
     1
 43
0.0
 10
155.0
 20
70.0
 10
178.0
 20
70.0
 10
178.0
 20
90.0
 10
155.0
 20
90.0
  0
LWPOLYLINE
  5
2E9
330
1F
100
AcDbEntity
  8
DEMO-OBJECT
100
AcDbPolyline
 90
        8
 70
     1
 43
0.0
 10
178.0
 20
68.0
 10
188.0
 20
68.0
 10
188.0
 20
52.0
 10
196.0
 20
52.0
 10
196.0
 20
108.0
 10
188.0
 20
108.0
 10
188.0
 20
92.0
 10
178.0
 20
92.0
  0
LWPOLYLINE
  5
2EA
330
1F
100
AcDbEntity
  8
DEMO-OBJECT
100
AcDbPolyline
 90
        4
 70
     1
 43
0.0
 10
204.0
 20
54.0
 10
206.0
 20
54.0
 10
206.0
 20
106.0
 10
204.0
 20
106.0
  0
LWPOLYLINE
  5
2EB
330
1F
100
AcDbEntity
  8
DEMO-OBJECT
100
AcDbPolyline
 90
        8
 70
     1
 43
0.0
 10
214.0
 20
52.0
 10
222.0
 20
52.0
 10
222.0
 20
68.0
 10
232.0
 20
68.0
 10
232.0
 20
92.0
 10
222.0
 20
92.0
 10
222.0
 20
108.0
 10
214.0
 20
108.0
  0
LWPOLYLINE
  5
2EC
330
1F
100
AcDbEntity
  8
DEMO-OBJECT
100
AcDbPolyline
 90
        4
 70
     1
 43
0.0
 10
232.0
 20
70.0
 10
255.0
 20
70.0
 10
255.0
 20
90.0
 10
232.0
 20
90.0
  0
LWPOLYLINE
  5
2ED
330
1F
100
AcDbEntity
  8
DEMO-OBJECT
100
AcDbPolyline
 90
        4
 70
     1
 43
0.0
 10
164.0
 20
90.0
 10
188.0
 20
90.0
 10
188.0
 20
94.0
 10
164.0
 20
94.0
  0
LWPOLYLINE
  5
2EE
330
1F
100
AcDbEntity
  8
DEMO-OBJECT
100
AcDbPolyline
 90
        4
 70
     1
 43
0.0
 10
222.0
 20
90.0
 10
244.0
 20
90.0
 10
244.0
 20
94.0
 10
222.0
 20
94.0
  0
CIRCLE
  5
2EF
330
1F
100
AcDbEntity
  8
DEMO-OBJECT
100
AcDbCircle
 10
200.0
 20
80.0
 30
0.0
 40
3.0
  0
CIRCLE
  5
2F0
330
1F
100
AcDbEntity
  8
DEMO-OBJECT
100
AcDbCircle
 10
200.0
 20
80.0
 30
0.0
 40
5.0
  0
CIRCLE
  5
2F1
330
1F
100
AcDbEntity
  8
DEMO-OBJECT
100
AcDbCircle
 10
210.0
 20
80.0
 30
0.0
 40
3.0
  0
CIRCLE
  5
2F2
330
1F
100
AcDbEntity
  8
DEMO-OBJECT
100
AcDbCircle
 10
210.0
 20
80.0
 30
0.0
 40
5.0
  0
HATCH
  5
2F3
330
1F
100
AcDbEntity
  8
DEMO-HATCH-A
100
AcDbHatch
 10
0.0
 20
0.0
 30
0.0
210
0.0
220
0.0
230
1.0
  2
ANSI31
 70
     0
 71
     1
 91
        1
 92
        1
 93
        6
 72
     1
 10
64.0
 20
230.0
 11
64.0
 21
242.5
 72
     1
 10
64.0
 20
242.5
 11
114.0
 21
242.5
 72
     1
 10
114.0
 20
242.5
 11
114.0
 21
270.0
 72
     1
 10
114.0
 20
270.0
 11
130.0
 21
270.0
 72
     1
 10
130.0
 20
270.0
 11
130.0
 21
230.0
 72
     1
 10
130.0
 20
230.0
 11
64.0
 21
230.0
 97
        1
330
2C5
 75
     0
 76
     1
 52
0.0
 41
1.0
 77
     0
 78
     1
 53
45.0
 43
0.0
 44
0.0
 45
-2.245064030267288
 46
2.245064030267288
 79
     0
 98
        1
 10
0.0
 20
0.0
  0
HATCH
  5
2F4
330
1F
100
AcDbEntity
  8
DEMO-HATCH-A
100
AcDbHatch
 10
0.0
 20
0.0
 30
0.0
210
0.0
220
0.0
230
1.0
  2
ANSI31
 70
     0
 71
     1
 91
        1
 92
        1
 93
        6
 72
     1
 10
64.0
 20
190.0
 11
64.0
 21
177.5
 72
     1
 10
64.0
 20
177.5
 11
114.0
 21
177.5
 72
     1
 10
114.0
 20
177.5
 11
114.0
 21
150.0
 72
     1
 10
114.0
 20
150.0
 11
130.0
 21
150.0
 72
     1
 10
130.0
 20
150.0
 11
130.0
 21
190.0
 72
     1
 10
130.0
 20
190.0
 11
64.0
 21
190.0
 97
        1
330
2C6
 75
     0
 76
     1
 52
0.0
 41
1.0
 77
     0
 78
     1
 53
45.0
 43
0.0
 44
0.0
 45
-2.245064030267288
 46
2.245064030267288
 79
     0
 98
        1
 10
0.0
 20
0.0
  0
HATCH
  5
2F5
330
1F
100
AcDbEntity
  8
DEMO-HATCH-B
100
AcDbHatch
 10
0.0
 20
0.0
 30
0.0
210
0.0
220
0.0
230
1.0
  2
ANSI32
 70
     0
 71
     1
 91
        1
 92
        1
 93
        6
 72
     1
 10
132.0
 20
230.0
 11
132.0
 21
270.0
 72
     1
 10
132.0
 20
270.0
 11
148.0
 21
270.0
 72
     1
 10
148.0
 20
270.0
 11
148.0
 21
242.5
 72
     1
 10
148.0
 20
242.5
 11
198.0
 21
242.5
 72
     1
 10
198.0
 20
242.5
 11
198.0
 21
230.0
 72
     1
 10
198.0
 20
230.0
 11
132.0
 21
230.0
 97
        1
330
2C7
 75
     0
 76
     1
 52
0.0
 41
1.0
 77
     0
 78
     2
 53
45.0
 43
0.0
 44
0.0
 45
-6.735192090801866
 46
6.735192090801866
 79
     0
 53
45.0
 43
4.49013
 44
0.0
 45
-6.735192090801866
 46
6.735192090801866
 79
     0
 98
        1
 10
0.0
 20
0.0
  0
HATCH
  5
2F6
330
1F
100
AcDbEntity
  8
DEMO-HATCH-B
100
AcDbHatch
 10
0.0
 20
0.0
 30
0.0
210
0.0
220
0.0
230
1.0
  2
ANSI32
 70
     0
 71
     1
 91
        1
 92
        1
 93
        6
 72
     1
 10
132.0
 20
190.0
 11
132.0
 21
150.0
 72
     1
 10
132.0
 20
150.0
 11
148.0
 21
150.0
 72
     1
 10
148.0
 20
150.0
 11
148.0
 21
177.5
 72
     1
 10
148.0
 20
177.5
 11
198.0
 21
177.5
 72
     1
 10
198.0
 20
177.5
 11
198.0
 21
190.0
 72
     1
 10
198.0
 20
190.0
 11
132.0
 21
190.0
 97
        1
330
2C8
 75
     0
 76
     1
 52
0.0
 41
1.0
 77
     0
 78
     2
 53
45.0
 43
0.0
 44
0.0
 45
-6.735192090801866
 46
6.735192090801866
 79
     0
 53
45.0
 43
4.49013
 44
0.0
 45
-6.735192090801866
 46
6.735192090801866
 79
     0
 98
        1
 10
0.0
 20
0.0
  0
HATCH
  5
2F7
330
1F
100
AcDbEntity
  8
DEMO-HATCH-B
100
AcDbHatch
 10
0.0
 20
0.0
 30
0.0
210
0.0
220
0.0
230
1.0
  2
ANSI32
 70
     0
 71
     1
 91
        1
 92
        1
 93
        4
 72
     1
 10
130.0
 20
230.0
 11
132.0
 21
230.0
 72
     1
 10
132.0
 20
230.0
 11
132.0
 21
265.0
 72
     1
 10
132.0
 20
265.0
 11
130.0
 21
265.0
 72
     1
 10
130.0
 20
265.0
 11
130.0
 21
230.0
 97
        1
330
2C9
 75
     0
 76
     1
 52
0.0
 41
1.0
 77
     0
 78
     2
 53
45.0
 43
0.0
 44
0.0
 45
-6.735192090801866
 46
6.735192090801866
 79
     0
 53
45.0
 43
4.49013
 44
0.0
 45
-6.735192090801866
 46
6.735192090801866
 79
     0
 98
        1
 10
0.0
 20
0.0
  0
HATCH
  5
2F8
330
1F
100
AcDbEntity
  8
DEMO-HATCH-B
100
AcDbHatch
 10
0.0
 20
0.0
 30
0.0
210
0.0
220
0.0
230
1.0
  2
ANSI32
 70
     0
 71
     1
 91
        1
 92
        1
 93
        4
 72
     1
 10
130.0
 20
155.0
 11
132.0
 21
155.0
 72
     1
 10
132.0
 20
155.0
 11
132.0
 21
190.0
 72
     1
 10
132.0
 20
190.0
 11
130.0
 21
190.0
 72
     1
 10
130.0
 20
190.0
 11
130.0
 21
155.0
 97
        1
330
2CA
 75
     0
 76
     1
 52
0.0
 41
1.0
 77
     0
 78
     2
 53
45.0
 43
0.0
 44
0.0
 45
-6.735192090801866
 46
6.735192090801866
 79
     0
 53
45.0
 43
4.49013
 44
0.0
 45
-6.735192090801866
 46
6.735192090801866
 79
     0
 98
        1
 10
0.0
 20
0.0
  0
DIMENSION
  5
2F9
330
1F
100
AcDbEntity
  8
DEMO-DIM
100
AcDbDimension
280
     0
  2
*D1
 10
250.0
 20
280.0
 30
0.0
 11
135.0
 21
281.9022851296044
 31
0.0
 70
    33
 71
     5
 42
230.0
 73
     0
 74
     0
 75
     0
  3
ISO-25
100
AcDbAlignedDimension
 13
20.0
 23
190.0
 33
0.0
 14
250.0
 24
190.0
 34
0.0
  0
DIMENSION
  5
32D
330
1F
100
AcDbEntity
  8
DEMO-DIM
100
AcDbDimension
280
     0
  2
*D2
 10
12.0
 20
270.0000000000001
 30
0.0
 11
10.02864938608466
 21
210.0
 31
0.0
 70
    33
  1
%%c120
 71
     5
 42
120.0
 73
     0
 74
     0
 75
     0
  3
ISO-25
100
AcDbAlignedDimension
 13
130.0
 23
150.0
 33
0.0
 14
130.0
 24
270.0
 34
0.0
  0
DIMENSION
  5
368
330
1F
100
AcDbEntity
  8
DEMO-DIM
100
AcDbDimension
280
     0
  2
*D3
 10
48.00000000000007
 20
242.5000000000001
 30
0.0
 11
46.02864938608472
 21
210.0
 31
0.0
 70
    33
  1
%%c65
 71
     5
 42
65.00000000000006
 73
     0
 74
     0
 75
     0
  3
ISO-25
100
AcDbAlignedDimension
 13
64.0
 23
177.5
 33
0.0
 14
64.0
 24
242.5
 34
0.0
  0
DIMENSION
  5
3A3
330
1F
100
AcDbEntity
  8
DEMO-DIM
100
AcDbDimension
280
     0
  2
*D4
 10
114.0
 20
263.0
 30
0.0
 11
89.0
 21
264.9014324693042
 31
0.0
 70
    33
 71
     5
 42
50.0
 73
     0
 74
     0
 75
     0
  3
ISO-25
100
AcDbAlignedDimension
 13
64.0
 23
242.5
 33
0.0
 14
114.0
 24
242.5
 34
0.0
  0
DIMENSION
  5
3D5
330
1F
100
AcDbEntity
  8
DEMO-DIM
100
AcDbDimension
280
     0
  2
*D5
 10
130.0
 20
278.0
 30
0.0
 11
122.0
 21
279.9014324693042
 31
0.0
 70
    33
 71
     5
 42
16.0
 73
     0
 74
     0
 75
     0
  3
ISO-25
100
AcDbAlignedDimension
 13
114.0
 23
270.0
 33
0.0
 14
130.0
 24
270.0
 34
0.0
  0
DIMENSION
  5
407
330
1F
100
AcDbEntity
  8
DEMO-DIM
100
AcDbDimension
280
     0
  2
*D6
 10
105.0
 20
80.0
 30
0.0
 11
49.0
 21
80.0
 31
0.0
 70
   163
 71
     5
 42
40.0
 73
     0
 74
     0
 75
     0
  3
ISO-25
100
AcDbDiametricDimension
 15
65.0
 25
80.0
 35
0.0
 40
0.0
  0
DIMENSION
  5
420
330
1F
100
AcDbEntity
  8
DEMO-DIM
100
AcDbDimension
280
     0
  2
*D7
 10
130.0
 20
80.0
 30
0.0
 11
46.0
 21
92.0
 31
0.0
 70
   163
  1
4x %%c12 ON %%c90 PCD
 71
     5
 42
90.0
 73
     0
 74
     0
 75
     0
  3
ISO-25
100
AcDbDiametricDimension
 15
40.0
 25
80.0
 35
0.0
 40
0.0
1001
ACAD
1000
DSTYLE
1002
{
1070
   279
1070
     2
1002
}
  0
MULTILEADER
  5
441
330
1F
100
AcDbEntity
  8
DEMO-CALLOUT
160
               632
310
78020000180000000C00000016000000000000C00C00000033000000000000000C00000013000000993A0000B400000026000000894D8A040F5958408C46AEF1BC0F7140000000000000000000000000000000000000000000000000000000000000F03F000000000000F03F00000000000000000000000000000000310000
310
0001000000010000000000000000001040000000000000F03F0000000000000000000000000000F03F00000000000000000000000000000000000000000000000000000000010000002200000041007200690061006C000000000000000000F0E60C00000033000000000000000C000000100000000A0000000C0000001600
310
0000000000C00C00000012000000FF7F00000C00000013000000010000000C0000001400000001000000540000000700000003000000302BAB951BAE5C403D55B2872966704000000000000000000000000000805D4000000000004070400000000000000000F3D5F80DF2875C409F2AD9C31453704000000000000000000C
310
00000014000000010000000C00000013000000891300003C00000006000000020000009100D2D1069B5C40EEBFC5259F5C704000000000000000000000000000005640000000000030714000000000000000000C00000013000000112700003C00000006000000020000000000000000005640000000000030714000000000
310
000000000000000000005840000000000030714000000000000000000C00000016000000000000C00C00000012000000FF7F00000C00000017000000000000000C000000130000009A3A00000C00000016000000000000C00C00000012000000FF7F00000C00000017000000FFFFFFFF0C0000003300000000000000
100
AcDbMLeader
270
     2
300
CONTEXT_DATA{
 40
1.0
 10
96.0
 20
275.0
 30
0.0
 41
4.0
140
4.0
145
2.0
174
     1
175
     1
176
     0
177
     0
290
     1
304
1
 11
0.0
 21
0.0
 31
1.0
340
11
 12
98.0
 22
277.0
 32
0.0
 13
1.0
 23
0.0
 33
0.0
 42
0.0
 43
0.0
 44
0.0
 45
1.0
170
     1
 90
-1073741824
171
     1
172
     5
 91
-1073741824
141
0.0
 92
        0
291
     0
292
     0
173
     0
293
     0
142
0.0
143
0.0
294
     0
295
     0
296
     0
110
0.0
120
0.0
130
0.0
111
1.0
121
0.0
131
0.0
112
0.0
122
1.0
132
0.0
297
     0
302
LEADER{
290
     1
291
     1
 10
88.0
 20
275.0
 30
0.0
 11
1.0
 21
0.0
 31
0.0
 90
        0
 40
8.0
304
LEADER_LINE{
 10
118.0
 20
260.0
 30
0.0
 91
        0
305
}
271
     0
303
}
272
     9
273
     9
301
}
340
12E
 90
   295936
170
     1
 91
-1056964608
341
14
171
    -2
290
     1
291
     1
 41
8.0
 42
4.0
172
     2
343
11
173
     1
 95
        1
174
     1
175
     0
 92
-1073741824
292
     0
 93
-1056964608
 10
1.0
 20
1.0
 30
1.0
 43
0.0
176
     0
293
     0
294
     0
178
     0
179
     1
 45
1.0
271
     0
272
     9
273
     9
295
     0
1001
ACAD_MLEADERVER
1070
     2
  0
MULTILEADER
  5
442
330
1F
100
AcDbEntity
  8
DEMO-CALLOUT
160
               632
310
78020000180000000C00000016000000000000C00C00000033000000000000000C00000013000000993A0000B400000026000000E00B76860BEB4040198D5CE379FF6E40000000000000000000000000000000000000000000000000000000000000F03F000000000000F03F00000000000000000000000000000000320000
310
0001000000010000000000000000001040000000000000F03F0000000000000000000000000000F03F00000000000000000000000000000000000000000000000000000000010000002200000041007200690061006C000000000000000000F0E60C00000033000000000000000C000000100000000A0000000C0000001600
310
0000000000C00C00000012000000FF7F00000C00000013000000010000000C0000001400000001000000540000000700000003000000EA219A2C07D440404A2207C36F3A6D40000000000000000000000000008041400000000000C06C4000000000000000000E778FB77C3E4040FFDD88ECDF256D4000000000000000000C
310
00000014000000010000000C00000013000000891300003C00000006000000020000007CCC14F2418940402500C8D727306D40000000000000000000000000000038400000000000406F4000000000000000000C00000013000000112700003C000000060000000200000000000000000038400000000000406F4000000000
310
0000000000000000000040400000000000406F4000000000000000000C00000016000000000000C00C00000012000000FF7F00000C00000017000000000000000C000000130000009A3A00000C00000016000000000000C00C00000012000000FF7F00000C00000017000000FFFFFFFF0C0000003300000000000000
100
AcDbMLeader
270
     2
300
CONTEXT_DATA{
 40
1.0
 10
32.0
 20
250.0
 30
0.0
 41
4.0
140
4.0
145
2.0
174
     1
175
     1
176
     0
177
     0
290
     1
304
2
 11
0.0
 21
0.0
 31
1.0
340
11
 12
34.0
 22
252.0
 32
0.0
 13
1.0
 23
0.0
 33
0.0
 42
0.0
 43
0.0
 44
0.0
 45
1.0
170
     1
 90
-1073741824
171
     1
172
     5
 91
-1073741824
141
0.0
 92
        0
291
     0
292
     0
173
     0
293
     0
142
0.0
143
0.0
294
     0
295
     0
296
     0
110
0.0
120
0.0
130
0.0
111
1.0
121
0.0
131
0.0
112
0.0
122
1.0
132
0.0
297
     0
302
LEADER{
290
     1
291
     1
 10
24.0
 20
250.0
 30
0.0
 11
1.0
 21
0.0
 31
0.0
 90
        0
 40
8.0
304
LEADER_LINE{
 10
35.0
 20
230.0
 30
0.0
 91
        0
305
}
271
     0
303
}
272
     9
273
     9
301
}
340
12E
 90
   295936
170
     1
 91
-1056964608
341
14
171
    -2
290
     1
291
     1
 41
8.0
 42
4.0
172
     2
343
11
173
     1
 95
        1
174
     1
175
     0
 92
-1073741824
292
     0
 93
-1056964608
 10
1.0
 20
1.0
 30
1.0
 43
0.0
176
     0
293
     0
294
     0
178
     0
179
     1
 45
1.0
271
     0
272
     9
273
     9
295
     0
1001
ACAD_MLEADERVER
1070
     2
  0
MULTILEADER
  5
443
330
1F
100
AcDbEntity
  8
DEMO-CALLOUT
160
               632
310
78020000180000000C00000016000000000000C00C00000033000000000000000C00000013000000993A0000B4000000260000007277B275FBF050405C585F3B4E007040000000000000000000000000000000000000000000000000000000000000F03F000000000000F03F00000000000000000000000000000000330000
310
0001000000010000000000000000001040000000000000F03F0000000000000000000000000000F03F00000000000000000000000000000000000000000000000000000000010000002200000041007200690061006C000000000000000000F0E60C00000033000000000000000C000000100000000A0000000C0000001600
310
0000000000C00C00000012000000FF7F00000C00000013000000010000000C00000014000000010000005400000007000000030000000FA8C9C07D9454407BA1D67964E16D40000000000000000000000000004055400000000000806D400000000000000000E8519BA5965E5440FA60B4D750C06D4000000000000000000C
310
00000014000000010000000C00000013000000891300003C0000000600000002000000FB7C32338A7954403B81C5A8DAD06D4000000000000000000000000000004D40000000000020704000000000000000000C00000013000000112700003C00000006000000020000000000000000004D40000000000020704000000000
310
000000000000000000805040000000000020704000000000000000000C00000016000000000000C00C00000012000000FF7F00000C00000017000000000000000C000000130000009A3A00000C00000016000000000000C00C00000012000000FF7F00000C00000017000000FFFFFFFF0C0000003300000000000000
100
AcDbMLeader
270
     2
300
CONTEXT_DATA{
 40
1.0
 10
66.0
 20
258.0
 30
0.0
 41
4.0
140
4.0
145
2.0
174
     1
175
     1
176
     0
177
     0
290
     1
304
3
 11
0.0
 21
0.0
 31
1.0
340
11
 12
68.0
 22
260.0354706684857
 32
0.0
 13
1.0
 23
0.0
 33
0.0
 42
0.0
 43
0.0
 44
0.0
 45
1.0
170
     1
 90
-1073741824
171
     1
172
     5
 91
-1073741824
141
0.0
 92
        0
291
     0
292
     0
173
     0
293
     0
142
0.0
143
0.0
294
     0
295
     0
296
     0
110
0.0
120
0.0
130
0.0
111
1.0
121
0.0
131
0.0
112
0.0
122
1.0
132
0.0
297
     0
302
LEADER{
290
     1
291
     1
 10
58.0
 20
258.0
 30
0.0
 11
1.0
 21
0.0
 31
0.0
 90
        0
 40
8.0
304
LEADER_LINE{
 10
85.0
 20
236.0
 30
0.0
 91
        0
305
}
271
     0
303
}
272
     9
273
     9
301
}
340
12E
 90
   295936
170
     1
 91
-1056964608
341
14
171
    -2
290
     1
291
     1
 41
8.0
 42
4.0
172
     2
343
11
173
     1
 95
        1
174
     1
175
     0
 92
-1073741824
292
     0
 93
-1056964608
 10
1.0
 20
1.0
 30
1.0
 43
0.0
176
     0
293
     0
294
     0
178
     0
179
     1
 45
1.0
271
     0
272
     9
273
     9
295
     0
1001
ACAD_MLEADERVER
1070
     2
  0
MULTILEADER
  5
444
330
1F
100
AcDbEntity
  8
DEMO-CALLOUT
160
               632
310
78020000180000000C00000016000000000000C00C00000033000000000000000C00000013000000993A0000B400000026000000C1B83BD9BAFD65400000000000107140000000000000000000000000000000000000000000000000000000000000F03F000000000000F03F00000000000000000000000000000000340000
310
0001000000010000000000000000001040000000000000F03F0000000000000000000000000000F03F00000000000000000000000000000000000000000000000000000000010000002200000041007200690061006C000000000000000000F0E60C00000033000000000000000C000000100000000A0000000C0000001600
310
0000000000C00C00000012000000FF7F00000C00000013000000010000000C00000014000000010000005400000007000000030000007ED4BFA440BA60402CB7DCBDC1057040000000000000000000000000004060400000000000E06F40000000000000000023ACB02088A56040E4C150CE6718704000000000000000000C
310
00000014000000010000000C00000013000000891300003C00000006000000020000005040B862E4AF604088BC16C6140F704000000000000000000000000000C06440000000000030714000000000000000000C00000013000000112700003C00000006000000020000000000000000C06440000000000030714000000000
310
000000000000000000C06540000000000030714000000000000000000C00000016000000000000C00C00000012000000FF7F00000C00000017000000000000000C000000130000009A3A00000C00000016000000000000C00C00000012000000FF7F00000C00000017000000FFFFFFFF0C0000003300000000000000
100
AcDbMLeader
270
     2
300
CONTEXT_DATA{
 40
1.0
 10
174.0
 20
275.0
 30
0.0
 41
4.0
140
4.0
145
2.0
174
     1
175
     1
176
     0
177
     0
290
     1
304
4
 11
0.0
 21
0.0
 31
1.0
340
11
 12
176.0
 22
277.0
 32
0.0
 13
1.0
 23
0.0
 33
0.0
 42
0.0
 43
0.0
 44
0.0
 45
1.0
170
     1
 90
-1073741824
171
     1
172
     5
 91
-1073741824
141
0.0
 92
        0
291
     0
292
     0
173
     0
293
     0
142
0.0
143
0.0
294
     0
295
     0
296
     0
110
0.0
120
0.0
130
0.0
111
1.0
121
0.0
131
0.0
112
0.0
122
1.0
132
0.0
297
     0
302
LEADER{
290
     1
291
     1
 10
166.0
 20
275.0
 30
0.0
 11
1.0
 21
0.0
 31
0.0
 90
        0
 40
8.0
304
LEADER_LINE{
 10
130.0
 20
255.0
 30
0.0
 91
        0
305
}
271
     0
303
}
272
     9
273
     9
301
}
340
12E
 90
   295936
170
     1
 91
-1056964608
341
14
171
    -2
290
     1
291
     1
 41
8.0
 42
4.0
172
     2
343
11
173
     1
 95
        1
174
     1
175
     0
 92
-1073741824
292
     0
 93
-1056964608
 10
1.0
 20
1.0
 30
1.0
 43
0.0
176
     0
293
     0
294
     0
178
     0
179
     1
 45
1.0
271
     0
272
     9
273
     9
295
     0
1001
ACAD_MLEADERVER
1070
     2
  0
MULTILEADER
  5
445
330
1F
100
AcDbEntity
  8
DEMO-CALLOUT
160
               632
310
78020000180000000C00000016000000000000C00C00000033000000000000000C00000013000000993A0000B4000000260000008A79F414943869405C422AB38B107140000000000000000000000000000000000000000000000000000000000000F03F000000000000F03F00000000000000000000000000000000350000
310
0001000000010000000000000000001040000000000000F03F0000000000000000000000000000F03F00000000000000000000000000000000000000000000000000000000010000002200000041007200690061006C000000000000000000F0E60C00000033000000000000000C000000100000000A0000000C0000001600
310
0000000000C00C00000012000000FF7F00000C00000013000000010000000C00000014000000010000005400000007000000030000006289C4DD243964403B71DB5C4107704000000000000000000000000000C063400000000000E06F40000000000000000091DEBCDA822364403A8F3BACA419704000000000000000000C
310
00000014000000010000000C00000013000000891300003C0000000600000002000000F9B340DC532E64403A808B047310704000000000000000000000000000006840000000000030714000000000000000000C00000013000000112700003C00000006000000020000000000000000006840000000000030714000000000
310
000000000000000000006940000000000030714000000000000000000C00000016000000000000C00C00000012000000FF7F00000C00000017000000000000000C000000130000009A3A00000C00000016000000000000C00C00000012000000FF7F00000C00000017000000FFFFFFFF0C0000003300000000000000
100
AcDbMLeader
270
     2
300
CONTEXT_DATA{
 40
1.0
 10
200.0
 20
275.0
 30
0.0
 41
4.0
140
4.0
145
2.0
174
     1
175
     1
176
     0
177
     0
290
     1
304
5
 11
0.0
 21
0.0
 31
1.0
340
11
 12
202.0
 22
277.0341064120055
 32
0.0
 13
1.0
 23
0.0
 33
0.0
 42
0.0
 43
0.0
 44
0.0
 45
1.0
170
     1
 90
-1073741824
171
     1
172
     5
 91
-1073741824
141
0.0
 92
        0
291
     0
292
     0
173
     0
293
     0
142
0.0
143
0.0
294
     0
295
     0
296
     0
110
0.0
120
0.0
130
0.0
111
1.0
121
0.0
131
0.0
112
0.0
122
1.0
132
0.0
297
     0
302
LEADER{
290
     1
291
     1
 10
192.0
 20
275.0
 30
0.0
 11
1.0
 21
0.0
 31
0.0
 90
        0
 40
8.0
304
LEADER_LINE{
 10
158.0
 20
255.0
 30
0.0
 91
        0
305
}
271
     0
303
}
272
     9
273
     9
301
}
340
12E
 90
   295936
170
     1
 91
-1056964608
341
14
171
    -2
290
     1
291
     1
 41
8.0
 42
4.0
172
     2
343
11
173
     1
 95
        1
174
     1
175
     0
 92
-1073741824
292
     0
 93
-1056964608
 10
1.0
 20
1.0
 30
1.0
 43
0.0
176
     0
293
     0
294
     0
178
     0
179
     1
 45
1.0
271
     0
272
     9
273
     9
295
     0
1001
ACAD_MLEADERVER
1070
     2
  0
MULTILEADER
  5
446
330
1F
100
AcDbEntity
  8
DEMO-CALLOUT
160
               632
310
78020000180000000C00000016000000000000C00C00000033000000000000000C00000013000000993A0000B4000000260000001468CEE546796C40E888D8A448807040000000000000000000000000000000000000000000000000000000000000F03F000000000000F03F00000000000000000000000000000000360000
310
0001000000010000000000000000001040000000000000F03F0000000000000000000000000000F03F00000000000000000000000000000000000000000000000000000000010000002200000041007200690061006C000000000000000000F0E60C00000033000000000000000C000000100000000A0000000C0000001600
310
0000000000C00C00000012000000FF7F00000C00000013000000010000000C00000014000000010000005400000007000000030000002C40C43198016340828B3E57AB1C70400000000000000000000000000080624000000000002070400000000000000000E9507CF6BFFC62404442995ADD31704000000000000000000C
310
00000014000000010000000C00000013000000891300003C00000006000000020000008B4820142CFF6240E3E6EB584427704000000000000000000000000000406B400000000000A0704000000000000000000C00000013000000112700003C00000006000000020000000000000000406B400000000000A0704000000000
310
000000000000000000406C400000000000A0704000000000000000000C00000016000000000000C00C00000012000000FF7F00000C00000017000000000000000C000000130000009A3A00000C00000016000000000000C00C00000012000000FF7F00000C00000017000000FFFFFFFF0C0000003300000000000000
100
AcDbMLeader
270
     2
300
CONTEXT_DATA{
 40
1.0
 10
226.0
 20
266.0
 30
0.0
 41
4.0
140
4.0
145
2.0
174
     1
175
     1
176
     0
177
     0
290
     1
304
6
 11
0.0
 21
0.0
 31
1.0
340
11
 12
228.0
 22
268.0341064120055
 32
0.0
 13
1.0
 23
0.0
 33
0.0
 42
0.0
 43
0.0
 44
0.0
 45
1.0
170
     1
 90
-1073741824
171
     1
172
     5
 91
-1073741824
141
0.0
 92
        0
291
     0
292
     0
173
     0
293
     0
142
0.0
143
0.0
294
     0
295
     0
296
     0
110
0.0
120
0.0
130
0.0
111
1.0
121
0.0
131
0.0
112
0.0
122
1.0
132
0.0
297
     0
302
LEADER{
290
     1
291
     1
 10
218.0
 20
266.0
 30
0.0
 11
1.0
 21
0.0
 31
0.0
 90
        0
 40
8.0
304
LEADER_LINE{
 10
148.0
 20
258.0
 30
0.0
 91
        0
305
}
271
     0
303
}
272
     9
273
     9
301
}
340
12E
 90
   295936
170
     1
 91
-1056964608
341
14
171
    -2
290
     1
291
     1
 41
8.0
 42
4.0
172
     2
343
11
173
     1
 95
        1
174
     1
175
     0
 92
-1073741824
292
     0
 93
-1056964608
 10
1.0
 20
1.0
 30
1.0
 43
0.0
176
     0
293
     0
294
     0
178
     0
179
     1
 45
1.0
271
     0
272
     9
273
     9
295
     0
1001
ACAD_MLEADERVER
1070
     2
  0
MULTILEADER
  5
447
330
1F
100
AcDbEntity
  8
DEMO-CALLOUT
160
               632
310
78020000180000000C00000016000000000000C00C00000033000000000000000C00000013000000993A0000B400000026000000BC93ADDB87F76E400000000000407140000000000000000000000000000000000000000000000000000000000000F03F000000000000F03F00000000000000000000000000000000370000
310
0001000000010000000000000000001040000000000000F03F0000000000000000000000000000F03F00000000000000000000000000000000000000000000000000000000010000002200000041007200690061006C000000000000000000F0E60C00000033000000000000000C000000100000000A0000000C0000001600
310
0000000000C00C00000012000000FF7F00000C00000013000000010000000C000000140000000100000054000000070000000300000025744E5ABFE16040F6DD335DEA5E704000000000000000000000000000606040000000000060704000000000000000004568360470DB6040A94514A50374704000000000000000000C
310
00000014000000010000000C00000013000000891300003C0000000600000002000000356E42AF97DE6040CF1124017769704000000000000000000000000000C06D40000000000060714000000000000000000C00000013000000112700003C00000006000000020000000000000000C06D40000000000060714000000000
310
000000000000000000C06E40000000000060714000000000000000000C00000016000000000000C00C00000012000000FF7F00000C00000017000000000000000C000000130000009A3A00000C00000016000000000000C00C00000012000000FF7F00000C00000017000000FFFFFFFF0C0000003300000000000000
100
AcDbMLeader
270
     2
300
CONTEXT_DATA{
 40
1.0
 10
246.0
 20
278.0
 30
0.0
 41
4.0
140
4.0
145
2.0
174
     1
175
     1
176
     0
177
     0
290
     1
304
7
 11
0.0
 21
0.0
 31
1.0
340
11
 12
248.0
 22
280.0
 32
0.0
 13
1.0
 23
0.0
 33
0.0
 42
0.0
 43
0.0
 44
0.0
 45
1.0
170
     1
 90
-1073741824
171
     1
172
     5
 91
-1073741824
141
0.0
 92
        0
291
     0
292
     0
173
     0
293
     0
142
0.0
143
0.0
294
     0
295
     0
296
     0
110
0.0
120
0.0
130
0.0
111
1.0
121
0.0
131
0.0
112
0.0
122
1.0
132
0.0
297
     0
302
LEADER{
290
     1
291
     1
 10
238.0
 20
278.0
 30
0.0
 11
1.0
 21
0.0
 31
0.0
 90
        0
 40
8.0
304
LEADER_LINE{
 10
131.0
 20
262.0
 30
0.0
 91
        0
305
}
271
     0
303
}
272
     9
273
     9
301
}
340
12E
 90
   295936
170
     1
 91
-1056964608
341
14
171
    -2
290
     1
291
     1
 41
8.0
 42
4.0
172
     2
343
11
173
     1
 95
        1
174
     1
175
     0
 92
-1073741824
292
     0
 93
-1056964608
 10
1.0
 20
1.0
 30
1.0
 43
0.0
176
     0
293
     0
294
     0
178
     0
179
     1
 45
1.0
271
     0
272
     9
273
     9
295
     0
1001
ACAD_MLEADERVER
1070
     2
  0
MULTILEADER
  5
448
330
1F
100
AcDbEntity
  8
DEMO-CALLOUT
160
               632
310
78020000180000000C00000016000000000000C00C00000033000000000000000C00000013000000993A0000B4000000260000002CF52AC9C0F86E40D011B14991006F40000000000000000000000000000000000000000000000000000000000000F03F000000000000F03F00000000000000000000000000000000380000
310
0001000000010000000000000000001040000000000000F03F0000000000000000000000000000F03F00000000000000000000000000000000000000000000000000000000010000002200000041007200690061006C000000000000000000F0E60C00000033000000000000000C000000100000000A0000000C0000001600
310
0000000000C00C00000012000000FF7F00000C00000013000000010000000C0000001400000001000000540000000700000003000000F5B8368CAB9E62402DD9E05CD3C36F40000000000000000000000000002062400000000000E06F400000000000000000FCEBE3F0F5A06240ABF40F476EEE6F4000000000000000000C
310
00000014000000010000000C00000013000000891300003C000000060000000200000078528DBED09F6240EC66F8D120D96F4000000000000000000000000000C06D400000000000406F4000000000000000000C00000013000000112700003C00000006000000020000000000000000C06D400000000000406F4000000000
310
000000000000000000C06E400000000000406F4000000000000000000C00000016000000000000C00C00000012000000FF7F00000C00000017000000000000000C000000130000009A3A00000C00000016000000000000C00C00000012000000FF7F00000C00000017000000FFFFFFFF0C0000003300000000000000
100
AcDbMLeader
270
     2
300
CONTEXT_DATA{
 40
1.0
 10
246.0
 20
250.0
 30
0.0
 41
4.0
140
4.0
145
2.0
174
     1
175
     1
176
     0
177
     0
290
     1
304
8
 11
0.0
 21
0.0
 31
1.0
340
11
 12
248.0
 22
252.0341064120055
 32
0.0
 13
1.0
 23
0.0
 33
0.0
 42
0.0
 43
0.0
 44
0.0
 45
1.0
170
     1
 90
-1073741824
171
     1
172
     5
 91
-1073741824
141
0.0
 92
        0
291
     0
292
     0
173
     0
293
     0
142
0.0
143
0.0
294
     0
295
     0
296
     0
110
0.0
120
0.0
130
0.0
111
1.0
121
0.0
131
0.0
112
0.0
122
1.0
132
0.0
297
     0
302
LEADER{
290
     1
291
     1
 10
238.0
 20
250.0
 30
0.0
 11
1.0
 21
0.0
 31
0.0
 90
        0
 40
8.0
304
LEADER_LINE{
 10
145.0
 20
255.0
 30
0.0
 91
        0
305
}
271
     0
303
}
272
     9
273
     9
301
}
340
12E
 90
   295936
170
     1
 91
-1056964608
341
14
171
    -2
290
     1
291
     1
 41
8.0
 42
4.0
172
     2
343
11
173
     1
 95
        1
174
     1
175
     0
 92
-1073741824
292
     0
 93
-1056964608
 10
1.0
 20
1.0
 30
1.0
 43
0.0
176
     0
293
     0
294
     0
178
     0
179
     1
 45
1.0
271
     0
272
     9
273
     9
295
     0
1001
ACAD_MLEADERVER
1070
     2
  0
TEXT
  5
449
330
1F
100
AcDbEntity
  8
DEMO-TEXT
100
AcDbText
 10
278.0
 20
118.0
 30
0.0
 40
3.0
  1
TECHNICAL REQUIREMENTS
100
AcDbText
  0
MTEXT
  5
44A
330
1F
100
AcDbEntity
  8
DEMO-TEXT
100
AcDbMText
 10
278.0
 20
112.0
 30
0.0
 40
2.6
 41
120.0
 46
0.0
 71
     1
 72
     5
  1
1. DEMO - NOT FOR MANUFACTURE.\P2. ASSEMBLE FLANGES WITH MATCH MARKS ALIGNED.\P3. TIGHTEN M12 FASTENERS TO 70 N.m.\P4. VERIFY SHAFT ALIGNMENT BEFORE OPERATION.
 73
     1
 44
1.0
  0
ACAD_TABLE
  5
44B
102
{ACAD_XDICTIONARY
360
5B7
102
}
330
1F
100
AcDbEntity
  8
DEMO-BOM
160
             15740
310
7C3D00002F010000880000001D000000000000000000F03F0000000000000000000000000000000000000000006071400000000000000000000000000000F03F00000000000000000000000000A0714000000000000000000000000000000000000000000000F03F0000000000000000000000000000000000000000000000
310
000000000000000000000000000000F03F0C00000016000000030000C30C00000017000000FDFFFFFF0C0000001200000000000000D400000026000000A5F9EA1CC29548406E58AE40C23313C0000000000000000000000000000000000000000000000000000000000000F03F000000000000F03F00000000000000000000
310
000000000000420049004C004C0020004F00460020004D004100540045005200490041004C005300000011000000010000009A9999999999F93F000000000000F03F0000000000000000000000000000F03F00000000000000000000000000000000000000000000000000000000010000002200000041007200690061006C
310
00000000000000000000000C00000016000000030000C30C00000017000000FDFFFFFF0C0000001200000000000000BC00000026000000BEFB2CBC5ADD074033333333333329C0000000000000000000000000000000000000000000000000000000000000F03F000000000000F03F00000000000000000000000000000000
310
4900540045004D00000000000400000001000000333333333333F33F000000000000F03F0000000000000000000000000000F03F00000000000000000000000000000000000000000000000000000000010000002200000041007200690061006C00000000000000000000000C00000016000000030000C30C000000170000
310
00FDFFFFFF0C0000001200000000000000C400000026000000FB8EB172B60C31402A6141D8683329C0000000000000000000000000000000000000000000000000000000000000F03F000000000000F03F00000000000000000000000000000000500041005200540020004E004F002E000000003308000000010000003333
310
33333333F33F000000000000F03F0000000000000000000000000000F03F00000000000000000000000000000000000000000000000000000000010000002200000041007200690061006C00000000009933000033000C00000016000000030000C30C00000017000000FDFFFFFF0C0000001200000000000000C800000026
310
0000007940D5234F2345402A6141D8683329C0000000000000000000000000000000000000000000000000000000000000F03F000000000000F03F000000000000000000000000000000004400450053004300520049005000540049004F004E0000000B00000001000000333333333333F33F000000000000F03F00000000
310
00000000000000000000F03F00000000000000000000000000000000000000000000000000000000010000002200000041007200690061006C00000000007300000000000C00000016000000030000C30C00000017000000FDFFFFFF0C0000001200000000000000B8000000260000003D671AA6D68F50409C665376C22029
310
C0000000000000000000000000000000000000000000000000000000000000F03F000000000000F03F0000000000000000000000000000000051005400590000000300000001000000333333333333F33F000000000000F03F0000000000000000000000000000F03F00000000000000000000000000000000000000000000
310
000000000000010000002200000041007200690061006C0000000000F0E6000000000C00000016000000030000C30C00000017000000FDFFFFFF0C0000001200000000000000C4000000260000003DA0EA91A731534033333333333329C0000000000000000000000000000000000000000000000000000000000000F03F00
310
0000000000F03F000000000000000000000000000000004D004100540045005200490041004C00000030000800000001000000333333333333F33F000000000000F03F0000000000000000000000000000F03F0000000000000000000000000000000000000000000000000000000001000000220000004100720069006100
310
6C00000000006300000062000C00000016000000030000C30C00000017000000FDFFFFFF0C0000001200000000000000C000000026000000D0FEC0A54B35594033333333333329C0000000000000000000000000000000000000000000000000000000000000F03F000000000000F03F000000000000000000000000000000
310
00520045004D00410052004B00530000000700000001000000333333333333F33F000000000000F03F0000000000000000000000000000F03F00000000000000000000000000000000000000000000000000000000010000002200000041007200690061006C00000000002E00000074000C00000016000000030000C30C00
310
000017000000FDFFFFFF0C0000001200000000000000B40000002600000005C6DDC9D6ED0F406BB1D4AB248334C0000000000000000000000000000000000000000000000000000000000000F03F000000000000F03F0000000000000000000000000000000031000000010000000100000000000000000008400000000000
310
00F03F0000000000000000000000000000F03F00000000000000000000000000000000000000000000000000000000010000002200000041007200690061006C00000000000000000000000C00000016000000030000C30C00000017000000FDFFFFFF0C0000001200000000000000C000000026000000543AAD506D732C40
310
9438F6CB188D34C0000000000000000000000000000000000000000000000000000000000000F03F000000000000F03F00000000000000000000000000000000460043002D003000300031000000200006000000010000000000000000000840000000000000F03F0000000000000000000000000000F03F00000000000000
310
000000000000000000000000000000000000000000010000002200000041007200690061006C00000000002E0000006E000C00000016000000030000C30C00000017000000FDFFFFFF0C0000001200000000000000C000000026000000ABF898D2690543409438F6CB188D34C0000000000000000000000000000000000000
310
000000000000000000000000F03F000000000000F03F0000000000000000000000000000000046004C0041004E00470045004400000007000000010000000000000000000840000000000000F03F0000000000000000000000000000F03F000000000000000000000000000000000000000000000000000000000100000022
310
00000041007200690061006C0000000000003200000037B800000026000000CA6108087DC245409438F6CB188D39C0000000000000000000000000000000000000000000000000000000000000F03F000000000000F03F00000000000000000000000000000000480055004200000003000000010000000000000000000840
310
000000000000F03F0000000000000000000000000000F03F00000000000000000000000000000000000000000000000000000000010000002200000041007200690061006C00000000000000000000000C00000016000000030000C30C00000017000000FDFFFFFF0C0000001200000000000000B40000002600000016AA6D
310
7E8EB850406BB1D4AB248334C0000000000000000000000000000000000000000000000000000000000000F03F000000000000F03F000000000000000000000000000000003200000001000000010000000000000000000840000000000000F03F0000000000000000000000000000F03F0000000000000000000000000000
310
0000000000000000000000000000010000002200000041007200690061006C00000000000000000000000C00000016000000030000C30C00000017000000FDFFFFFF0C0000001200000000000000B8000000260000005BB70F6FAA4853409438F6CB188D34C000000000000000000000000000000000000000000000000000
310
0000000000F03F000000000000F03F00000000000000000000000000000000430034003500000003000000010000000000000000000840000000000000F03F0000000000000000000000000000F03F00000000000000000000000000000000000000000000000000000000010000002200000041007200690061006C000000
310
00000000000000000C00000016000000030000C30C00000017000000FDFFFFFF0C0000001200000000000000C4000000260000008680D027E67157409438F6CB188D34C0000000000000000000000000000000000000000000000000000000000000F03F000000000000F03F000000000000000000000000000000004D0041
310
004300480049004E00450044000000004108000000010000000000000000000840000000000000F03F0000000000000000000000000000F03F00000000000000000000000000000000000000000000000000000000010000002200000041007200690061006C00000000004752000031000C00000016000000030000C30C00
310
000017000000FDFFFFFF0C0000001200000000000000B400000026000000B642B5CDCF110F409322C143569D3FC0000000000000000000000000000000000000000000000000000000000000F03F000000000000F03F0000000000000000000000000000000032000000010000000100000000000000000008400000000000
310
00F03F0000000000000000000000000000F03F00000000000000000000000000000000000000000000000000000000010000002200000041007200690061006C00000000000000000000000C00000016000000030000C30C00000017000000FDFFFFFF0C0000001200000000000000C000000026000000E4797F2FD8192940
310
9322C143569D3FC0000000000000000000000000000000000000000000000000000000000000F03F000000000000F03F000000000000000000000000000000005200450046002D00300034003000000007000000010000000000000000000840000000000000F03F0000000000000000000000000000F03F00000000000000
310
000000000000000000000000000000000000000000010000002200000041007200690061006C0000000000C8D8000000800C00000016000000030000C30C00000017000000FDFFFFFF0C0000001200000000000000C4000000260000006C3CEFEF055B4240BCA9E2634AA73FC0000000000000000000000000000000000000
310
000000000000000000000000F03F000000000000F03F00000000000000000000000000000000530048004100460054002000440034003000000009000000010000000000000000000840000000000000F03F0000000000000000000000000000F03F0000000000000000000000000000000000000000000000000000000001
310
0000002200000041007200690061006C0000000000002F000000500C00000016000000030000C30C00000017000000FDFFFFFF0C0000001200000000000000B40000002600000016AA6D7E8EB850409322C143569D3FC0000000000000000000000000000000000000000000000000000000000000F03F000000000000F03F
310
000000000000000000000000000000003200000001000000010000000000000000000840000000000000F03F0000000000000000000000000000F03F00000000000000000000000000000000000000000000000000000000010000002200000041007200690061006C00000000000000000000000C00000016000000030000
310
C30C00000017000000FDFFFFFF0C0000001200000000000000B8000000260000005BB70F6FAA485340BCA9E2634AA73FC0000000000000000000000000000000000000000000000000000000000000F03F000000000000F03F0000000000000000000000000000000043003400350000000300000001000000000000000000
310
0840000000000000F03F0000000000000000000000000000F03F00000000000000000000000000000000000000000000000000000000010000002200000041007200690061006C00000000000000000000000C00000016000000030000C30C00000017000000FDFFFFFF0C0000001200000000000000C400000026000000CD
310
B9DC2887015740BCA9E2634AA73FC0000000000000000000000000000000000000000000000000000000000000F03F000000000000F03F000000000000000000000000000000005200450046004500520045004E0043004500000009000000010000000000000000000840000000000000F03F000000000000000000000000
310
0000F03F00000000000000000000000000000000000000000000000000000000010000002200000041007200690061006C00000000000002000000000C00000016000000030000C30C00000017000000FDFFFFFF0C0000001200000000000000B40000002600000098A6FF74E5BB0E404A91E021AB4E43C000000000000000
310
0000000000000000000000000000000000000000000000F03F000000000000F03F000000000000000000000000000000003300000001000000010000000000000000000840000000000000F03F0000000000000000000000000000F03F00000000000000000000000000000000000000000000000000000000010000002200
310
000041007200690061006C00000000000000000000000C00000016000000030000C30C00000017000000FDFFFFFF0C0000001200000000000000C4000000260000005CCD44F76CE827404A91E021AB4E43C0000000000000000000000000000000000000000000000000000000000000F03F000000000000F03F0000000000
310
0000000000000000000000440049004E002D0036003800380035000000003108000000010000000000000000000840000000000000F03F0000000000000000000000000000F03F00000000000000000000000000000000000000000000000000000000010000002200000041007200690061006C0000000000000000000062
310
0C00000016000000030000C30C00000017000000FDFFFFFF0C0000001200000000000000C8000000260000004623D778DE9F41404A91E021AB4E43C0000000000000000000000000000000000000000000000000000000000000F03F000000000000F03F000000000000000000000000000000004B00450059002000310032
310
007800380078003700300000000B000000010000000000000000000840000000000000F03F0000000000000000000000000000F03F00000000000000000000000000000000000000000000000000000000010000002200000041007200690061006C00000000000000000000000C00000016000000030000C30C0000001700
310
0000FDFFFFFF0C0000001200000000000000B40000002600000016AA6D7E8EB850404A91E021AB4E43C0000000000000000000000000000000000000000000000000000000000000F03F000000000000F03F000000000000000000000000000000003200000001000000010000000000000000000840000000000000F03F00
310
00000000000000000000000000F03F00000000000000000000000000000000000000000000000000000000010000002200000041007200690061006C00000000000000000000000C00000016000000030000C30C00000017000000FDFFFFFF0C0000001200000000000000B8000000260000005BB70F6FAA485340DE54F131
310
A55343C0000000000000000000000000000000000000000000000000000000000000F03F000000000000F03F00000000000000000000000000000000430034003500000003000000010000000000000000000840000000000000F03F0000000000000000000000000000F03F00000000000000000000000000000000000000
310
000000000000000000010000002200000041007200690061006C00000000000000000000000C00000016000000030000C30C00000017000000FDFFFFFF0C0000001200000000000000C40000002600000030EE4EB66E5F5740DE54F131A55343C0000000000000000000000000000000000000000000000000000000000000
310
F03F000000000000F03F000000000000000000000000000000005300540041004E0044004100520044000000006C08000000010000000000000000000840000000000000F03F0000000000000000000000000000F03F0000000000000000000000000000000000000000000000000000000001000000220000004100720069
310
0061006C00000000000141000000740C00000016000000030000C30C00000017000000FDFFFFFF0C0000001200000000000000B40000002600000006258EFD32460F409438F6CB18CD46C0000000000000000000000000000000000000000000000000000000000000F03F000000000000F03F000000000000000000000000
310
000000003400000001000000010000000000000000000840000000000000F03F0000000000000000000000000000F03F00000000000000000000000000000000000000000000000000000000010000002200000041007200690061006C00000000000000000000000C00000016000000030000C30C00000017000000FDFFFF
310
FF0C0000001200000000000000C400000026000000967A956460DC2740520E4340E8D346C0000000000000000000000000000000000000000000000000000000000000F03F000000000000F03F00000000000000000000000000000000490053004F002D003400300031003700000000680800000001000000000000000000
310
0840000000000000F03F0000000000000000000000000000F03F00000000000000000000000000000000000000000000000000000000010000002200000041007200690061006C00000000000000000000000C00000016000000030000C30C00000017000000FDFFFFFF0C0000001200000000000000C40000002600000042
310
9F98474FC14240520E4340E8D346C0000000000000000000000000000000000000000000000000000000000000F03F000000000000F03F00000000000000000000000000000000480045005800200042004F004C0054000000000008000000010000000000000000000840000000000000F03F000000000000000000000000
310
0000F03F00000000000000000000000000000000000000000000000000000000010000002200000041007200690061006C0000000000003100000000B8000000260000008B040F5975F0454008672D967A5549C0000000000000000000000000000000000000000000000000000000000000F03F000000000000F03F000000
310
000000000000000000000000004D0031003200000003000000010000000000000000000840000000000000F03F0000000000000000000000000000F03F00000000000000000000000000000000000000000000000000000000010000002200000041007200690061006C00000000000000000000000C000000160000000300
310
00C30C00000017000000FDFFFFFF0C0000001200000000000000B4000000260000002871EC9731BA50409438F6CB18CD46C0000000000000000000000000000000000000000000000000000000000000F03F000000000000F03F00000000000000000000000000000000340000000100000001000000000000000000084000
310
0000000000F03F0000000000000000000000000000F03F00000000000000000000000000000000000000000000000000000000010000002200000041007200690061006C0000000000FFCC000000000C00000016000000030000C30C00000017000000FDFFFFFF0C0000001200000000000000B80000002600000063A95749
310
068653404A91E021ABCE46C0000000000000000000000000000000000000000000000000000000000000F03F000000000000F03F0000000000000000000000000000000038002E003800000003000000010000000000000000000840000000000000F03F0000000000000000000000000000F03F0000000000000000000000
310
0000000000000000000000000000000000010000002200000041007200690061006C00000000000000000000000C00000016000000030000C30C00000017000000FDFFFFFF0C0000001200000000000000C40000002600000030EE4EB66E5F5740DE54F131A5D346C000000000000000000000000000000000000000000000
310
0000000000000000F03F000000000000F03F000000000000000000000000000000005300540041004E0044004100520044000000000008000000010000000000000000000840000000000000F03F0000000000000000000000000000F03F000000000000000000000000000000000000000000000000000000000100000022
310
00000041007200690061006C00000000000000000000000C00000016000000030000C30C00000017000000FDFFFFFF0C0000001200000000000000B40000002600000078B275FBF0A60E4008672D967A554CC0000000000000000000000000000000000000000000000000000000000000F03F000000000000F03F00000000
310
0000000000000000000000003500000001000000010000000000000000000840000000000000F03F0000000000000000000000000000F03F00000000000000000000000000000000000000000000000000000000010000002200000041007200690061006C00000000000000000000000C00000016000000030000C30C0000
310
0017000000FDFFFFFF0C0000001200000000000000C400000026000000223629123CE42740C63C7A0A4A5C4CC0000000000000000000000000000000000000000000000000000000000000F03F000000000000F03F00000000000000000000000000000000490053004F002D0034003000330032000000309D080000000100
310
00000000000000000840000000000000F03F0000000000000000000000000000F03F00000000000000000000000000000000000000000000000000000000010000002200000041007200690061006C0000000000002F000000500C00000016000000030000C30C00000017000000FDFFFFFF0C0000001200000000000000C8
310
00000026000000C8AA83B3160B4140BEBF17EC0C574CC0000000000000000000000000000000000000000000000000000000000000F03F000000000000F03F0000000000000000000000000000000048004500580020004E005500540020004D003100320000000B000000010000000000000000000840000000000000F03F
310
0000000000000000000000000000F03F00000000000000000000000000000000000000000000000000000000010000002200000041007200690061006C0000000000000000005C630C00000016000000030000C30C00000017000000FDFFFFFF0C0000001200000000000000B4000000260000002871EC9731BA504008672D
310
967A554CC0000000000000000000000000000000000000000000000000000000000000F03F000000000000F03F000000000000000000000000000000003400000001000000010000000000000000000840000000000000F03F0000000000000000000000000000F03F00000000000000000000000000000000000000000000
310
000000000000010000002200000041007200690061006C00000000000000000000000C00000016000000030000C30C00000017000000FDFFFFFF0C0000001200000000000000BC00000026000000A1DAE6E788885240528328FC065C4CC0000000000000000000000000000000000000000000000000000000000000F03F00
310
0000000000F03F0000000000000000000000000000000043004C00410053005300000005000000010000000000000000000840000000000000F03F0000000000000000000000000000F03F00000000000000000000000000000000000000000000000000000000010000002200000041007200690061006C000000000051BA
310
0000512EB40000002600000035FDA72BDFF5534008DC125299DD4EC0000000000000000000000000000000000000000000000000000000000000F03F000000000000F03F000000000000000000000000000000003800000001000000010000000000000000000840000000000000F03F0000000000000000000000000000F0
310
3F00000000000000000000000000000000000000000000000000000000010000002200000041007200690061006C00000000000000000000000C00000016000000030000C30C00000017000000FDFFFFFF0C0000001200000000000000C40000002600000030EE4EB66E5F5740528328FC065C4CC000000000000000000000
310
0000000000000000000000000000000000000000F03F000000000000F03F000000000000000000000000000000005300540041004E0044004100520044000000006C08000000010000000000000000000840000000000000F03F0000000000000000000000000000F03F000000000000000000000000000000000000000000
310
00000000000000010000002200000041007200690061006C00000000000141000000740C00000016000000030000C30C00000017000000FDFFFFFF0C0000001200000000000000B400000026000000B79A89EED9D00E408328FC06DCF250C0000000000000000000000000000000000000000000000000000000000000F03F
310
000000000000F03F000000000000000000000000000000003600000001000000010000000000000000000840000000000000F03F0000000000000000000000000000F03F00000000000000000000000000000000000000000000000000000000010000002200000041007200690061006C00000000000000000000000C0000
310
0016000000030000C30C00000017000000FDFFFFFF0C0000001200000000000000C400000026000000E121AB0ECEDA274007672D967AF550C0000000000000000000000000000000000000000000000000000000000000F03F000000000000F03F00000000000000000000000000000000490053004F002D00370030003800
310
39000000001808000000010000000000000000000840000000000000F03F0000000000000000000000000000F03F00000000000000000000000000000000000000000000000000000000010000002200000041007200690061006C0000000000584400005CD90C00000016000000030000C30C00000017000000FDFFFFFF0C
310
0000001200000000000000C400000026000000DB7102CDB9FC41404D8A040F59F550C0000000000000000000000000000000000000000000000000000000000000F03F000000000000F03F00000000000000000000000000000000570041005300480045005200200031003200000009000000010000000000000000000840
310
000000000000F03F0000000000000000000000000000F03F00000000000000000000000000000000000000000000000000000000010000002200000041007200690061006C000000000008000000309D0C00000016000000030000C30C00000017000000FDFFFFFF0C0000001200000000000000B40000002600000035FDA7
310
2BDFB550408328FC06DCF250C0000000000000000000000000000000000000000000000000000000000000F03F000000000000F03F000000000000000000000000000000003800000001000000010000000000000000000840000000000000F03F0000000000000000000000000000F03F0000000000000000000000000000
310
0000000000000000000000000000010000002200000041007200690061006C00000000000000000000000C00000016000000030000C30C00000017000000FDFFFFFF0C0000001200000000000000BC00000026000000A9CC2EC2E49552404D8A040F59F550C000000000000000000000000000000000000000000000000000
310
0000000000F03F000000000000F03F0000000000000000000000000000000053005400450045004C00000005000000010000000000000000000840000000000000F03F0000000000000000000000000000F03F0000000000000000000000000000000000000000000000000000000001000000220000004100720069006100
310
6C000000000000EF00005B580C00000016000000030000C30C00000017000000FDFFFFFF0C0000001200000000000000C40000002600000030EE4EB66E5F57404D8A040F59F550C0000000000000000000000000000000000000000000000000000000000000F03F000000000000F03F000000000000000000000000000000
310
005300540041004E0044004100520044000000000008000000010000000000000000000840000000000000F03F0000000000000000000000000000F03F00000000000000000000000000000000000000000000000000000000010000002200000041007200690061006C00000000000000000000000C000000160000000300
310
00C30C00000017000000FDFFFFFF0C0000001200000000000000B400000026000000DAE6E788D8A40E4028FC06DC12B252C0000000000000000000000000000000000000000000000000000000000000F03F000000000000F03F00000000000000000000000000000000370000000100000001000000000000000000084000
310
0000000000F03F0000000000000000000000000000F03F00000000000000000000000000000000000000000000000000000000010000002200000041007200690061006C0000000000FFCC0000FF000C00000016000000030000C30C00000017000000FDFFFFFF0C0000001200000000000000C000000026000000BD34FDA7
310
2BDF2B404D8A040F59B552C0000000000000000000000000000000000000000000000000000000000000F03F000000000000F03F00000000000000000000000000000000460043002D003000300037000000660006000000010000000000000000000840000000000000F03F0000000000000000000000000000F03F000000
310
00000000000000000000000000000000000000000000000000010000002200000041007200690061006C0000000000FF99000099000C00000016000000030000C30C00000017000000FDFFFFFF0C0000001200000000000000C800000026000000C94BD37FBAF240404D8A040F59B552C00000000000000000000000000000
310
00000000000000000000000000000000F03F000000000000F03F000000000000000000000000000000004700410053004B00450054002000440031003100300000000B000000010000000000000000000840000000000000F03F0000000000000000000000000000F03F000000000000000000000000000000000000000000
310
00000000000000010000002200000041007200690061006C00000000000041000000200C00000016000000030000C30C00000017000000FDFFFFFF0C0000001200000000000000B40000002600000030EE4EB66EBF50408328FC06DCB252C0000000000000000000000000000000000000000000000000000000000000F03F
310
000000000000F03F000000000000000000000000000000003100000001000000010000000000000000000840000000000000F03F0000000000000000000000000000F03F00000000000000000000000000000000000000000000000000000000010000002200000041007200690061006C00000000000000000000000C0000
310
0016000000030000C30C00000017000000FDFFFFFF0C0000001200000000000000B800000026000000ADDB8737551C534028FC06DC12B252C0000000000000000000000000000000000000000000000000000000000000F03F000000000000F03F000000000000000000000000000000004E00420052000000030000000100
310
00000000000000000840000000000000F03F0000000000000000000000000000F03F00000000000000000000000000000000000000000000000000000000010000002200000041007200690061006C00000000000000000000000C00000016000000030000C30C00000017000000FDFFFFFF0C0000001200000000000000B8
310
00000026000000732E37CA612859404D8A040F59B552C0000000000000000000000000000000000000000000000000000000000000F03F000000000000F03F00000000000000000000000000000000430055005400000003000000010000000000000000000840000000000000F03F0000000000000000000000000000F03F
310
00000000000000000000000000000000000000000000000000000000010000002200000041007200690061006C00000000000000000000000C00000016000000030000C30C00000017000000FDFFFFFF0C0000001200000000000000B40000002600000097A6FF74E5BB0E408328FC06DC7254C00000000000000000000000
310
00000000000000000000000000000000000000F03F000000000000F03F000000000000000000000000000000003800000001000000010000000000000000000840000000000000F03F0000000000000000000000000000F03F0000000000000000000000000000000000000000000000000000000001000000220000004100
310
7200690061006C00000000000000000000000C00000016000000030000C30C00000017000000FDFFFFFF0C0000001200000000000000C000000026000000F8F7829DE1422A408328FC06DC7254C0000000000000000000000000000000000000000000000000000000000000F03F000000000000F03F000000000000000000
310
00000000000000440049004E002D00310032003700000007000000010000000000000000000840000000000000F03F0000000000000000000000000000F03F00000000000000000000000000000000000000000000000000000000010000002200000041007200690061006C00000000000010000008000C00000016000000
310
030000C30C00000017000000FDFFFFFF0C0000001200000000000000BC00000026000000569281717712454007672D967A7554C0000000000000000000000000000000000000000000000000000000000000F03F000000000000F03F000000000000000000000000000000004C004F0043004B000000442204000000010000
310
000000000000000840000000000000F03F0000000000000000000000000000F03F00000000000000000000000000000000000000000000000000000000010000002200000041007200690061006C00000000000018000000D1C000000026000000A6745AA1DA6643402CF52AC9C0B855C00000000000000000000000000000
310
00000000000000000000000000000000F03F000000000000F03F000000000000000000000000000000005700410053004800450052000000000206000000010000000000000000000840000000000000F03F0000000000000000000000000000F03F0000000000000000000000000000000000000000000000000000000001
310
0000002200000041007200690061006C00000000000000000000800C00000016000000030000C30C00000017000000FDFFFFFF0C0000001200000000000000B4000000260000002871EC9731BA504028FC06DC127254C0000000000000000000000000000000000000000000000000000000000000F03F000000000000F03F
310
000000000000000000000000000000003400000001000000010000000000000000000840000000000000F03F0000000000000000000000000000F03F00000000000000000000000000000000000000000000000000000000010000002200000041007200690061006C00000000000000000000000C00000016000000030000
310
C30C00000017000000FDFFFFFF0C0000001200000000000000BC000000260000003C7A0A4A1CAB52404D8A040F597554C0000000000000000000000000000000000000000000000000000000000000F03F000000000000F03F0000000000000000000000000000000053005000520049004E00000005000000010000000000
310
000000000840000000000000F03F0000000000000000000000000000F03F00000000000000000000000000000000000000000000000000000000010000002200000041007200690061006C0000000000330000000066B400000026000000CF70617DEDD85340721802429FB855C00000000000000000000000000000000000
310
00000000000000000000000000F03F000000000000F03F000000000000000000000000000000004700000001000000010000000000000000000840000000000000F03F0000000000000000000000000000F03F0000000000000000000000000000000000000000000000000000000001000000220000004100720069006100
310
6C00000000000000000000000C00000016000000030000C30C00000017000000FDFFFFFF0C0000001200000000000000C40000002600000030EE4EB66E5F57404D8A040F597554C0000000000000000000000000000000000000000000000000000000000000F03F000000000000F03F000000000000000000000000000000
310
005300540041004E0044004100520044000000000008000000010000000000000000000840000000000000F03F0000000000000000000000000000F03F00000000000000000000000000000000000000000000000000000000010000002200000041007200690061006C00000000005C16000000000C000000160000000300
310
00C30C00000017000000FDFFFFFF0C00000012000000000000005400000020000000020000000000000000000000000000000000000000000000000000000000000000005E400000000000000000000000000000000000000000000000000000000000000000000000000000F03F0C00000016000000030000C30C00000017
310
000000FDFFFFFF0C0000001200000000000000540000002000000002000000000000000000000000000000000020C000000000000000000000000000005E4000000000000020C0000000000000000000000000000000000000000000000000000000000000F03F0C00000016000000030000C30C00000017000000FDFFFFFF
310
0C0000001200000000000000540000002000000002000000000000000000000000000000000030C000000000000000000000000000005E4000000000000030C0000000000000000000000000000000000000000000000000000000000000F03F0C00000016000000030000C30C00000017000000FDFFFFFF0C000000120000
310
000000000054000000200000000200000000000000000000002871EC97311A3BC000000000000000000000000000005E402871EC97311A3BC0000000000000000000000000000000000000000000000000000000000000F03F0C00000016000000030000C30C00000017000000FDFFFFFF0C00000012000000000000005400
310
0000200000000200000000000000000000009438F6CB180D41C000000000000000000000000000005E409438F6CB180D41C0000000000000000000000000000000000000000000000000000000000000F03F0C00000016000000030000C30C00000017000000FDFFFFFF0C0000001200000000000000540000002000000002
310
00000000000000000000009438F6CB188D44C000000000000000000000000000005E409438F6CB188D44C0000000000000000000000000000000000000000000000000000000000000F03F0C00000016000000030000C30C00000017000000FDFFFFFF0C000000120000000000000054000000200000000200000000000000
310
0000000008672D967A154AC000000000000000000000000000005E4008672D967A154AC0000000000000000000000000000000000000000000000000000000000000F03F0C00000016000000030000C30C00000017000000FDFFFFFF0C0000001200000000000000540000002000000002000000000000000000000050F80D
310
B825A44FC000000000000000000000000000005E4050F80DB825A44FC0000000000000000000000000000000000000000000000000000000000000F03F0C00000016000000030000C30C00000017000000FDFFFFFF0C0000001200000000000000540000002000000002000000000000000000000028FC06DC129251C00000
310
0000000000000000000000005E4028FC06DC129251C0000000000000000000000000000000000000000000000000000000000000F03F0C00000016000000030000C30C00000017000000FDFFFFFF0C0000001200000000000000540000002000000002000000000000000000000028FC06DC125253C0000000000000000000
310
00000000005E4028FC06DC125253C0000000000000000000000000000000000000000000000000000000000000F03F0C00000016000000030000C30C00000017000000FDFFFFFF0C00000012000000000000005400000020000000020000000000000000000000508328FC061C56C000000000000000000000000000005E40
310
508328FC061C56C0000000000000000000000000000000000000000000000000000000000000F03F0C00000016000000030000C30C00000017000000FDFFFFFF0C00000012000000000000005400000020000000020000000000000000000000000000000000000000000000000000000000000000000000508328FC061C56
310
C0000000000000000000000000000000000000000000000000000000000000F03F0C00000016000000030000C30C00000017000000FDFFFFFF0C0000001200000000000000540000002000000002000000000000000000244000000000000020C000000000000000000000000000002440508328FC061C56C0000000000000
310
000000000000000000000000000000000000000000000000F03F0C00000016000000030000C30C00000017000000FDFFFFFF0C0000001200000000000000540000002000000002000000000000000000404000000000000020C000000000000000000000000000004040508328FC061C56C000000000000000000000000000
310
0000000000000000000000000000000000F03F0C00000016000000030000C30C00000017000000FDFFFFFF0C0000001200000000000000540000002000000002000000000000000000504000000000000020C000000000000000000000000000005040508328FC061C56C00000000000000000000000000000000000000000
310
00000000000000000000F03F0C00000016000000030000C30C00000017000000FDFFFFFF0C0000001200000000000000540000002000000002000000000000000000524000000000000020C000000000000000000000000000005240508328FC061C56C0000000000000000000000000000000000000000000000000000000
310
000000F03F0C00000016000000030000C30C00000017000000FDFFFFFF0C0000001200000000000000540000002000000002000000000000000080564000000000000020C000000000000000000000000000805640508328FC061C56C0000000000000000000000000000000000000000000000000000000000000F03F0C00
310
000016000000030000C30C00000017000000FDFFFFFF0C00000012000000000000005400000020000000020000000000000000005E40000000000000000000000000000000000000000000005E40508328FC061C56C0000000000000000000000000000000000000000000000000000000000000F03F0C0000001600000008
310
0000C30C00000017000000000000000C000000120000000000000054000000200000000200000000000000000000000000000000000000000000000000000000000000000000000000000000000000000000000000000000000000000000000000000000000000000000000000F03F080000001F000000
100
AcDbBlockReference
  2
*T8
 10
278.0
 20
282.0
 30
0.0
100
AcDbTable
280
     0
342
7F
343
44C
 11
1.0
 21
0.0
 31
0.0
 90
       22
 91
       10
 92
        6
 93
  7340032
 94
        0
 95
        0
 96
        0
140
3.0
140
1.6
140
1.199999999999999
141
8.0
141
8.0
141
11.10231923601637
141
7.0
141
7.0
141
11.06548431105047
141
11.11459754433833
141
7.0
141
7.0
141
11.15552523874488
142
10.0
142
22.0
142
32.0
142
8.0
142
18.0
142
30.0
171
     1
172
     0
173
     0
174
     0
175
     6
176
     1
 91
   262176
178
     0
145
0.0
140
1.6
 92
        0
301
CELL_VALUE
 93
        6
 90
        4
  1
BILL OF MATERIALS
 94
        0
300

302
BILL OF MATERIALS
304
ACVALUE_END
171
     1
172
     0
173
     1
174
     0
175
     1
176
     1
 91
       32
178
     0
145
0.0
140
1.6
 92
        0
301
CELL_VALUE
 93
        7
 90
        0
 94
        0
300

302

304
ACVALUE_END
171
     1
172
     0
173
     1
174
     0
175
     1
176
     1
 91
       32
178
     0
145
0.0
140
1.6
 92
        0
301
CELL_VALUE
 93
        7
 90
        0
 94
        0
300

302

304
ACVALUE_END
171
     1
172
     0
173
     1
174
     0
175
     1
176
     1
 91
       32
178
     0
145
0.0
140
1.6
 92
        0
301
CELL_VALUE
 93
        7
 90
        0
 94
        0
300

302

304
ACVALUE_END
171
     1
172
     0
173
     1
174
     0
175
     1
176
     1
 91
       32
178
     0
145
0.0
140
1.6
 92
        0
301
CELL_VALUE
 93
        7
 90
        0
 94
        0
300

302

304
ACVALUE_END
171
     1
172
     0
173
     1
174
     0
175
     1
176
     1
 91
       32
178
     0
145
0.0
140
1.6
 92
        0
301
CELL_VALUE
 93
        7
 90
        0
 94
        0
300

302

304
ACVALUE_END
171
     1
172
     0
173
     0
174
     0
175
     1
176
     1
 91
   262176
178
     0
145
0.0
140
1.199999999999999
 92
        0
301
CELL_VALUE
 93
        6
 90
        4
  1
ITEM
 94
        0
300

302
ITEM
304
ACVALUE_END
171
     1
172
     0
173
     0
174
     0
175
     1
176
     1
 91
   262176
178
     0
145
0.0
140
1.199999999999999
 92
        0
301
CELL_VALUE
 93
        6
 90
        4
  1
PART NO.
 94
        0
300

302
PART NO.
304
ACVALUE_END
171
     1
172
     0
173
     0
174
     0
175
     1
176
     1
 91
   262176
178
     0
145
0.0
140
1.199999999999999
 92
        0
301
CELL_VALUE
 93
        6
 90
        4
  1
DESCRIPTION
 94
        0
300

302
DESCRIPTION
304
ACVALUE_END
171
     1
172
     0
173
     0
174
     0
175
     1
176
     1
 91
   262176
178
     0
145
0.0
140
1.199999999999999
 92
        0
301
CELL_VALUE
 93
        6
 90
        4
  1
QTY
 94
        0
300

302
QTY
304
ACVALUE_END
171
     1
172
     0
173
     0
174
     0
175
     1
176
     1
 91
   262176
178
     0
145
0.0
140
1.199999999999999
 92
        0
301
CELL_VALUE
 93
        6
 90
        4
  1
MATERIAL
 94
        0
300

302
MATERIAL
304
ACVALUE_END
171
     1
172
     0
173
     0
174
     0
175
     1
176
     1
 91
   262176
178
     0
145
0.0
140
1.199999999999999
 92
        0
301
CELL_VALUE
 93
        6
 90
        4
  1
REMARKS
 94
        0
300

302
REMARKS
304
ACVALUE_END
171
     1
172
     0
173
     0
174
     0
175
     1
176
     1
 91
   262176
178
     0
145
0.0
140
3.0
 92
        0
301
CELL_VALUE
 93
        6
 90
        4
  1
1
 94
        0
300

302
1
304
ACVALUE_END
171
     1
172
     0
173
     0
174
     0
175
     1
176
     1
 91
   262176
178
     0
145
0.0
140
3.0
 92
        0
301
CELL_VALUE
 93
        6
 90
        4
  1
FC-001
 94
        0
300

302
FC-001
304
ACVALUE_END
171
     1
172
     0
173
     0
174
     0
175
     1
176
     1
 91
   262176
178
     0
145
0.0
140
3.0
 92
        0
301
CELL_VALUE
 93
        6
 90
        4
  1
FLANGED HUB
 94
        0
300

302
FLANGED HUB
304
ACVALUE_END
171
     1
172
     0
173
     0
174
     0
175
     1
176
     1
 91
   262176
178
     0
145
0.0
140
3.0
 92
        0
301
CELL_VALUE
 93
        6
 90
        4
  1
2
 94
        0
300

302
2
304
ACVALUE_END
171
     1
172
     0
173
     0
174
     0
175
     1
176
     1
 91
   262176
178
     0
145
0.0
140
3.0
 92
        0
301
CELL_VALUE
 93
        6
 90
        4
  1
C45
 94
        0
300

302
C45
304
ACVALUE_END
171
     1
172
     0
173
     0
174
     0
175
     1
176
     1
 91
   262176
178
     0
145
0.0
140
3.0
 92
        0
301
CELL_VALUE
 93
        6
 90
        4
  1
MACHINED
 94
        0
300

302
MACHINED
304
ACVALUE_END
171
     1
172
     0
173
     0
174
     0
175
     1
176
     1
 91
   262176
178
     0
145
0.0
140
3.0
 92
        0
301
CELL_VALUE
 93
        6
 90
        4
  1
2
 94
        0
300

302
2
304
ACVALUE_END
171
     1
172
     0
173
     0
174
     0
175
     1
176
     1
 91
   262176
178
     0
145
0.0
140
3.0
 92
        0
301
CELL_VALUE
 93
        6
 90
        4
  1
REF-040
 94
        0
300

302
REF-040
304
ACVALUE_END
171
     1
172
     0
173
     0
174
     0
175
     1
176
     1
 91
   262176
178
     0
145
0.0
140
3.0
 92
        0
301
CELL_VALUE
 93
        6
 90
        4
  1
SHAFT D40
 94
        0
300

302
SHAFT D40
304
ACVALUE_END
171
     1
172
     0
173
     0
174
     0
175
     1
176
     1
 91
   262176
178
     0
145
0.0
140
3.0
 92
        0
301
CELL_VALUE
 93
        6
 90
        4
  1
2
 94
        0
300

302
2
304
ACVALUE_END
171
     1
172
     0
173
     0
174
     0
175
     1
176
     1
 91
   262176
178
     0
145
0.0
140
3.0
 92
        0
301
CELL_VALUE
 93
        6
 90
        4
  1
C45
 94
        0
300

302
C45
304
ACVALUE_END
171
     1
172
     0
173
     0
174
     0
175
     1
176
     1
 91
   262176
178
     0
145
0.0
140
3.0
 92
        0
301
CELL_VALUE
 93
        6
 90
        4
  1
REFERENCE
 94
        0
300

302
REFERENCE
304
ACVALUE_END
171
     1
172
     0
173
     0
174
     0
175
     1
176
     1
 91
   262176
178
     0
145
0.0
140
3.0
 92
        0
301
CELL_VALUE
 93
        6
 90
        4
  1
3
 94
        0
300

302
3
304
ACVALUE_END
171
     1
172
     0
173
     0
174
     0
175
     1
176
     1
 91
   262176
178
     0
145
0.0
140
3.0
 92
        0
301
CELL_VALUE
 93
        6
 90
        4
  1
DIN-6885
 94
        0
300

302
DIN-6885
304
ACVALUE_END
171
     1
172
     0
173
     0
174
     0
175
     1
176
     1
 91
   262176
178
     0
145
0.0
140
3.0
 92
        0
301
CELL_VALUE
 93
        6
 90
        4
  1
KEY 12x8x70
 94
        0
300

302
KEY 12x8x70
304
ACVALUE_END
171
     1
172
     0
173
     0
174
     0
175
     1
176
     1
 91
   262176
178
     0
145
0.0
140
3.0
 92
        0
301
CELL_VALUE
 93
        6
 90
        4
  1
2
 94
        0
300

302
2
304
ACVALUE_END
171
     1
172
     0
173
     0
174
     0
175
     1
176
     1
 91
   262176
178
     0
145
0.0
140
3.0
 92
        0
301
CELL_VALUE
 93
        6
 90
        4
  1
C45
 94
        0
300

302
C45
304
ACVALUE_END
171
     1
172
     0
173
     0
174
     0
175
     1
176
     1
 91
   262176
178
     0
145
0.0
140
3.0
 92
        0
301
CELL_VALUE
 93
        6
 90
        4
  1
STANDARD
 94
        0
300

302
STANDARD
304
ACVALUE_END
171
     1
172
     0
173
     0
174
     0
175
     1
176
     1
 91
   262176
178
     0
145
0.0
140
3.0
 92
        0
301
CELL_VALUE
 93
        6
 90
        4
  1
4
 94
        0
300

302
4
304
ACVALUE_END
171
     1
172
     0
173
     0
174
     0
175
     1
176
     1
 91
   262176
178
     0
145
0.0
140
3.0
 92
        0
301
CELL_VALUE
 93
        6
 90
        4
  1
ISO-4017
 94
        0
300

302
ISO-4017
304
ACVALUE_END
171
     1
172
     0
173
     0
174
     0
175
     1
176
     1
 91
   262176
178
     0
145
0.0
140
3.0
 92
        0
301
CELL_VALUE
 93
        6
 90
        4
  1
HEX BOLT M12
 94
        0
300

302
HEX BOLT M12
304
ACVALUE_END
171
     1
172
     0
173
     0
174
     0
175
     1
176
     1
 91
   262176
178
     0
145
0.0
140
3.0
 92
        0
301
CELL_VALUE
 93
        6
 90
        4
  1
4
 94
        0
300

302
4
304
ACVALUE_END
171
     1
172
     0
173
     0
174
     0
175
     1
176
     1
 91
   262176
178
     0
145
0.0
140
3.0
 92
        0
301
CELL_VALUE
 93
        6
 90
        4
  1
8.8
 94
        0
300

302
8.8
304
ACVALUE_END
171
     1
172
     0
173
     0
174
     0
175
     1
176
     1
 91
   262176
178
     0
145
0.0
140
3.0
 92
        0
301
CELL_VALUE
 93
        6
 90
        4
  1
STANDARD
 94
        0
300

302
STANDARD
304
ACVALUE_END
171
     1
172
     0
173
     0
174
     0
175
     1
176
     1
 91
   262176
178
     0
145
0.0
140
3.0
 92
        0
301
CELL_VALUE
 93
        6
 90
        4
  1
5
 94
        0
300

302
5
304
ACVALUE_END
171
     1
172
     0
173
     0
174
     0
175
     1
176
     1
 91
   262176
178
     0
145
0.0
140
3.0
 92
        0
301
CELL_VALUE
 93
        6
 90
        4
  1
ISO-4032
 94
        0
300

302
ISO-4032
304
ACVALUE_END
171
     1
172
     0
173
     0
174
     0
175
     1
176
     1
 91
   262176
178
     0
145
0.0
140
3.0
 92
        0
301
CELL_VALUE
 93
        6
 90
        4
  1
HEX NUT M12
 94
        0
300

302
HEX NUT M12
304
ACVALUE_END
171
     1
172
     0
173
     0
174
     0
175
     1
176
     1
 91
   262176
178
     0
145
0.0
140
3.0
 92
        0
301
CELL_VALUE
 93
        6
 90
        4
  1
4
 94
        0
300

302
4
304
ACVALUE_END
171
     1
172
     0
173
     0
174
     0
175
     1
176
     1
 91
   262176
178
     0
145
0.0
140
3.0
 92
        0
301
CELL_VALUE
 93
        6
 90
        4
  1
CLASS 8
 94
        0
300

302
CLASS 8
304
ACVALUE_END
171
     1
172
     0
173
     0
174
     0
175
     1
176
     1
 91
   262176
178
     0
145
0.0
140
3.0
 92
        0
301
CELL_VALUE
 93
        6
 90
        4
  1
STANDARD
 94
        0
300

302
STANDARD
304
ACVALUE_END
171
     1
172
     0
173
     0
174
     0
175
     1
176
     1
 91
   262176
178
     0
145
0.0
140
3.0
 92
        0
301
CELL_VALUE
 93
        6
 90
        4
  1
6
 94
        0
300

302
6
304
ACVALUE_END
171
     1
172
     0
173
     0
174
     0
175
     1
176
     1
 91
   262176
178
     0
145
0.0
140
3.0
 92
        0
301
CELL_VALUE
 93
        6
 90
        4
  1
ISO-7089
 94
        0
300

302
ISO-7089
304
ACVALUE_END
171
     1
172
     0
173
     0
174
     0
175
     1
176
     1
 91
   262176
178
     0
145
0.0
140
3.0
 92
        0
301
CELL_VALUE
 93
        6
 90
        4
  1
WASHER 12
 94
        0
300

302
WASHER 12
304
ACVALUE_END
171
     1
172
     0
173
     0
174
     0
175
     1
176
     1
 91
   262176
178
     0
145
0.0
140
3.0
 92
        0
301
CELL_VALUE
 93
        6
 90
        4
  1
8
 94
        0
300

302
8
304
ACVALUE_END
171
     1
172
     0
173
     0
174
     0
175
     1
176
     1
 91
   262176
178
     0
145
0.0
140
3.0
 92
        0
301
CELL_VALUE
 93
        6
 90
        4
  1
STEEL
 94
        0
300

302
STEEL
304
ACVALUE_END
171
     1
172
     0
173
     0
174
     0
175
     1
176
     1
 91
   262176
178
     0
145
0.0
140
3.0
 92
        0
301
CELL_VALUE
 93
        6
 90
        4
  1
STANDARD
 94
        0
300

302
STANDARD
304
ACVALUE_END
171
     1
172
     0
173
     0
174
     0
175
     1
176
     1
 91
   262176
178
     0
145
0.0
140
3.0
 92
        0
301
CELL_VALUE
 93
        6
 90
        4
  1
7
 94
        0
300

302
7
304
ACVALUE_END
171
     1
172
     0
173
     0
174
     0
175
     1
176
     1
 91
   262176
178
     0
145
0.0
140
3.0
 92
        0
301
CELL_VALUE
 93
        6
 90
        4
  1
FC-007
 94
        0
300

302
FC-007
304
ACVALUE_END
171
     1
172
     0
173
     0
174
     0
175
     1
176
     1
 91
   262176
178
     0
145
0.0
140
3.0
 92
        0
301
CELL_VALUE
 93
        6
 90
        4
  1
GASKET D110
 94
        0
300

302
GASKET D110
304
ACVALUE_END
171
     1
172
     0
173
     0
174
     0
175
     1
176
     1
 91
   262176
178
     0
145
0.0
140
3.0
 92
        0
301
CELL_VALUE
 93
        6
 90
        4
  1
1
 94
        0
300

302
1
304
ACVALUE_END
171
     1
172
     0
173
     0
174
     0
175
     1
176
     1
 91
   262176
178
     0
145
0.0
140
3.0
 92
        0
301
CELL_VALUE
 93
        6
 90
        4
  1
NBR
 94
        0
300

302
NBR
304
ACVALUE_END
171
     1
172
     0
173
     0
174
     0
175
     1
176
     1
 91
   262176
178
     0
145
0.0
140
3.0
 92
        0
301
CELL_VALUE
 93
        6
 90
        4
  1
CUT
 94
        0
300

302
CUT
304
ACVALUE_END
171
     1
172
     0
173
     0
174
     0
175
     1
176
     1
 91
   262176
178
     0
145
0.0
140
3.0
 92
        0
301
CELL_VALUE
 93
        6
 90
        4
  1
8
 94
        0
300

302
8
304
ACVALUE_END
171
     1
172
     0
173
     0
174
     0
175
     1
176
     1
 91
   262176
178
     0
145
0.0
140
3.0
 92
        0
301
CELL_VALUE
 93
        6
 90
        4
  1
DIN-127
 94
        0
300

302
DIN-127
304
ACVALUE_END
171
     1
172
     0
173
     0
174
     0
175
     1
176
     1
 91
   262176
178
     0
145
0.0
140
3.0
 92
        0
301
CELL_VALUE
 93
        6
 90
        4
  1
LOCK WASHER
 94
        0
300

302
LOCK WASHER
304
ACVALUE_END
171
     1
172
     0
173
     0
174
     0
175
     1
176
     1
 91
   262176
178
     0
145
0.0
140
3.0
 92
        0
301
CELL_VALUE
 93
        6
 90
        4
  1
4
 94
        0
300

302
4
304
ACVALUE_END
171
     1
172
     0
173
     0
174
     0
175
     1
176
     1
 91
   262176
178
     0
145
0.0
140
3.0
 92
        0
301
CELL_VALUE
 93
        6
 90
        4
  1
SPRING
 94
        0
300

302
SPRING
304
ACVALUE_END
171
     1
172
     0
173
     0
174
     0
175
     1
176
     1
 91
   262176
178
     0
145
0.0
140
3.0
 92
        0
301
CELL_VALUE
 93
        6
 90
        4
  1
STANDARD
 94
        0
300

302
STANDARD
304
ACVALUE_END
  0
ENDSEC
  0
SECTION
  2
OBJECTS
  0
DICTIONARY
  5
C
330
0
100
AcDbDictionary
281
     1
  3
ACAD_CIP_PREVIOUS_PRODUCT_INFO
350
216
  3
ACAD_COLOR
350
6B
  3
ACAD_DETAILVIEWSTYLE
350
21B
  3
ACAD_GROUP
350
D
  3
ACAD_LAYOUT
350
1A
  3
ACAD_MATERIAL
350
6A
  3
ACAD_MLEADERSTYLE
350
12D
  3
ACAD_MLINESTYLE
350
17
  3
ACAD_PLOTSETTINGS
350
19
  3
ACAD_PLOTSTYLENAME
350
E
  3
ACAD_SCALELIST
350
10C
  3
ACAD_SECTIONVIEWSTYLE
350
219
  3
ACAD_TABLESTYLE
350
7E
  3
ACAD_VISUALSTYLE
350
EF
  3
ACDB_RECOMPOSE_DATA
350
5B9
  3
AcDbVariableDictionary
350
5E
  0
DICTIONARY
  5
1FF
330
2
100
AcDbDictionary
280
     1
281
     1
  3
ACAD_LAYERSTATES
360
200
  0
DICTIONARY
  5
13C
330
10
100
AcDbDictionary
280
     1
281
     1
  0
DICTIONARY
  5
1CE
330
1F
100
AcDbDictionary
280
     1
281
     1
  0
DICTIONARY
  5
5B7
330
44B
100
AcDbDictionary
280
     1
281
     1
  3
ACAD_XREC_ROUNDTRIP
360
5B8
  0
XRECORD
  5
216
102
{ACAD_REACTORS
330
C
102
}
330
C
100
AcDbXrecord
280
     1
300
ACD
300
2020
300

  0
DICTIONARY
  5
6B
102
{ACAD_REACTORS
330
C
102
}
330
C
100
AcDbDictionary
281
     1
  0
DICTIONARY
  5
21B
102
{ACAD_REACTORS
330
C
102
}
330
C
100
AcDbDictionary
281
     1
  3
Metric50
350
21C
  0
DICTIONARY
  5
D
102
{ACAD_REACTORS
330
C
102
}
330
C
100
AcDbDictionary
281
     1
  0
DICTIONARY
  5
1A
102
{ACAD_REACTORS
330
C
102
}
330
C
100
AcDbDictionary
281
     1
  3
Model
350
22
  3
布局1
350
D3
  3
布局2
350
D7
  0
DICTIONARY
  5
6A
102
{ACAD_REACTORS
330
C
102
}
330
C
100
AcDbDictionary
281
     1
  3
ByBlock
350
ED
  3
ByLayer
350
EC
  3
Global
350
EE
  0
DICTIONARY
  5
12D
102
{ACAD_REACTORS
330
C
102
}
330
C
100
AcDbDictionary
281
     1
  3
Annotative
350
13B
  3
Standard
350
12E
  0
DICTIONARY
  5
17
102
{ACAD_REACTORS
330
C
102
}
330
C
100
AcDbDictionary
281
     1
  3
Standard
350
18
  0
DICTIONARY
  5
19
102
{ACAD_REACTORS
330
C
102
}
330
C
100
AcDbDictionary
281
     1
  0
ACDBDICTIONARYWDFLT
  5
E
102
{ACAD_REACTORS
330
C
102
}
330
C
100
AcDbDictionary
281
     1
  3
Normal
350
F
100
AcDbDictionaryWithDefault
340
F
  0
DICTIONARY
  5
10C
102
{ACAD_REACTORS
330
C
102
}
330
C
100
AcDbDictionary
281
     1
  3
A0
350
10D
  3
A1
350
1BE
  3
A2
350
1BF
  3
A3
350
1C0
  3
A4
350
1C1
  3
A5
350
1C2
  3
A6
350
1C3
  3
A7
350
1C4
  3
A8
350
1C5
  3
A9
350
1C6
  3
B0
350
1C7
  3
B1
350
1C8
  3
B2
350
1C9
  3
B3
350
1CA
  3
B4
350
1CB
  3
B5
350
1CC
  3
B6
350
1CD
  0
DICTIONARY
  5
219
102
{ACAD_REACTORS
330
C
102
}
330
C
100
AcDbDictionary
281
     1
  3
Metric50
350
21A
  0
DICTIONARY
  5
7E
102
{ACAD_REACTORS
330
C
102
}
330
C
100
AcDbDictionary
281
     1
  3
Standard
350
7F
  0
DICTIONARY
  5
EF
102
{ACAD_REACTORS
330
C
102
}
330
C
100
AcDbDictionary
281
     1
  3
2dWireframe
350
F5
  3
Basic
350
F4
  3
Brighten
350
FB
  3
ColorChange
350
FF
  3
Conceptual
350
F8
  3
Dim
350
FA
  3
EdgeColorOff
350
1E6
  3
Facepattern
350
FE
  3
Flat
350
F0
  3
FlatWithEdges
350
F1
  3
Gouraud
350
F2
  3
GouraudWithEdges
350
F3
  3
Hidden
350
F7
  3
JitterOff
350
1E4
  3
Linepattern
350
FD
  3
OverhangOff
350
1E5
  3
Realistic
350
F9
  3
Shaded
350
1F3
  3
Shaded with edges
350
1F2
  3
Shades of Gray
350
1EF
  3
Sketchy
350
1F0
  3
Thicken
350
FC
  3
Wireframe
350
F6
  3
X-Ray
350
1F1
  0
XRECORD
  5
5B9
102
{ACAD_REACTORS
330
C
102
}
330
C
100
AcDbXrecord
280
     1
 90
        1
330
7F
330
420
330
44B
  0
DICTIONARY
  5
5E
102
{ACAD_REACTORS
330
C
102
}
330
C
100
AcDbDictionary
281
     1
  3
CANNOSCALE
350
146
  3
CENTEREXE
350
259
  3
CENTERLTYPEFILE
350
25A
  3
CMLEADERSTYLE
350
145
  3
CTABLESTYLE
350
84
  3
CVIEWDETAILSTYLE
350
227
  3
CVIEWSECTIONSTYLE
350
228
  3
DIMASSOC
350
5F
  3
HIDETEXT
350
63
  3
LAYEREVAL
350
1AE
  3
LAYERNOTIFY
350
1AF
  0
DICTIONARY
  5
200
102
{ACAD_REACTORS
330
1FF
102
}
330
1FF
100
AcDbDictionary
281
     1
  0
XRECORD
  5
5B8
102
{ACAD_REACTORS
330
5B7
102
}
330
5B7
100
AcDbXrecord
280
     1
102
ACAD_ROUNDTRIP_2008_TABLE_ENTITY
360
5B5
 70
     2
 90
        1
 10
0.0
 20
0.0
 30
0.0
 90
        0
 90
        9
361
5B6
  0
ACDBDETAILVIEWSTYLE
  5
21C
102
{ACAD_REACTORS
330
21B
102
}
330
21B
100
AcDbModelDocViewStyle
 70
     0
  3
Metric50
290
     0
300
Metric50
 90
        0
100
AcDbDetailViewStyle
 70
     0
 71
     0
 90
        3
 71
     1
340
11
 62
   256
 40
5.0
340
0
 62
   256
 40
5.0
300

 40
0.0
280
     1
 71
     2
340
16
 90
       25
 62
   256
 71
     3
340
11
 62
   256
 40
5.0
 90
        0
 40
15.0
 90
        1
300
%<\AcVar ViewDetailId>% (%<\AcVar ViewScale \f "%sn">%)
 71
     4
340
16
 90
       25
 62
   256
340
16
 90
       25
 62
   256
280
     0
  0
LAYOUT
  5
22
102
{ACAD_XDICTIONARY
360
205
102
}
102
{ACAD_REACTORS
330
1A
102
}
330
1A
100
AcDbPlotSettings
  1

  2
无
  4
Letter_(8.50_x_11.00_Inches)
  6

 40
6.349999904632568
 41
6.349999904632568
 42
6.350006103515625
 43
6.350006103515625
 44
215.8999938964844
 45
279.3999938964844
 46
0.0
 47
79.25468567203235
 48
0.0
 49
0.0
140
0.0
141
0.0
142
1.0
143
2.579107852879229
 70
 11952
 72
     1
 73
     0
 74
     0
  7

 75
     0
147
0.387730974058969
 76
     0
 77
     2
 78
   300
148
52.98262323951973
149
-8.982366322918949
100
AcDbLayout
  1
Model
 70
     1
 71
     0
 10
0.0
 20
0.0
 11
12.0
 21
9.0
 12
0.0
 22
0.0
 32
0.0
 14
0.0
 24
0.0
 34
0.0
 15
0.0
 25
0.0
 35
0.0
146
0.0
 13
0.0
 23
0.0
 33
0.0
 16
1.0
 26
0.0
 36
0.0
 17
0.0
 27
1.0
 37
0.0
 76
     0
330
1F
331
EA
1001
ACAD_PSEXT
1000
无
1000
无
1000
不可用
1000
在选择新的绘图仪配置名称之前，不能打印该布局。
1070
     0
  0
LAYOUT
  5
D3
102
{ACAD_REACTORS
330
1A
102
}
330
1A
100
AcDbPlotSettings
  1

  2
Default Windows System Printer.pc3
  4

  6

 40
0.0
 41
0.0
 42
0.0
 43
0.0
 44
0.0
 45
0.0
 46
0.0
 47
0.0
 48
0.0
 49
0.0
140
0.0
141
0.0
142
1.0
143
1.0
 70
   688
 72
     0
 73
     0
 74
     5
  7

 75
    16
147
1.0
 76
     0
 77
     2
 78
   300
148
0.0
149
0.0
100
AcDbLayout
  1
布局1
 70
     1
 71
     1
 10
0.0
 20
0.0
 11
12.0
 21
9.0
 12
0.0
 22
0.0
 32
0.0
 14
0.0
 24
0.0
 34
0.0
 15
0.0
 25
0.0
 35
0.0
146
0.0
 13
0.0
 23
0.0
 33
0.0
 16
1.0
 26
0.0
 36
0.0
 17
0.0
 27
1.0
 37
0.0
 76
     0
330
D2
  0
LAYOUT
  5
D7
102
{ACAD_REACTORS
330
1A
102
}
330
1A
100
AcDbPlotSettings
  1

  2
Default Windows System Printer.pc3
  4

  6

 40
0.0
 41
0.0
 42
0.0
 43
0.0
 44
0.0
 45
0.0
 46
0.0
 47
0.0
 48
0.0
 49
0.0
140
0.0
141
0.0
142
1.0
143
1.0
 70
   688
 72
     0
 73
     0
 74
     5
  7

 75
    16
147
1.0
 76
     0
 77
     2
 78
   300
148
0.0
149
0.0
100
AcDbLayout
  1
布局2
 70
     1
 71
     2
 10
0.0
 20
0.0
 11
12.0
 21
9.0
 12
0.0
 22
0.0
 32
0.0
 14
0.0
 24
0.0
 34
0.0
 15
0.0
 25
0.0
 35
0.0
146
0.0
 13
0.0
 23
0.0
 33
0.0
 16
1.0
 26
0.0
 36
0.0
 17
0.0
 27
1.0
 37
0.0
 76
     0
330
D6
  0
MATERIAL
  5
ED
102
{ACAD_XDICTIONARY
360
1F9
102
}
102
{ACAD_REACTORS
330
6A
102
}
330
6A
100
AcDbMaterial
  1
ByBlock
 94
       63
  0
MATERIAL
  5
EC
102
{ACAD_XDICTIONARY
360
1F7
102
}
102
{ACAD_REACTORS
330
6A
102
}
330
6A
100
AcDbMaterial
  1
ByLayer
 94
       63
  0
MATERIAL
  5
EE
102
{ACAD_XDICTIONARY
360
173
102
}
102
{ACAD_REACTORS
330
6A
102
}
330
6A
100
AcDbMaterial
  1
Global
 43
0.0007999999797903
 43
0.0
 43
0.0
 43
0.0
 43
0.0
 43
0.0007999999797903
 43
0.0
 43
0.0
 43
0.0
 43
0.0
 43
1.0
 43
0.0
 43
0.0
 43
0.0
 43
0.0
 43
1.0
 49
0.0007999999797903
 49
0.0
 49
0.0
 49
0.0
 49
0.0
 49
0.0007999999797903
 49
0.0
 49
0.0
 49
0.0
 49
0.0
 49
1.0
 49
0.0
 49
0.0
 49
0.0
 49
0.0
 49
1.0
142
0.0007999999797903
142
0.0
142
0.0
142
0.0
142
0.0
142
0.0007999999797903
142
0.0
142
0.0
142
0.0
142
0.0
142
1.0
142
0.0
142
0.0
142
0.0
142
0.0
142
1.0
144
0.0007999999797903
144
0.0
144
0.0
144
0.0
144
0.0
144
0.0007999999797903
144
0.0
144
0.0
144
0.0
144
0.0
144
1.0
144
0.0
144
0.0
144
0.0
144
0.0
144
1.0
 94
       63
1001
ACAD
1070
    -1
1070
     3
1070
     0
1000

1071
        0
1070
     0
  0
MLEADERSTYLE
  5
13B
102
{ACAD_REACTORS
330
12D
102
}
330
12D
100
AcDbMLeaderStyle
179
     2
170
     2
171
     1
172
     0
 90
        2
 40
0.0
 41
0.0
173
     1
 91
-1056964608
340
14
 92
       -2
290
     1
 42
2.0
291
     1
 43
8.0
  3
Standard
 44
4.0
300

342
11
174
     1
178
     1
175
     1
176
     0
 93
-1056964608
 45
4.0
292
     0
297
     0
 46
4.0
 94
-1056964608
 47
1.0
 49
1.0
140
1.0
293
     1
141
0.0
294
     1
177
     0
142
1.0
295
     0
296
     1
143
3.75
271
     0
272
     9
273
     9
298
     0
  0
MLEADERSTYLE
  5
12E
102
{ACAD_REACTORS
330
12D
330
441
330
442
330
443
330
444
330
445
330
446
330
447
330
448
102
}
330
12D
100
AcDbMLeaderStyle
179
     2
170
     2
171
     1
172
     0
 90
        2
 40
0.0
 41
0.0
173
     1
 91
-1056964608
340
14
 92
       -2
290
     1
 42
2.0
291
     1
 43
8.0
  3
Standard
 44
4.0
300

342
11
174
     1
178
     1
175
     1
176
     0
 93
-1056964608
 45
4.0
292
     0
297
     0
 46
4.0
 94
-1056964608
 47
1.0
 49
1.0
140
1.0
293
     1
141
0.0
294
     1
177
     0
142
1.0
295
     0
296
     0
143
3.75
271
     0
272
     9
273
     9
298
     0
  0
MLINESTYLE
  5
18
102
{ACAD_REACTORS
330
17
102
}
330
17
100
AcDbMlineStyle
  2
STANDARD
 70
     0
  3

 62
   256
 51
90.0
 52
90.0
 71
     2
 49
0.5
 62
   256
  6
BYLAYER
 49
-0.5
 62
   256
  6
BYLAYER
  0
ACDBPLACEHOLDER
  5
F
102
{ACAD_REACTORS
330
E
102
}
330
E
  0
SCALE
  5
10D
102
{ACAD_REACTORS
330
10C
102
}
330
10C
100
AcDbScale
 70
     0
300
1:1
140
1.0
141
1.0
290
     1
  0
SCALE
  5
1BE
102
{ACAD_REACTORS
330
10C
102
}
330
10C
100
AcDbScale
 70
     0
300
1:2
140
1.0
141
2.0
290
     0
  0
SCALE
  5
1BF
102
{ACAD_REACTORS
330
10C
102
}
330
10C
100
AcDbScale
 70
     0
300
1:4
140
1.0
141
4.0
290
     0
  0
SCALE
  5
1C0
102
{ACAD_REACTORS
330
10C
102
}
330
10C
100
AcDbScale
 70
     0
300
1:5
140
1.0
141
5.0
290
     0
  0
SCALE
  5
1C1
102
{ACAD_REACTORS
330
10C
102
}
330
10C
100
AcDbScale
 70
     0
300
1:8
140
1.0
141
8.0
290
     0
  0
SCALE
  5
1C2
102
{ACAD_REACTORS
330
10C
102
}
330
10C
100
AcDbScale
 70
     0
300
1:10
140
1.0
141
10.0
290
     0
  0
SCALE
  5
1C3
102
{ACAD_REACTORS
330
10C
102
}
330
10C
100
AcDbScale
 70
     0
300
1:16
140
1.0
141
16.0
290
     0
  0
SCALE
  5
1C4
102
{ACAD_REACTORS
330
10C
102
}
330
10C
100
AcDbScale
 70
     0
300
1:20
140
1.0
141
20.0
290
     0
  0
SCALE
  5
1C5
102
{ACAD_REACTORS
330
10C
102
}
330
10C
100
AcDbScale
 70
     0
300
1:30
140
1.0
141
30.0
290
     0
  0
SCALE
  5
1C6
102
{ACAD_REACTORS
330
10C
102
}
330
10C
100
AcDbScale
 70
     0
300
1:40
140
1.0
141
40.0
290
     0
  0
SCALE
  5
1C7
102
{ACAD_REACTORS
330
10C
102
}
330
10C
100
AcDbScale
 70
     0
300
1:50
140
1.0
141
50.0
290
     0
  0
SCALE
  5
1C8
102
{ACAD_REACTORS
330
10C
102
}
330
10C
100
AcDbScale
 70
     0
300
1:100
140
1.0
141
100.0
290
     0
  0
SCALE
  5
1C9
102
{ACAD_REACTORS
330
10C
102
}
330
10C
100
AcDbScale
 70
     0
300
2:1
140
2.0
141
1.0
290
     0
  0
SCALE
  5
1CA
102
{ACAD_REACTORS
330
10C
102
}
330
10C
100
AcDbScale
 70
     0
300
4:1
140
4.0
141
1.0
290
     0
  0
SCALE
  5
1CB
102
{ACAD_REACTORS
330
10C
102
}
330
10C
100
AcDbScale
 70
     0
300
8:1
140
8.0
141
1.0
290
     0
  0
SCALE
  5
1CC
102
{ACAD_REACTORS
330
10C
102
}
330
10C
100
AcDbScale
 70
     0
300
10:1
140
10.0
141
1.0
290
     0
  0
SCALE
  5
1CD
102
{ACAD_REACTORS
330
10C
102
}
330
10C
100
AcDbScale
 70
     0
300
100:1
140
100.0
141
1.0
290
     0
  0
ACDBSECTIONVIEWSTYLE
  5
21A
102
{ACAD_REACTORS
330
219
102
}
330
219
100
AcDbModelDocViewStyle
 70
     0
  3
Metric50
290
     0
300
Metric50
 90
        0
100
AcDbSectionViewStyle
 70
     0
 71
     0
 90
      102
 71
     1
340
11
 62
   256
 40
5.0
340
0
340
0
 62
   256
 40
5.0
300
I, O, Q, S, X, Z
 40
10.0
 90
        0
 40
2.5
 90
        0
 71
     2
340
16
 90
       25
 62
   256
340
16
 90
       50
 62
   256
 40
5.0
 40
2.5
 40
5.0
 71
     3
340
11
 62
   256
 40
5.0
 90
        0
 40
15.0
 90
        1
300
%<\AcVar ViewSectionStartId>%-%<\AcVar ViewSectionEndId>% (%<\AcVar ViewScale \f "%sn">%)
 71
     4
 62
   256
 62
   257
300
ANSI31
 40
1.0
 90
        0
290
     0
290
     0
 90
        6
 40
0.0
 40
1.570796326794896
 40
0.2617993877991494
 40
1.308996938995747
 40
-0.2617993877991494
 40
1.832595714594046
  0
TABLESTYLE
  5
7F
102
{ACAD_XDICTIONARY
360
162
102
}
102
{ACAD_REACTORS
330
7E
330
44B
102
}
330
7E
100
AcDbTableStyle
280
     0
  3
Standard
 70
     0
 71
     0
 40
1.5
 41
1.5
280
     0
281
     0
  7
Standard
140
4.5
170
     2
 62
     0
 63
     7
283
     0
 90
      512
 91
        0
  1

274
    -2
284
     1
 64
     0
275
    -2
285
     1
 65
     0
276
    -2
286
     1
 66
     0
277
    -2
287
     1
 67
     0
278
    -2
288
     1
 68
     0
279
    -2
289
     1
 69
     0
  7
Standard
140
6.0
170
     5
 62
     0
 63
     7
283
     0
 90
      512
 91
        0
  1

274
    -2
284
     1
 64
     0
275
    -2
285
     1
 65
     0
276
    -2
286
     1
 66
     0
277
    -2
287
     1
 67
     0
278
    -2
288
     1
 68
     0
279
    -2
289
     1
 69
     0
  7
Standard
140
4.5
170
     5
 62
     0
 63
     7
283
     0
 90
      512
 91
        0
  1

274
    -2
284
     1
 64
     0
275
    -2
285
     1
 65
     0
276
    -2
286
     1
 66
     0
277
    -2
287
     1
 67
     0
278
    -2
288
     1
 68
     0
279
    -2
289
     1
 69
     0
  0
VISUALSTYLE
  5
F5
102
{ACAD_REACTORS
330
EF
102
}
330
EF
100
AcDbVisualStyle
  2
2dWireframe
 70
     4
177
     3
291
     0
 70
    58
 90
        0
176
     1
 90
        2
176
     1
 90
        1
176
     1
 90
        0
176
     1
 40
0.6
176
     1
 40
30.0
176
     1
 62
     7
420
 16777215
176
     1
 90
        1
176
     1
 90
        4
176
     1
 62
     7
176
     1
 62
   257
176
     1
 90
        1
176
     1
 90
        1
176
     1
 40
1.0
176
     1
 90
        0
176
     1
 62
   257
176
     1
 40
1.0
176
     1
 90
        1
176
     1
 90
        6
176
     1
 90
        2
176
     1
 62
     7
176
     1
 90
        5
176
     1
 90
        0
176
     1
 90
        0
176
     1
290
     0
176
     1
 90
        1
176
     1
 40
0.0
176
     1
 90
        0
176
     1
290
     1
176
     1
290
     1
176
     1
290
     0
176
     1
290
     0
176
     1
290
     0
176
     1
290
     0
176
     1
290
     0
176
     1
290
     0
176
     1
290
     0
176
     1
 90
       50
176
     1
 40
0.0
176
     1
 40
1.0
176
     1
 90
        0
176
     1
 62
    18
420
        0
176
     1
 90
       50
176
     1
 90
        3
176
     1
 62
     5
420
      255
176
     1
290
     0
176
     1
 90
       50
176
     1
 90
       50
176
     1
 90
       50
176
     1
290
     0
176
     1
 90
       50
176
     1
 62
   256
176
     0
 40
1.0
176
     0
 90
        2
176
     1
  1
strokes_ogs.tif
176
     1
290
     0
176
     1
 40
1.0
176
     1
 40
1.0
176
     1
  0
VISUALSTYLE
  5
F4
102
{ACAD_REACTORS
330
EF
102
}
330
EF
100
AcDbVisualStyle
  2
Basic
 70
     7
177
     3
291
     1
 70
    58
 90
        1
176
     1
 90
        0
176
     1
 90
        1
176
     1
 90
        0
176
     1
 40
0.6
176
     1
 40
30.0
176
     1
 62
     7
420
 16777215
176
     1
 90
        0
176
     1
 90
        4
176
     1
 62
     7
176
     1
 62
   257
176
     1
 90
        1
176
     1
 90
        1
176
     1
 40
1.0
176
     1
 90
        8
176
     1
 62
     7
176
     1
 40
1.0
176
     1
 90
        1
176
     1
 90
        6
176
     1
 90
        2
176
     1
 62
     7
176
     1
 90
        5
176
     1
 90
        0
176
     1
 90
        0
176
     1
290
     0
176
     1
 90
        1
176
     1
 40
0.0
176
     1
 90
        0
176
     1
290
     0
176
     1
290
     1
176
     1
290
     1
176
     1
290
     0
176
     1
290
     0
176
     1
290
     0
176
     1
290
     0
176
     1
290
     0
176
     1
290
     0
176
     1
 90
       50
176
     1
 40
0.0
176
     1
 40
1.0
176
     1
 90
        0
176
     1
 62
    18
420
        0
176
     1
 90
       50
176
     1
 90
        3
176
     1
 62
     5
420
      255
176
     1
290
     0
176
     1
 90
       50
176
     1
 90
       50
176
     1
 90
       50
176
     1
290
     0
176
     1
 90
       50
176
     1
 62
   256
176
     0
 40
1.0
176
     0
 90
        2
176
     1
  1
strokes_ogs.tif
176
     1
290
     0
176
     1
 40
1.0
176
     1
 40
1.0
176
     1
  0
VISUALSTYLE
  5
FB
102
{ACAD_REACTORS
330
EF
102
}
330
EF
100
AcDbVisualStyle
  2
Brighten
 70
    12
177
     3
291
     1
 70
    58
 90
        2
176
     1
 90
        2
176
     1
 90
        1
176
     1
 90
        0
176
     1
 40
0.6
176
     1
 40
30.0
176
     1
 62
     7
420
 16777215
176
     1
 90
        1
176
     1
 90
        4
176
     1
 62
     7
176
     1
 62
   257
176
     1
 90
        1
176
     1
 90
        1
176
     1
 40
1.0
176
     1
 90
        8
176
     1
 62
     7
176
     1
 40
1.0
176
     1
 90
        1
176
     1
 90
        6
176
     1
 90
        2
176
     1
 62
     7
176
     1
 90
        5
176
     1
 90
        0
176
     1
 90
        0
176
     1
290
     0
176
     1
 90
        1
176
     1
 40
50.0
176
     1
 90
        0
176
     1
290
     0
176
     1
290
     1
176
     1
290
     1
176
     1
290
     0
176
     1
290
     0
176
     1
290
     0
176
     1
290
     0
176
     1
290
     0
176
     1
290
     0
176
     1
 90
       50
176
     1
 40
0.0
176
     1
 40
1.0
176
     1
 90
        0
176
     1
 62
    18
420
        0
176
     1
 90
       50
176
     1
 90
        3
176
     1
 62
     5
420
      255
176
     1
290
     0
176
     1
 90
       50
176
     1
 90
       50
176
     1
 90
       50
176
     1
290
     0
176
     1
 90
       50
176
     1
 62
   256
176
     0
 40
1.0
176
     0
 90
        2
176
     1
  1
strokes_ogs.tif
176
     1
290
     0
176
     1
 40
1.0
176
     1
 40
1.0
176
     1
  0
VISUALSTYLE
  5
FF
102
{ACAD_REACTORS
330
EF
102
}
330
EF
100
AcDbVisualStyle
  2
ColorChange
 70
    16
177
     3
291
     1
 70
    58
 90
        2
176
     1
 90
        2
176
     1
 90
        3
176
     1
 90
        0
176
     1
 40
0.6
176
     1
 40
30.0
176
     1
 62
     8
420
  8421504
176
     1
 90
        1
176
     1
 90
        4
176
     1
 62
     7
176
     1
 62
   257
176
     1
 90
        1
176
     1
 90
        1
176
     1
 40
1.0
176
     1
 90
        8
176
     1
 62
     8
420
  8421504
176
     1
 40
1.0
176
     1
 90
        1
176
     1
 90
        6
176
     1
 90
        2
176
     1
 62
     7
176
     1
 90
        5
176
     1
 90
        0
176
     1
 90
        0
176
     1
290
     0
176
     1
 90
        1
176
     1
 40
0.0
176
     1
 90
        0
176
     1
290
     0
176
     1
290
     1
176
     1
290
     1
176
     1
290
     0
176
     1
290
     0
176
     1
290
     0
176
     1
290
     0
176
     1
290
     0
176
     1
290
     0
176
     1
 90
       50
176
     1
 40
0.0
176
     1
 40
1.0
176
     1
 90
        0
176
     1
 62
    18
420
        0
176
     1
 90
       50
176
     1
 90
        3
176
     1
 62
     5
420
      255
176
     1
290
     0
176
     1
 90
       50
176
     1
 90
       50
176
     1
 90
       50
176
     1
290
     0
176
     1
 90
       50
176
     1
 62
   256
176
     0
 40
1.0
176
     0
 90
        2
176
     1
  1
strokes_ogs.tif
176
     1
290
     0
176
     1
 40
1.0
176
     1
 40
1.0
176
     1
  0
VISUALSTYLE
  5
F8
102
{ACAD_REACTORS
330
EF
102
}
330
EF
100
AcDbVisualStyle
  2
Conceptual
 70
     9
177
     3
291
     0
 70
    58
 90
        3
176
     1
 90
        2
176
     1
 90
        1
176
     1
 90
        0
176
     1
 40
0.6
176
     1
 40
30.0
176
     1
 62
     7
420
 16777215
176
     1
 90
        2
176
     1
 90
        2
176
     1
 62
     7
176
     1
 62
   257
176
     1
 90
        1
176
     1
 90
        1
176
     1
 40
40.0
176
     1
 90
        8
176
     1
 62
     7
176
     1
 40
1.0
176
     1
 90
        1
176
     1
 90
        6
176
     1
 90
        2
176
     1
 62
     7
176
     1
 90
        3
176
     1
 90
        0
176
     1
 90
        0
176
     1
290
     0
176
     1
 90
        1
176
     1
 40
0.0
176
     1
 90
        0
176
     1
290
     0
176
     1
290
     1
176
     1
290
     1
176
     1
290
     0
176
     1
290
     0
176
     1
290
     0
176
     1
290
     0
176
     1
290
     0
176
     1
290
     0
176
     1
 90
       50
176
     1
 40
0.0
176
     1
 40
1.0
176
     1
 90
        0
176
     1
 62
    18
420
        0
176
     1
 90
       50
176
     1
 90
        3
176
     1
 62
     5
420
      255
176
     1
290
     0
176
     1
 90
       50
176
     1
 90
       50
176
     1
 90
       50
176
     1
290
     0
176
     1
 90
       50
176
     1
 62
   256
176
     0
 40
1.0
176
     0
 90
        2
176
     1
  1
strokes_ogs.tif
176
     1
290
     0
176
     1
 40
1.0
176
     1
 40
1.0
176
     1
  0
VISUALSTYLE
  5
FA
102
{ACAD_REACTORS
330
EF
102
}
330
EF
100
AcDbVisualStyle
  2
Dim
 70
    11
177
     3
291
     1
 70
    58
 90
        2
176
     1
 90
        2
176
     1
 90
        1
176
     1
 90
        0
176
     1
 40
0.6
176
     1
 40
30.0
176
     1
 62
     7
420
 16777215
176
     1
 90
        1
176
     1
 90
        4
176
     1
 62
     7
176
     1
 62
   257
176
     1
 90
        1
176
     1
 90
        1
176
     1
 40
1.0
176
     1
 90
        8
176
     1
 62
     7
176
     1
 40
1.0
176
     1
 90
        1
176
     1
 90
        6
176
     1
 90
        2
176
     1
 62
     7
176
     1
 90
        5
176
     1
 90
        0
176
     1
 90
        0
176
     1
290
     0
176
     1
 90
        1
176
     1
 40
-50.0
176
     1
 90
        0
176
     1
290
     0
176
     1
290
     1
176
     1
290
     1
176
     1
290
     0
176
     1
290
     0
176
     1
290
     0
176
     1
290
     0
176
     1
290
     0
176
     1
290
     0
176
     1
 90
       50
176
     1
 40
0.0
176
     1
 40
1.0
176
     1
 90
        0
176
     1
 62
    18
420
        0
176
     1
 90
       50
176
     1
 90
        3
176
     1
 62
     5
420
      255
176
     1
290
     0
176
     1
 90
       50
176
     1
 90
       50
176
     1
 90
       50
176
     1
290
     0
176
     1
 90
       50
176
     1
 62
   256
176
     0
 40
1.0
176
     0
 90
        2
176
     1
  1
strokes_ogs.tif
176
     1
290
     0
176
     1
 40
1.0
176
     1
 40
1.0
176
     1
  0
VISUALSTYLE
  5
1E6
102
{ACAD_REACTORS
330
EF
102
}
330
EF
100
AcDbVisualStyle
  2
EdgeColorOff
 70
    22
177
     3
291
     1
 70
    58
 90
        2
176
     0
 90
        2
176
     0
 90
        0
176
     0
 90
        0
176
     0
 40
0.6
176
     0
 40
30.0
176
     0
 62
     7
420
 16777215
176
     0
 90
        1
176
     0
 90
        4
176
     0
 62
     7
176
     0
 62
   257
176
     0
 90
        1
176
     0
 90
        1
176
     0
 40
1.0
176
     0
 90
        8
176
     2
 62
     7
176
     0
 40
1.0
176
     0
 90
        1
176
     0
 90
        6
176
     0
 90
        2
176
     0
 62
     7
176
     0
 90
        5
176
     0
 90
        0
176
     0
 90
        0
176
     0
290
     0
176
     0
 90
        1
176
     0
 40
0.0
176
     0
 90
        0
176
     0
290
     0
176
     1
290
     1
176
     1
290
     1
176
     1
290
     0
176
     1
290
     0
176
     1
290
     0
176
     1
290
     0
176
     1
290
     0
176
     1
290
     0
176
     1
 90
       50
176
     1
 40
0.0
176
     1
 40
1.0
176
     1
 90
        0
176
     1
 62
    18
420
        0
176
     1
 90
       50
176
     1
 90
        3
176
     1
 62
     5
420
      255
176
     1
290
     0
176
     1
 90
       50
176
     1
 90
       50
176
     1
 90
       50
176
     1
290
     0
176
     1
 90
       50
176
     1
 62
   256
176
     0
 40
1.0
176
     0
 90
        2
176
     1
  1
strokes_ogs.tif
176
     1
290
     0
176
     1
 40
1.0
176
     1
 40
1.0
176
     1
  0
VISUALSTYLE
  5
FE
102
{ACAD_REACTORS
330
EF
102
}
330
EF
100
AcDbVisualStyle
  2
Facepattern
 70
    15
177
     3
291
     1
 70
    58
 90
        2
176
     1
 90
        2
176
     1
 90
        1
176
     1
 90
        0
176
     1
 40
0.6
176
     1
 40
30.0
176
     1
 62
     7
420
 16777215
176
     1
 90
        1
176
     1
 90
        4
176
     1
 62
     7
176
     1
 62
   257
176
     1
 90
        1
176
     1
 90
        1
176
     1
 40
1.0
176
     1
 90
        8
176
     1
 62
     7
176
     1
 40
1.0
176
     1
 90
        1
176
     1
 90
        6
176
     1
 90
        2
176
     1
 62
     7
176
     1
 90
        5
176
     1
 90
        0
176
     1
 90
        0
176
     1
290
     0
176
     1
 90
        1
176
     1
 40
0.0
176
     1
 90
        0
176
     1
290
     0
176
     1
290
     1
176
     1
290
     1
176
     1
290
     0
176
     1
290
     0
176
     1
290
     0
176
     1
290
     0
176
     1
290
     0
176
     1
290
     0
176
     1
 90
       50
176
     1
 40
0.0
176
     1
 40
1.0
176
     1
 90
        0
176
     1
 62
    18
420
        0
176
     1
 90
       50
176
     1
 90
        3
176
     1
 62
     5
420
      255
176
     1
290
     0
176
     1
 90
       50
176
     1
 90
       50
176
     1
 90
       50
176
     1
290
     0
176
     1
 90
       50
176
     1
 62
   256
176
     0
 40
1.0
176
     0
 90
        2
176
     1
  1
strokes_ogs.tif
176
     1
290
     0
176
     1
 40
1.0
176
     1
 40
1.0
176
     1
  0
VISUALSTYLE
  5
F0
102
{ACAD_REACTORS
330
EF
102
}
330
EF
100
AcDbVisualStyle
  2
Flat
 70
     0
177
     3
291
     1
 70
    58
 90
        2
176
     1
 90
        1
176
     1
 90
        1
176
     1
 90
        2
176
     1
 40
0.6
176
     1
 40
30.0
176
     1
 62
     7
420
 16777215
176
     1
 90
        0
176
     1
 90
        0
176
     1
 62
     7
176
     1
 62
   257
176
     1
 90
        1
176
     1
 90
        1
176
     1
 40
1.0
176
     1
 90
        8
176
     1
 62
     7
176
     1
 40
1.0
176
     1
 90
        1
176
     1
 90
        6
176
     1
 90
        2
176
     1
 62
     7
176
     1
 90
        5
176
     1
 90
        0
176
     1
 90
        0
176
     1
290
     0
176
     1
 90
       13
176
     1
 40
0.0
176
     1
 90
        0
176
     1
290
     0
176
     1
290
     1
176
     1
290
     1
176
     1
290
     0
176
     1
290
     0
176
     1
290
     0
176
     1
290
     0
176
     1
290
     0
176
     1
290
     0
176
     1
 90
       50
176
     1
 40
0.0
176
     1
 40
1.0
176
     1
 90
        0
176
     1
 62
    18
420
        0
176
     1
 90
       50
176
     1
 90
        3
176
     1
 62
     5
420
      255
176
     1
290
     0
176
     1
 90
       50
176
     1
 90
       50
176
     1
 90
       50
176
     1
290
     0
176
     1
 90
       50
176
     1
 62
   256
176
     0
 40
1.0
176
     0
 90
        2
176
     1
  1
strokes_ogs.tif
176
     1
290
     0
176
     1
 40
1.0
176
     1
 40
1.0
176
     1
  0
VISUALSTYLE
  5
F1
102
{ACAD_REACTORS
330
EF
102
}
330
EF
100
AcDbVisualStyle
  2
FlatWithEdges
 70
     1
177
     3
291
     1
 70
    58
 90
        2
176
     1
 90
        1
176
     1
 90
        1
176
     1
 90
        2
176
     1
 40
0.6
176
     1
 40
30.0
176
     1
 62
     7
420
 16777215
176
     1
 90
        1
176
     1
 90
        0
176
     1
 62
     7
176
     1
 62
   257
176
     1
 90
        1
176
     1
 90
        1
176
     1
 40
1.0
176
     1
 90
        0
176
     1
 62
   257
176
     1
 40
1.0
176
     1
 90
        1
176
     1
 90
        6
176
     1
 90
        2
176
     1
 62
     7
176
     1
 90
        5
176
     1
 90
        0
176
     1
 90
        0
176
     1
290
     0
176
     1
 90
       13
176
     1
 40
0.0
176
     1
 90
        0
176
     1
290
     0
176
     1
290
     1
176
     1
290
     1
176
     1
290
     0
176
     1
290
     0
176
     1
290
     0
176
     1
290
     0
176
     1
290
     0
176
     1
290
     0
176
     1
 90
       50
176
     1
 40
0.0
176
     1
 40
1.0
176
     1
 90
        0
176
     1
 62
    18
420
        0
176
     1
 90
       50
176
     1
 90
        3
176
     1
 62
     5
420
      255
176
     1
290
     0
176
     1
 90
       50
176
     1
 90
       50
176
     1
 90
       50
176
     1
290
     0
176
     1
 90
       50
176
     1
 62
   256
176
     0
 40
1.0
176
     0
 90
        2
176
     1
  1
strokes_ogs.tif
176
     1
290
     0
176
     1
 40
1.0
176
     1
 40
1.0
176
     1
  0
VISUALSTYLE
  5
F2
102
{ACAD_REACTORS
330
EF
102
}
330
EF
100
AcDbVisualStyle
  2
Gouraud
 70
     2
177
     3
291
     1
 70
    58
 90
        2
176
     1
 90
        2
176
     1
 90
        1
176
     1
 90
        2
176
     1
 40
0.6
176
     1
 40
30.0
176
     1
 62
     7
420
 16777215
176
     1
 90
        0
176
     1
 90
        0
176
     1
 62
     7
176
     1
 62
   257
176
     1
 90
        1
176
     1
 90
        1
176
     1
 40
1.0
176
     1
 90
        0
176
     1
 62
     7
176
     1
 40
1.0
176
     1
 90
        1
176
     1
 90
        6
176
     1
 90
        2
176
     1
 62
     7
176
     1
 90
        5
176
     1
 90
        0
176
     1
 90
        0
176
     1
290
     0
176
     1
 90
       13
176
     1
 40
0.0
176
     1
 90
        0
176
     1
290
     0
176
     1
290
     1
176
     1
290
     1
176
     1
290
     0
176
     1
290
     0
176
     1
290
     0
176
     1
290
     0
176
     1
290
     0
176
     1
290
     0
176
     1
 90
       50
176
     1
 40
0.0
176
     1
 40
1.0
176
     1
 90
        0
176
     1
 62
    18
420
        0
176
     1
 90
       50
176
     1
 90
        3
176
     1
 62
     5
420
      255
176
     1
290
     0
176
     1
 90
       50
176
     1
 90
       50
176
     1
 90
       50
176
     1
290
     0
176
     1
 90
       50
176
     1
 62
   256
176
     0
 40
1.0
176
     0
 90
        2
176
     1
  1
strokes_ogs.tif
176
     1
290
     0
176
     1
 40
1.0
176
     1
 40
1.0
176
     1
  0
VISUALSTYLE
  5
F3
102
{ACAD_REACTORS
330
EF
102
}
330
EF
100
AcDbVisualStyle
  2
GouraudWithEdges
 70
     3
177
     3
291
     1
 70
    58
 90
        2
176
     1
 90
        2
176
     1
 90
        1
176
     1
 90
        2
176
     1
 40
0.6
176
     1
 40
30.0
176
     1
 62
     7
420
 16777215
176
     1
 90
        1
176
     1
 90
        0
176
     1
 62
     7
176
     1
 62
   257
176
     1
 90
        1
176
     1
 90
        1
176
     1
 40
1.0
176
     1
 90
        0
176
     1
 62
   257
176
     1
 40
1.0
176
     1
 90
        1
176
     1
 90
        6
176
     1
 90
        2
176
     1
 62
     7
176
     1
 90
        5
176
     1
 90
        0
176
     1
 90
        0
176
     1
290
     0
176
     1
 90
       13
176
     1
 40
0.0
176
     1
 90
        0
176
     1
290
     0
176
     1
290
     1
176
     1
290
     1
176
     1
290
     0
176
     1
290
     0
176
     1
290
     0
176
     1
290
     0
176
     1
290
     0
176
     1
290
     0
176
     1
 90
       50
176
     1
 40
0.0
176
     1
 40
1.0
176
     1
 90
        0
176
     1
 62
    18
420
        0
176
     1
 90
       50
176
     1
 90
        3
176
     1
 62
     5
420
      255
176
     1
290
     0
176
     1
 90
       50
176
     1
 90
       50
176
     1
 90
       50
176
     1
290
     0
176
     1
 90
       50
176
     1
 62
   256
176
     0
 40
1.0
176
     0
 90
        2
176
     1
  1
strokes_ogs.tif
176
     1
290
     0
176
     1
 40
1.0
176
     1
 40
1.0
176
     1
  0
VISUALSTYLE
  5
F7
102
{ACAD_REACTORS
330
EF
102
}
330
EF
100
AcDbVisualStyle
  2
Hidden
 70
     6
177
     3
291
     0
 70
    58
 90
        1
176
     1
 90
        2
176
     1
 90
        2
176
     1
 90
        0
176
     1
 40
0.6
176
     1
 40
30.0
176
     1
 62
     7
420
 16777215
176
     1
 90
        2
176
     1
 90
        2
176
     1
 62
     7
176
     1
 62
   257
176
     1
 90
        2
176
     1
 90
        1
176
     1
 40
40.0
176
     1
 90
        0
176
     1
 62
   257
176
     1
 40
1.0
176
     1
 90
        1
176
     1
 90
        6
176
     1
 90
        2
176
     1
 62
     7
176
     1
 90
        3
176
     1
 90
        0
176
     1
 90
        0
176
     1
290
     0
176
     1
 90
        1
176
     1
 40
0.0
176
     1
 90
        0
176
     1
290
     0
176
     1
290
     1
176
     1
290
     1
176
     1
290
     0
176
     1
290
     0
176
     1
290
     0
176
     1
290
     0
176
     1
290
     0
176
     1
290
     0
176
     1
 90
       50
176
     1
 40
0.0
176
     1
 40
1.0
176
     1
 90
        0
176
     1
 62
    18
420
        0
176
     1
 90
       50
176
     1
 90
        3
176
     1
 62
     5
420
      255
176
     1
290
     0
176
     1
 90
       50
176
     1
 90
       50
176
     1
 90
       50
176
     1
290
     0
176
     1
 90
       50
176
     1
 62
   256
176
     0
 40
1.0
176
     0
 90
        2
176
     1
  1
strokes_ogs.tif
176
     1
290
     0
176
     1
 40
1.0
176
     1
 40
1.0
176
     1
  0
VISUALSTYLE
  5
1E4
102
{ACAD_REACTORS
330
EF
102
}
330
EF
100
AcDbVisualStyle
  2
JitterOff
 70
    20
177
     3
291
     1
 70
    58
 90
        2
176
     0
 90
        2
176
     0
 90
        0
176
     0
 90
        0
176
     0
 40
0.6
176
     0
 40
30.0
176
     0
 62
     7
420
 16777215
176
     0
 90
        1
176
     0
 90
        4
176
     0
 62
     7
176
     0
 62
   257
176
     0
 90
        1
176
     0
 90
        1
176
     0
 40
1.0
176
     0
 90
       10
176
     2
 62
     7
176
     0
 40
1.0
176
     0
 90
        1
176
     0
 90
        6
176
     0
 90
        2
176
     0
 62
     7
176
     0
 90
        5
176
     0
 90
        0
176
     0
 90
        0
176
     0
290
     0
176
     0
 90
        1
176
     0
 40
0.0
176
     0
 90
        0
176
     0
290
     0
176
     1
290
     1
176
     1
290
     1
176
     1
290
     0
176
     1
290
     0
176
     1
290
     0
176
     1
290
     0
176
     1
290
     0
176
     1
290
     0
176
     1
 90
       50
176
     1
 40
0.0
176
     1
 40
1.0
176
     1
 90
        0
176
     1
 62
    18
420
        0
176
     1
 90
       50
176
     1
 90
        3
176
     1
 62
     5
420
      255
176
     1
290
     0
176
     1
 90
       50
176
     1
 90
       50
176
     1
 90
       50
176
     1
290
     0
176
     1
 90
       50
176
     1
 62
   256
176
     0
 40
1.0
176
     0
 90
        2
176
     1
  1
strokes_ogs.tif
176
     1
290
     0
176
     1
 40
1.0
176
     1
 40
1.0
176
     1
  0
VISUALSTYLE
  5
FD
102
{ACAD_REACTORS
330
EF
102
}
330
EF
100
AcDbVisualStyle
  2
Linepattern
 70
    14
177
     3
291
     1
 70
    58
 90
        2
176
     1
 90
        2
176
     1
 90
        1
176
     1
 90
        0
176
     1
 40
0.6
176
     1
 40
30.0
176
     1
 62
     7
420
 16777215
176
     1
 90
        1
176
     1
 90
        4
176
     1
 62
     7
176
     1
 62
   257
176
     1
 90
        7
176
     1
 90
        7
176
     1
 40
1.0
176
     1
 90
        8
176
     1
 62
     7
176
     1
 40
1.0
176
     1
 90
        1
176
     1
 90
        6
176
     1
 90
        2
176
     1
 62
     7
176
     1
 90
        5
176
     1
 90
        0
176
     1
 90
        0
176
     1
290
     0
176
     1
 90
        1
176
     1
 40
0.0
176
     1
 90
        0
176
     1
290
     0
176
     1
290
     1
176
     1
290
     1
176
     1
290
     0
176
     1
290
     0
176
     1
290
     0
176
     1
290
     0
176
     1
290
     0
176
     1
290
     0
176
     1
 90
       50
176
     1
 40
0.0
176
     1
 40
1.0
176
     1
 90
        0
176
     1
 62
    18
420
        0
176
     1
 90
       50
176
     1
 90
        3
176
     1
 62
     5
420
      255
176
     1
290
     0
176
     1
 90
       50
176
     1
 90
       50
176
     1
 90
       50
176
     1
290
     0
176
     1
 90
       50
176
     1
 62
   256
176
     0
 40
1.0
176
     0
 90
        2
176
     1
  1
strokes_ogs.tif
176
     1
290
     0
176
     1
 40
1.0
176
     1
 40
1.0
176
     1
  0
VISUALSTYLE
  5
1E5
102
{ACAD_REACTORS
330
EF
102
}
330
EF
100
AcDbVisualStyle
  2
OverhangOff
 70
    21
177
     3
291
     1
 70
    58
 90
        2
176
     0
 90
        2
176
     0
 90
        0
176
     0
 90
        0
176
     0
 40
0.6
176
     0
 40
30.0
176
     0
 62
     7
420
 16777215
176
     0
 90
        1
176
     0
 90
        4
176
     0
 62
     7
176
     0
 62
   257
176
     0
 90
        1
176
     0
 90
        1
176
     0
 40
1.0
176
     0
 90
        9
176
     2
 62
     7
176
     0
 40
1.0
176
     0
 90
        1
176
     0
 90
        6
176
     0
 90
        2
176
     0
 62
     7
176
     0
 90
        5
176
     0
 90
        0
176
     0
 90
        0
176
     0
290
     0
176
     0
 90
        1
176
     0
 40
0.0
176
     0
 90
        0
176
     0
290
     0
176
     1
290
     1
176
     1
290
     1
176
     1
290
     0
176
     1
290
     0
176
     1
290
     0
176
     1
290
     0
176
     1
290
     0
176
     1
290
     0
176
     1
 90
       50
176
     1
 40
0.0
176
     1
 40
1.0
176
     1
 90
        0
176
     1
 62
    18
420
        0
176
     1
 90
       50
176
     1
 90
        3
176
     1
 62
     5
420
      255
176
     1
290
     0
176
     1
 90
       50
176
     1
 90
       50
176
     1
 90
       50
176
     1
290
     0
176
     1
 90
       50
176
     1
 62
   256
176
     0
 40
1.0
176
     0
 90
        2
176
     1
  1
strokes_ogs.tif
176
     1
290
     0
176
     1
 40
1.0
176
     1
 40
1.0
176
     1
  0
VISUALSTYLE
  5
F9
102
{ACAD_REACTORS
330
EF
102
}
330
EF
100
AcDbVisualStyle
  2
Realistic
 70
     8
177
     3
291
     0
 70
    58
 90
        2
176
     1
 90
        3
176
     1
 90
        0
176
     1
 90
        2
176
     1
 40
0.6
176
     1
 40
30.0
176
     1
 62
     7
420
 16777215
176
     1
 90
        0
176
     1
 90
        0
176
     1
 62
     7
176
     1
 62
   257
176
     1
 90
        1
176
     1
 90
        1
176
     1
 40
1.0
176
     1
 90
        8
176
     1
 62
   257
176
     1
 40
1.0
176
     1
 90
        1
176
     1
 90
        6
176
     1
 90
        2
176
     1
 62
     7
176
     1
 90
        3
176
     1
 90
        0
176
     1
 90
        0
176
     1
290
     0
176
     1
 90
       13
176
     1
 40
0.0
176
     1
 90
        0
176
     1
290
     0
176
     1
290
     1
176
     1
290
     1
176
     1
290
     0
176
     1
290
     0
176
     1
290
     0
176
     1
290
     0
176
     1
290
     0
176
     1
290
     0
176
     1
 90
       50
176
     1
 40
0.0
176
     1
 40
1.0
176
     1
 90
        0
176
     1
 62
    18
420
        0
176
     1
 90
       50
176
     1
 90
        3
176
     1
 62
     5
420
      255
176
     1
290
     0
176
     1
 90
       50
176
     1
 90
       50
176
     1
 90
       50
176
     1
290
     0
176
     1
 90
       50
176
     1
 62
   256
176
     0
 40
1.0
176
     0
 90
        2
176
     1
  1
strokes_ogs.tif
176
     1
290
     0
176
     1
 40
1.0
176
     1
 40
1.0
176
     1
  0
VISUALSTYLE
  5
1F3
102
{ACAD_REACTORS
330
EF
102
}
330
EF
100
AcDbVisualStyle
  2
Shaded
 70
    27
177
     3
291
     0
 70
    58
 90
        2
176
     1
 90
        2
176
     1
 90
        1
176
     1
 90
        2
176
     1
 40
0.6
176
     1
 40
30.0
176
     1
 62
     7
420
 16777215
176
     1
 90
        0
176
     1
 90
        4
176
     1
 62
     7
176
     1
 62
   257
176
     1
 90
        1
176
     1
 90
        1
176
     1
 40
1.0
176
     1
 90
        8
176
     1
 62
   257
176
     1
 40
1.0
176
     1
 90
        1
176
     1
 90
        6
176
     1
 90
        2
176
     1
 62
     8
420
  7895160
176
     1
 90
        3
176
     1
 90
        0
176
     1
 90
        0
176
     1
290
     0
176
     1
 90
        5
176
     1
 40
0.0
176
     1
 90
        0
176
     1
290
     0
176
     1
290
     1
176
     1
290
     1
176
     1
290
     0
176
     1
290
     0
176
     1
290
     0
176
     1
290
     0
176
     1
290
     0
176
     1
290
     0
176
     1
 90
       50
176
     1
 40
0.0
176
     1
 40
1.0
176
     1
 90
        0
176
     1
 62
    18
420
        0
176
     1
 90
       50
176
     1
 90
        3
176
     1
 62
     5
420
      255
176
     1
290
     0
176
     1
 90
       50
176
     1
 90
       50
176
     1
 90
       50
176
     1
290
     0
176
     1
 90
       50
176
     1
 62
   256
176
     0
 40
1.0
176
     0
 90
        2
176
     1
  1
strokes_ogs.tif
176
     1
290
     0
176
     1
 40
1.0
176
     1
 40
1.0
176
     1
  0
VISUALSTYLE
  5
1F2
102
{ACAD_REACTORS
330
EF
102
}
330
EF
100
AcDbVisualStyle
  2
Shaded with edges
 70
    26
177
     3
291
     0
 70
    58
 90
        2
176
     1
 90
        2
176
     1
 90
        1
176
     1
 90
        2
176
     1
 40
0.6
176
     1
 40
30.0
176
     1
 62
     7
420
 16777215
176
     1
 90
        1
176
     1
 90
        2
176
     1
 62
     7
176
     1
 62
   257
176
     1
 90
        2
176
     1
 90
        1
176
     1
 40
1.0
176
     1
 90
        8
176
     1
 62
   257
176
     1
 40
1.0
176
     1
 90
        1
176
     1
 90
        6
176
     1
 90
        2
176
     1
 62
     7
176
     1
 90
        3
176
     1
 90
        0
176
     1
 90
        0
176
     1
290
     0
176
     1
 90
        5
176
     1
 40
0.0
176
     1
 90
        0
176
     1
290
     0
176
     1
290
     1
176
     1
290
     1
176
     1
290
     0
176
     1
290
     0
176
     1
290
     0
176
     1
290
     0
176
     1
290
     0
176
     1
290
     0
176
     1
 90
       50
176
     1
 40
0.0
176
     1
 40
1.0
176
     1
 90
        0
176
     1
 62
    18
420
        0
176
     1
 90
       50
176
     1
 90
        3
176
     1
 62
     5
420
      255
176
     1
290
     0
176
     1
 90
       50
176
     1
 90
       50
176
     1
 90
       50
176
     1
290
     0
176
     1
 90
       50
176
     1
 62
   256
176
     0
 40
1.0
176
     0
 90
        2
176
     1
  1
strokes_ogs.tif
176
     1
290
     0
176
     1
 40
1.0
176
     1
 40
1.0
176
     1
  0
VISUALSTYLE
  5
1EF
102
{ACAD_REACTORS
330
EF
102
}
330
EF
100
AcDbVisualStyle
  2
Shades of Gray
 70
    23
177
     3
291
     0
 70
    58
 90
        2
176
     1
 90
        2
176
     1
 90
        3
176
     1
 90
        0
176
     1
 40
0.6
176
     1
 40
30.0
176
     1
 62
     7
420
 16777215
176
     1
 90
        2
176
     1
 90
        2
176
     1
 62
     7
176
     1
 62
     7
176
     1
 90
        1
176
     1
 90
        1
176
     1
 40
40.0
176
     1
 90
        8
176
     1
 62
     7
176
     1
 40
1.0
176
     1
 90
        1
176
     1
 90
        6
176
     1
 90
        2
176
     1
 62
     7
176
     1
 90
        3
176
     1
 90
        0
176
     1
 90
        0
176
     1
290
     0
176
     1
 90
        1
176
     1
 40
0.0
176
     1
 90
        0
176
     1
290
     0
176
     1
290
     1
176
     1
290
     1
176
     1
290
     0
176
     1
290
     0
176
     1
290
     0
176
     1
290
     0
176
     1
290
     0
176
     1
290
     0
176
     1
 90
       50
176
     1
 40
0.0
176
     1
 40
1.0
176
     1
 90
        0
176
     1
 62
    18
420
        0
176
     1
 90
       50
176
     1
 90
        3
176
     1
 62
     5
420
      255
176
     1
290
     0
176
     1
 90
       50
176
     1
 90
       50
176
     1
 90
       50
176
     1
290
     0
176
     1
 90
       50
176
     1
 62
   256
176
     0
 40
1.0
176
     0
 90
        2
176
     1
  1
strokes_ogs.tif
176
     1
290
     0
176
     1
 40
1.0
176
     1
 40
1.0
176
     1
  0
VISUALSTYLE
  5
1F0
102
{ACAD_REACTORS
330
EF
102
}
330
EF
100
AcDbVisualStyle
  2
Sketchy
 70
    24
177
     3
291
     0
 70
    58
 90
        1
176
     1
 90
        2
176
     1
 90
        2
176
     1
 90
        0
176
     1
 40
0.6
176
     1
 40
30.0
176
     1
 62
     7
420
 16777215
176
     1
 90
        2
176
     1
 90
        2
176
     1
 62
     7
176
     1
 62
     7
176
     1
 90
        1
176
     1
 90
        1
176
     1
 40
40.0
176
     1
 90
       11
176
     1
 62
     7
176
     1
 40
1.0
176
     1
 90
        1
176
     1
 90
        6
176
     1
 90
        2
176
     1
 62
     7
176
     1
 90
        6
176
     1
 90
        0
176
     1
 90
        0
176
     1
290
     0
176
     1
 90
        1
176
     1
 40
0.0
176
     1
 90
        0
176
     1
290
     0
176
     1
290
     1
176
     1
290
     1
176
     1
290
     0
176
     1
290
     0
176
     1
290
     0
176
     1
290
     0
176
     1
290
     0
176
     1
290
     0
176
     1
 90
       50
176
     1
 40
0.0
176
     1
 40
1.0
176
     1
 90
        0
176
     1
 62
    18
420
        0
176
     1
 90
       50
176
     1
 90
        3
176
     1
 62
     5
420
      255
176
     1
290
     0
176
     1
 90
       50
176
     1
 90
       50
176
     1
 90
       50
176
     1
290
     0
176
     1
 90
       50
176
     1
 62
   256
176
     0
 40
1.0
176
     0
 90
        2
176
     1
  1
strokes_ogs.tif
176
     1
290
     0
176
     1
 40
1.0
176
     1
 40
1.0
176
     1
  0
VISUALSTYLE
  5
FC
102
{ACAD_REACTORS
330
EF
102
}
330
EF
100
AcDbVisualStyle
  2
Thicken
 70
    13
177
     3
291
     1
 70
    58
 90
        2
176
     1
 90
        2
176
     1
 90
        1
176
     1
 90
        0
176
     1
 40
0.6
176
     1
 40
30.0
176
     1
 62
     7
420
 16777215
176
     1
 90
        1
176
     1
 90
        4
176
     1
 62
     7
176
     1
 62
   257
176
     1
 90
        1
176
     1
 90
        1
176
     1
 40
1.0
176
     1
 90
       12
176
     1
 62
     7
176
     1
 40
1.0
176
     1
 90
        1
176
     1
 90
        6
176
     1
 90
        2
176
     1
 62
     7
176
     1
 90
        5
176
     1
 90
        0
176
     1
 90
        0
176
     1
290
     0
176
     1
 90
        1
176
     1
 40
0.0
176
     1
 90
        0
176
     1
290
     0
176
     1
290
     1
176
     1
290
     1
176
     1
290
     0
176
     1
290
     0
176
     1
290
     0
176
     1
290
     0
176
     1
290
     0
176
     1
290
     0
176
     1
 90
       50
176
     1
 40
0.0
176
     1
 40
1.0
176
     1
 90
        0
176
     1
 62
    18
420
        0
176
     1
 90
       50
176
     1
 90
        3
176
     1
 62
     5
420
      255
176
     1
290
     0
176
     1
 90
       50
176
     1
 90
       50
176
     1
 90
       50
176
     1
290
     0
176
     1
 90
       50
176
     1
 62
   256
176
     0
 40
1.0
176
     0
 90
        2
176
     1
  1
strokes_ogs.tif
176
     1
290
     0
176
     1
 40
1.0
176
     1
 40
1.0
176
     1
  0
VISUALSTYLE
  5
F6
102
{ACAD_REACTORS
330
EF
102
}
330
EF
100
AcDbVisualStyle
  2
Wireframe
 70
     5
177
     3
291
     0
 70
    58
 90
        0
176
     1
 90
        2
176
     1
 90
        0
176
     1
 90
        0
176
     1
 40
0.6
176
     1
 40
30.0
176
     1
 62
     7
420
 16777215
176
     1
 90
        1
176
     1
 90
        4
176
     1
 62
     7
176
     1
 62
   257
176
     1
 90
        1
176
     1
 90
        1
176
     1
 40
1.0
176
     1
 90
        0
176
     1
 62
   257
176
     1
 40
1.0
176
     1
 90
        1
176
     1
 90
        6
176
     1
 90
        2
176
     1
 62
     7
176
     1
 90
        3
176
     1
 90
        0
176
     1
 90
        0
176
     1
290
     0
176
     1
 90
        1
176
     1
 40
0.0
176
     1
 90
        0
176
     1
290
     0
176
     1
290
     1
176
     1
290
     1
176
     1
290
     0
176
     1
290
     0
176
     1
290
     0
176
     1
290
     0
176
     1
290
     0
176
     1
290
     0
176
     1
 90
       50
176
     1
 40
0.0
176
     1
 40
1.0
176
     1
 90
        0
176
     1
 62
    18
420
        0
176
     1
 90
       50
176
     1
 90
        3
176
     1
 62
     5
420
      255
176
     1
290
     0
176
     1
 90
       50
176
     1
 90
       50
176
     1
 90
       50
176
     1
290
     0
176
     1
 90
       50
176
     1
 62
   256
176
     0
 40
1.0
176
     0
 90
        2
176
     1
  1
strokes_ogs.tif
176
     1
290
     0
176
     1
 40
1.0
176
     1
 40
1.0
176
     1
  0
VISUALSTYLE
  5
1F1
102
{ACAD_REACTORS
330
EF
102
}
330
EF
100
AcDbVisualStyle
  2
X-Ray
 70
    25
177
     3
291
     0
 70
    58
 90
        2
176
     1
 90
        2
176
     1
 90
        1
176
     1
 90
        1
176
     1
 40
0.5
176
     1
 40
30.0
176
     1
 62
     7
420
 16777215
176
     1
 90
        1
176
     1
 90
        0
176
     1
 62
     7
176
     1
 62
   257
176
     1
 90
        1
176
     1
 90
        1
176
     1
 40
1.0
176
     1
 90
        8
176
     1
 62
     7
176
     1
 40
1.0
176
     1
 90
        1
176
     1
 90
        6
176
     1
 90
        2
176
     1
 62
     7
176
     1
 90
        3
176
     1
 90
        0
176
     1
 90
        0
176
     1
290
     0
176
     1
 90
       13
176
     1
 40
0.0
176
     1
 90
        0
176
     1
290
     0
176
     1
290
     1
176
     1
290
     1
176
     1
290
     0
176
     1
290
     0
176
     1
290
     0
176
     1
290
     0
176
     1
290
     0
176
     1
290
     0
176
     1
 90
       50
176
     1
 40
0.0
176
     1
 40
1.0
176
     1
 90
        0
176
     1
 62
    18
420
        0
176
     1
 90
       50
176
     1
 90
        3
176
     1
 62
     5
420
      255
176
     1
290
     0
176
     1
 90
       50
176
     1
 90
       50
176
     1
 90
       50
176
     1
290
     0
176
     1
 90
       50
176
     1
 62
   256
176
     0
 40
1.0
176
     0
 90
        2
176
     1
  1
strokes_ogs.tif
176
     1
290
     0
176
     1
 40
1.0
176
     1
 40
1.0
176
     1
  0
DICTIONARYVAR
  5
146
102
{ACAD_REACTORS
330
5E
102
}
330
5E
100
DictionaryVariables
280
     0
  1
1:1
  0
DICTIONARYVAR
  5
259
102
{ACAD_REACTORS
330
5E
102
}
330
5E
100
DictionaryVariables
280
     0
  1
3.500000
  0
DICTIONARYVAR
  5
25A
102
{ACAD_REACTORS
330
5E
102
}
330
5E
100
DictionaryVariables
280
     0
  1
acadiso.lin
  0
DICTIONARYVAR
  5
145
102
{ACAD_REACTORS
330
5E
102
}
330
5E
100
DictionaryVariables
280
     0
  1
STANDARD
  0
DICTIONARYVAR
  5
84
102
{ACAD_REACTORS
330
5E
102
}
330
5E
100
DictionaryVariables
280
     0
  1
STANDARD
  0
DICTIONARYVAR
  5
227
102
{ACAD_REACTORS
330
5E
102
}
330
5E
100
DictionaryVariables
280
     0
  1
Metric50
  0
DICTIONARYVAR
  5
228
102
{ACAD_REACTORS
330
5E
102
}
330
5E
100
DictionaryVariables
280
     0
  1
Metric50
  0
DICTIONARYVAR
  5
5F
102
{ACAD_REACTORS
330
5E
102
}
330
5E
100
DictionaryVariables
280
     0
  1
2
  0
DICTIONARYVAR
  5
63
102
{ACAD_REACTORS
330
5E
102
}
330
5E
100
DictionaryVariables
280
     0
  1
1
  0
DICTIONARYVAR
  5
1AE
102
{ACAD_REACTORS
330
5E
102
}
330
5E
100
DictionaryVariables
280
     0
  1
0
  0
DICTIONARYVAR
  5
1AF
102
{ACAD_REACTORS
330
5E
102
}
330
5E
100
DictionaryVariables
280
     0
  1
0
  0
TABLECONTENT
  5
5B5
330
5B8
100
AcDbLinkedData
  1

300

100
AcDbLinkedTableData
 90
        6
300
COLUMN
  1
LINKEDTABLEDATACOLUMN_BEGIN
300

 91
        0
301
CUSTOMDATA
  1
DATAMAP_BEGIN
 90
        0
309
DATAMAP_END
309
LINKEDTABLEDATACOLUMN_END
  1
FORMATTEDTABLEDATACOLUMN_BEGIN
300
COLUMNTABLEFORMAT
  1
TABLEFORMAT_BEGIN
 90
        3
170
     0
309
TABLEFORMAT_END
309
FORMATTEDTABLEDATACOLUMN_END
  1
TABLECOLUMN_BEGIN
 90
        0
 40
10.0
309
TABLECOLUMN_END
300
COLUMN
  1
LINKEDTABLEDATACOLUMN_BEGIN
300

 91
        0
301
CUSTOMDATA
  1
DATAMAP_BEGIN
 90
        0
309
DATAMAP_END
309
LINKEDTABLEDATACOLUMN_END
  1
FORMATTEDTABLEDATACOLUMN_BEGIN
300
COLUMNTABLEFORMAT
  1
TABLEFORMAT_BEGIN
 90
        3
170
     0
309
TABLEFORMAT_END
309
FORMATTEDTABLEDATACOLUMN_END
  1
TABLECOLUMN_BEGIN
 90
        0
 40
22.0
309
TABLECOLUMN_END
300
COLUMN
  1
LINKEDTABLEDATACOLUMN_BEGIN
300

 91
        0
301
CUSTOMDATA
  1
DATAMAP_BEGIN
 90
        0
309
DATAMAP_END
309
LINKEDTABLEDATACOLUMN_END
  1
FORMATTEDTABLEDATACOLUMN_BEGIN
300
COLUMNTABLEFORMAT
  1
TABLEFORMAT_BEGIN
 90
        3
170
     0
309
TABLEFORMAT_END
309
FORMATTEDTABLEDATACOLUMN_END
  1
TABLECOLUMN_BEGIN
 90
        0
 40
32.0
309
TABLECOLUMN_END
300
COLUMN
  1
LINKEDTABLEDATACOLUMN_BEGIN
300

 91
        0
301
CUSTOMDATA
  1
DATAMAP_BEGIN
 90
        0
309
DATAMAP_END
309
LINKEDTABLEDATACOLUMN_END
  1
FORMATTEDTABLEDATACOLUMN_BEGIN
300
COLUMNTABLEFORMAT
  1
TABLEFORMAT_BEGIN
 90
        3
170
     0
309
TABLEFORMAT_END
309
FORMATTEDTABLEDATACOLUMN_END
  1
TABLECOLUMN_BEGIN
 90
        0
 40
8.0
309
TABLECOLUMN_END
300
COLUMN
  1
LINKEDTABLEDATACOLUMN_BEGIN
300

 91
        0
301
CUSTOMDATA
  1
DATAMAP_BEGIN
 90
        0
309
DATAMAP_END
309
LINKEDTABLEDATACOLUMN_END
  1
FORMATTEDTABLEDATACOLUMN_BEGIN
300
COLUMNTABLEFORMAT
  1
TABLEFORMAT_BEGIN
 90
        3
170
     0
309
TABLEFORMAT_END
309
FORMATTEDTABLEDATACOLUMN_END
  1
TABLECOLUMN_BEGIN
 90
        0
 40
18.0
309
TABLECOLUMN_END
300
COLUMN
  1
LINKEDTABLEDATACOLUMN_BEGIN
300

 91
        0
301
CUSTOMDATA
  1
DATAMAP_BEGIN
 90
        0
309
DATAMAP_END
309
LINKEDTABLEDATACOLUMN_END
  1
FORMATTEDTABLEDATACOLUMN_BEGIN
300
COLUMNTABLEFORMAT
  1
TABLEFORMAT_BEGIN
 90
        3
170
     0
309
TABLEFORMAT_END
309
FORMATTEDTABLEDATACOLUMN_END
  1
TABLECOLUMN_BEGIN
 90
        0
 40
30.0
309
TABLECOLUMN_END
 91
       10
301
ROW
  1
LINKEDTABLEDATAROW_BEGIN
 90
        6
300
CELL
  1
LINKEDTABLEDATACELL_BEGIN
 90
        0
300

 91
        0
301
CUSTOMDATA
  1
DATAMAP_BEGIN
 90
        1
300
ACAD_ROUNDTRIP_2008_CELL_CHECKSUM
301
DATAMAP_VALUE
 93
        2
 90
        2
140
10909.0
 94
        0
300

302

304
ACVALUE_END
309
DATAMAP_END
 92
        0
 95
        1
302
CONTENT
  1
CELLCONTENT_BEGIN
 90
        1
300
VALUE
 93
        6
 90
        4
  1
BILL OF MATERIALS
 94
        0
300

302
BILL OF MATERIALS
304
ACVALUE_END
 91
        0
309
CELLCONTENT_END
  1
FORMATTEDCELLCONTENT_BEGIN
170
     1
300
CONTENTFORMAT
  1
CONTENTFORMAT_BEGIN
 90
        3
 91
        0
 92
        4
 93
        0
300

 40
0.0
140
1.0
 94
        1
 62
     0
340
0
144
0.18
309
CONTENTFORMAT_END
309
FORMATTEDCELLCONTENT_END
309
LINKEDTABLEDATACELL_END
  1
FORMATTEDTABLEDATACELL_BEGIN
300
CELLTABLEFORMAT
  1
TABLEFORMAT_BEGIN
 90
        1
170
     0
309
TABLEFORMAT_END
309
FORMATTEDTABLEDATACELL_END
  1
TABLECELL_BEGIN
 90
        0
 91
        0
309
TABLECELL_END
300
CELL
  1
LINKEDTABLEDATACELL_BEGIN
 90
        0
300

 91
        0
301
CUSTOMDATA
  1
DATAMAP_BEGIN
 90
        1
300
ACAD_ROUNDTRIP_2008_CELL_CHECKSUM
301
DATAMAP_VALUE
 93
        2
 90
        2
140
0.0
 94
        0
300

302

304
ACVALUE_END
309
DATAMAP_END
 92
        0
 95
        0
309
LINKEDTABLEDATACELL_END
  1
FORMATTEDTABLEDATACELL_BEGIN
300
CELLTABLEFORMAT
  1
TABLEFORMAT_BEGIN
 90
        1
170
     0
309
TABLEFORMAT_END
309
FORMATTEDTABLEDATACELL_END
  1
TABLECELL_BEGIN
 90
        0
 91
        0
309
TABLECELL_END
300
CELL
  1
LINKEDTABLEDATACELL_BEGIN
 90
        0
300

 91
        0
301
CUSTOMDATA
  1
DATAMAP_BEGIN
 90
        1
300
ACAD_ROUNDTRIP_2008_CELL_CHECKSUM
301
DATAMAP_VALUE
 93
        2
 90
        2
140
0.0
 94
        0
300

302

304
ACVALUE_END
309
DATAMAP_END
 92
        0
 95
        0
309
LINKEDTABLEDATACELL_END
  1
FORMATTEDTABLEDATACELL_BEGIN
300
CELLTABLEFORMAT
  1
TABLEFORMAT_BEGIN
 90
        1
170
     0
309
TABLEFORMAT_END
309
FORMATTEDTABLEDATACELL_END
  1
TABLECELL_BEGIN
 90
        0
 91
        0
309
TABLECELL_END
300
CELL
  1
LINKEDTABLEDATACELL_BEGIN
 90
        0
300

 91
        0
301
CUSTOMDATA
  1
DATAMAP_BEGIN
 90
        1
300
ACAD_ROUNDTRIP_2008_CELL_CHECKSUM
301
DATAMAP_VALUE
 93
        2
 90
        2
140
0.0
 94
        0
300

302

304
ACVALUE_END
309
DATAMAP_END
 92
        0
 95
        0
309
LINKEDTABLEDATACELL_END
  1
FORMATTEDTABLEDATACELL_BEGIN
300
CELLTABLEFORMAT
  1
TABLEFORMAT_BEGIN
 90
        1
170
     0
309
TABLEFORMAT_END
309
FORMATTEDTABLEDATACELL_END
  1
TABLECELL_BEGIN
 90
        0
 91
        0
309
TABLECELL_END
300
CELL
  1
LINKEDTABLEDATACELL_BEGIN
 90
        0
300

 91
        0
301
CUSTOMDATA
  1
DATAMAP_BEGIN
 90
        1
300
ACAD_ROUNDTRIP_2008_CELL_CHECKSUM
301
DATAMAP_VALUE
 93
        2
 90
        2
140
0.0
 94
        0
300

302

304
ACVALUE_END
309
DATAMAP_END
 92
        0
 95
        0
309
LINKEDTABLEDATACELL_END
  1
FORMATTEDTABLEDATACELL_BEGIN
300
CELLTABLEFORMAT
  1
TABLEFORMAT_BEGIN
 90
        1
170
     0
309
TABLEFORMAT_END
309
FORMATTEDTABLEDATACELL_END
  1
TABLECELL_BEGIN
 90
        0
 91
        0
309
TABLECELL_END
300
CELL
  1
LINKEDTABLEDATACELL_BEGIN
 90
        0
300

 91
        0
301
CUSTOMDATA
  1
DATAMAP_BEGIN
 90
        1
300
ACAD_ROUNDTRIP_2008_CELL_CHECKSUM
301
DATAMAP_VALUE
 93
        2
 90
        2
140
0.0
 94
        0
300

302

304
ACVALUE_END
309
DATAMAP_END
 92
        0
 95
        0
309
LINKEDTABLEDATACELL_END
  1
FORMATTEDTABLEDATACELL_BEGIN
300
CELLTABLEFORMAT
  1
TABLEFORMAT_BEGIN
 90
        1
170
     0
309
TABLEFORMAT_END
309
FORMATTEDTABLEDATACELL_END
  1
TABLECELL_BEGIN
 90
        0
 91
        0
309
TABLECELL_END
 91
        0
301
CUSTOMDATA
  1
DATAMAP_BEGIN
 90
        0
309
DATAMAP_END
309
LINKEDTABLEDATAROW_END
  1
FORMATTEDTABLEDATAROW_BEGIN
300
ROWTABLEFORMAT
  1
TABLEFORMAT_BEGIN
 90
        2
170
     1
 91
      128
 92
        0
 62
   257
 93
        1
300
CONTENTFORMAT
  1
CONTENTFORMAT_BEGIN
 90
        0
 91
        0
 92
      512
 93
        0
300

 40
0.0
140
1.0
 94
        1
 62
     0
340
0
144
1.6
309
CONTENTFORMAT_END
171
     0
 94
        0
309
TABLEFORMAT_END
309
FORMATTEDTABLEDATAROW_END
  1
TABLEROW_BEGIN
 90
        1
 40
8.0
309
TABLEROW_END
301
ROW
  1
LINKEDTABLEDATAROW_BEGIN
 90
        6
300
CELL
  1
LINKEDTABLEDATACELL_BEGIN
 90
        0
300

 91
        0
301
CUSTOMDATA
  1
DATAMAP_BEGIN
 90
        1
300
ACAD_ROUNDTRIP_2008_CELL_CHECKSUM
301
DATAMAP_VALUE
 93
        2
 90
        2
140
756.0
 94
        0
300

302

304
ACVALUE_END
309
DATAMAP_END
 92
        0
 95
        1
302
CONTENT
  1
CELLCONTENT_BEGIN
 90
        1
300
VALUE
 93
        6
 90
        4
  1
ITEM
 94
        0
300

302
ITEM
304
ACVALUE_END
 91
        0
309
CELLCONTENT_END
  1
FORMATTEDCELLCONTENT_BEGIN
170
     1
300
CONTENTFORMAT
  1
CONTENTFORMAT_BEGIN
 90
        3
 91
        0
 92
        4
 93
        0
300

 40
0.0
140
1.0
 94
        1
 62
     0
340
0
144
0.18
309
CONTENTFORMAT_END
309
FORMATTEDCELLCONTENT_END
309
LINKEDTABLEDATACELL_END
  1
FORMATTEDTABLEDATACELL_BEGIN
300
CELLTABLEFORMAT
  1
TABLEFORMAT_BEGIN
 90
        1
170
     0
309
TABLEFORMAT_END
309
FORMATTEDTABLEDATACELL_END
  1
TABLECELL_BEGIN
 90
        0
 91
        0
309
TABLECELL_END
300
CELL
  1
LINKEDTABLEDATACELL_BEGIN
 90
        0
300

 91
        0
301
CUSTOMDATA
  1
DATAMAP_BEGIN
 90
        1
300
ACAD_ROUNDTRIP_2008_CELL_CHECKSUM
301
DATAMAP_VALUE
 93
        2
 90
        2
140
2341.0
 94
        0
300

302

304
ACVALUE_END
309
DATAMAP_END
 92
        0
 95
        1
302
CONTENT
  1
CELLCONTENT_BEGIN
 90
        1
300
VALUE
 93
        6
 90
        4
  1
PART NO.
 94
        0
300

302
PART NO.
304
ACVALUE_END
 91
        0
309
CELLCONTENT_END
  1
FORMATTEDCELLCONTENT_BEGIN
170
     1
300
CONTENTFORMAT
  1
CONTENTFORMAT_BEGIN
 90
        3
 91
        0
 92
        4
 93
        0
300

 40
0.0
140
1.0
 94
        1
 62
     0
340
0
144
0.18
309
CONTENTFORMAT_END
309
FORMATTEDCELLCONTENT_END
309
LINKEDTABLEDATACELL_END
  1
FORMATTEDTABLEDATACELL_BEGIN
300
CELLTABLEFORMAT
  1
TABLEFORMAT_BEGIN
 90
        1
170
     0
309
TABLEFORMAT_END
309
FORMATTEDTABLEDATACELL_END
  1
TABLECELL_BEGIN
 90
        0
 91
        0
309
TABLECELL_END
300
CELL
  1
LINKEDTABLEDATACELL_BEGIN
 90
        0
300

 91
        0
301
CUSTOMDATA
  1
DATAMAP_BEGIN
 90
        1
300
ACAD_ROUNDTRIP_2008_CELL_CHECKSUM
301
DATAMAP_VALUE
 93
        2
 90
        2
140
5108.0
 94
        0
300

302

304
ACVALUE_END
309
DATAMAP_END
 92
        0
 95
        1
302
CONTENT
  1
CELLCONTENT_BEGIN
 90
        1
300
VALUE
 93
        6
 90
        4
  1
DESCRIPTION
 94
        0
300

302
DESCRIPTION
304
ACVALUE_END
 91
        0
309
CELLCONTENT_END
  1
FORMATTEDCELLCONTENT_BEGIN
170
     1
300
CONTENTFORMAT
  1
CONTENTFORMAT_BEGIN
 90
        3
 91
        0
 92
        4
 93
        0
300

 40
0.0
140
1.0
 94
        1
 62
     0
340
0
144
0.18
309
CONTENTFORMAT_END
309
FORMATTEDCELLCONTENT_END
309
LINKEDTABLEDATACELL_END
  1
FORMATTEDTABLEDATACELL_BEGIN
300
CELLTABLEFORMAT
  1
TABLEFORMAT_BEGIN
 90
        1
170
     0
309
TABLEFORMAT_END
309
FORMATTEDTABLEDATACELL_END
  1
TABLECELL_BEGIN
 90
        0
 91
        0
309
TABLECELL_END
300
CELL
  1
LINKEDTABLEDATACELL_BEGIN
 90
        0
300

 91
        0
301
CUSTOMDATA
  1
DATAMAP_BEGIN
 90
        1
300
ACAD_ROUNDTRIP_2008_CELL_CHECKSUM
301
DATAMAP_VALUE
 93
        2
 90
        2
140
516.0
 94
        0
300

302

304
ACVALUE_END
309
DATAMAP_END
 92
        0
 95
        1
302
CONTENT
  1
CELLCONTENT_BEGIN
 90
        1
300
VALUE
 93
        6
 90
        4
  1
QTY
 94
        0
300

302
QTY
304
ACVALUE_END
 91
        0
309
CELLCONTENT_END
  1
FORMATTEDCELLCONTENT_BEGIN
170
     1
300
CONTENTFORMAT
  1
CONTENTFORMAT_BEGIN
 90
        3
 91
        0
 92
        4
 93
        0
300

 40
0.0
140
1.0
 94
        1
 62
     0
340
0
144
0.18
309
CONTENTFORMAT_END
309
FORMATTEDCELLCONTENT_END
309
LINKEDTABLEDATACELL_END
  1
FORMATTEDTABLEDATACELL_BEGIN
300
CELLTABLEFORMAT
  1
TABLEFORMAT_BEGIN
 90
        1
170
     0
309
TABLEFORMAT_END
309
FORMATTEDTABLEDATACELL_END
  1
TABLECELL_BEGIN
 90
        0
 91
        0
309
TABLECELL_END
300
CELL
  1
LINKEDTABLEDATACELL_BEGIN
 90
        0
300

 91
        0
301
CUSTOMDATA
  1
DATAMAP_BEGIN
 90
        1
300
ACAD_ROUNDTRIP_2008_CELL_CHECKSUM
301
DATAMAP_VALUE
 93
        2
 90
        2
140
2646.0
 94
        0
300

302

304
ACVALUE_END
309
DATAMAP_END
 92
        0
 95
        1
302
CONTENT
  1
CELLCONTENT_BEGIN
 90
        1
300
VALUE
 93
        6
 90
        4
  1
MATERIAL
 94
        0
300

302
MATERIAL
304
ACVALUE_END
 91
        0
309
CELLCONTENT_END
  1
FORMATTEDCELLCONTENT_BEGIN
170
     1
300
CONTENTFORMAT
  1
CONTENTFORMAT_BEGIN
 90
        3
 91
        0
 92
        4
 93
        0
300

 40
0.0
140
1.0
 94
        1
 62
     0
340
0
144
0.18
309
CONTENTFORMAT_END
309
FORMATTEDCELLCONTENT_END
309
LINKEDTABLEDATACELL_END
  1
FORMATTEDTABLEDATACELL_BEGIN
300
CELLTABLEFORMAT
  1
TABLEFORMAT_BEGIN
 90
        1
170
     0
309
TABLEFORMAT_END
309
FORMATTEDTABLEDATACELL_END
  1
TABLECELL_BEGIN
 90
        0
 91
        0
309
TABLECELL_END
300
CELL
  1
LINKEDTABLEDATACELL_BEGIN
 90
        0
300

 91
        0
301
CUSTOMDATA
  1
DATAMAP_BEGIN
 90
        1
300
ACAD_ROUNDTRIP_2008_CELL_CHECKSUM
301
DATAMAP_VALUE
 93
        2
 90
        2
140
2152.0
 94
        0
300

302

304
ACVALUE_END
309
DATAMAP_END
 92
        0
 95
        1
302
CONTENT
  1
CELLCONTENT_BEGIN
 90
        1
300
VALUE
 93
        6
 90
        4
  1
REMARKS
 94
        0
300

302
REMARKS
304
ACVALUE_END
 91
        0
309
CELLCONTENT_END
  1
FORMATTEDCELLCONTENT_BEGIN
170
     1
300
CONTENTFORMAT
  1
CONTENTFORMAT_BEGIN
 90
        3
 91
        0
 92
        4
 93
        0
300

 40
0.0
140
1.0
 94
        1
 62
     0
340
0
144
0.18
309
CONTENTFORMAT_END
309
FORMATTEDCELLCONTENT_END
309
LINKEDTABLEDATACELL_END
  1
FORMATTEDTABLEDATACELL_BEGIN
300
CELLTABLEFORMAT
  1
TABLEFORMAT_BEGIN
 90
        1
170
     0
309
TABLEFORMAT_END
309
FORMATTEDTABLEDATACELL_END
  1
TABLECELL_BEGIN
 90
        0
 91
        0
309
TABLECELL_END
 91
        0
301
CUSTOMDATA
  1
DATAMAP_BEGIN
 90
        0
309
DATAMAP_END
309
LINKEDTABLEDATAROW_END
  1
FORMATTEDTABLEDATAROW_BEGIN
300
ROWTABLEFORMAT
  1
TABLEFORMAT_BEGIN
 90
        2
170
     1
 91
      128
 92
        0
 62
   257
 93
        1
300
CONTENTFORMAT
  1
CONTENTFORMAT_BEGIN
 90
        0
 91
        0
 92
      512
 93
        0
300

 40
0.0
140
1.0
 94
        1
 62
     0
340
0
144
1.199999999999999
309
CONTENTFORMAT_END
171
     0
 94
        0
309
TABLEFORMAT_END
309
FORMATTEDTABLEDATAROW_END
  1
TABLEROW_BEGIN
 90
        2
 40
8.0
309
TABLEROW_END
301
ROW
  1
LINKEDTABLEDATAROW_BEGIN
 90
        6
300
CELL
  1
LINKEDTABLEDATACELL_BEGIN
 90
        0
300

 91
        0
301
CUSTOMDATA
  1
DATAMAP_BEGIN
 90
        1
300
ACAD_ROUNDTRIP_2008_CELL_CHECKSUM
301
DATAMAP_VALUE
 93
        2
 90
        2
140
49.0
 94
        0
300

302

304
ACVALUE_END
309
DATAMAP_END
 92
        0
 95
        1
302
CONTENT
  1
CELLCONTENT_BEGIN
 90
        1
300
VALUE
 93
        6
 90
        4
  1
1
 94
        0
300

302
1
304
ACVALUE_END
 91
        0
309
CELLCONTENT_END
  1
FORMATTEDCELLCONTENT_BEGIN
170
     1
300
CONTENTFORMAT
  1
CONTENTFORMAT_BEGIN
 90
        3
 91
        0
 92
        4
 93
        0
300

 40
0.0
140
1.0
 94
        1
 62
     0
340
0
144
0.18
309
CONTENTFORMAT_END
309
FORMATTEDCELLCONTENT_END
309
LINKEDTABLEDATACELL_END
  1
FORMATTEDTABLEDATACELL_BEGIN
300
CELLTABLEFORMAT
  1
TABLEFORMAT_BEGIN
 90
        1
170
     0
309
TABLEFORMAT_END
309
FORMATTEDTABLEDATACELL_END
  1
TABLECELL_BEGIN
 90
        0
 91
        0
309
TABLECELL_END
300
CELL
  1
LINKEDTABLEDATACELL_BEGIN
 90
        0
300

 91
        0
301
CUSTOMDATA
  1
DATAMAP_BEGIN
 90
        1
300
ACAD_ROUNDTRIP_2008_CELL_CHECKSUM
301
DATAMAP_VALUE
 93
        2
 90
        2
140
1065.0
 94
        0
300

302

304
ACVALUE_END
309
DATAMAP_END
 92
        0
 95
        1
302
CONTENT
  1
CELLCONTENT_BEGIN
 90
        1
300
VALUE
 93
        6
 90
        4
  1
FC-001
 94
        0
300

302
FC-001
304
ACVALUE_END
 91
        0
309
CELLCONTENT_END
  1
FORMATTEDCELLCONTENT_BEGIN
170
     1
300
CONTENTFORMAT
  1
CONTENTFORMAT_BEGIN
 90
        3
 91
        0
 92
        4
 93
        0
300

 40
0.0
140
1.0
 94
        1
 62
     0
340
0
144
0.18
309
CONTENTFORMAT_END
309
FORMATTEDCELLCONTENT_END
309
LINKEDTABLEDATACELL_END
  1
FORMATTEDTABLEDATACELL_BEGIN
300
CELLTABLEFORMAT
  1
TABLEFORMAT_BEGIN
 90
        1
170
     0
309
TABLEFORMAT_END
309
FORMATTEDTABLEDATACELL_END
  1
TABLECELL_BEGIN
 90
        0
 91
        0
309
TABLECELL_END
300
CELL
  1
LINKEDTABLEDATACELL_BEGIN
 90
        0
300

 91
        0
301
CUSTOMDATA
  1
DATAMAP_BEGIN
 90
        1
300
ACAD_ROUNDTRIP_2008_CELL_CHECKSUM
301
DATAMAP_VALUE
 93
        2
 90
        2
140
4454.0
 94
        0
300

302

304
ACVALUE_END
309
DATAMAP_END
 92
        0
 95
        1
302
CONTENT
  1
CELLCONTENT_BEGIN
 90
        1
300
VALUE
 93
        6
 90
        4
  1
FLANGED HUB
 94
        0
300

302
FLANGED HUB
304
ACVALUE_END
 91
        0
309
CELLCONTENT_END
  1
FORMATTEDCELLCONTENT_BEGIN
170
     1
300
CONTENTFORMAT
  1
CONTENTFORMAT_BEGIN
 90
        3
 91
        0
 92
        4
 93
        0
300

 40
0.0
140
1.0
 94
        1
 62
     0
340
0
144
0.18
309
CONTENTFORMAT_END
309
FORMATTEDCELLCONTENT_END
309
LINKEDTABLEDATACELL_END
  1
FORMATTEDTABLEDATACELL_BEGIN
300
CELLTABLEFORMAT
  1
TABLEFORMAT_BEGIN
 90
        1
170
     0
309
TABLEFORMAT_END
309
FORMATTEDTABLEDATACELL_END
  1
TABLECELL_BEGIN
 90
        0
 91
        0
309
TABLECELL_END
300
CELL
  1
LINKEDTABLEDATACELL_BEGIN
 90
        0
300

 91
        0
301
CUSTOMDATA
  1
DATAMAP_BEGIN
 90
        1
300
ACAD_ROUNDTRIP_2008_CELL_CHECKSUM
301
DATAMAP_VALUE
 93
        2
 90
        2
140
50.0
 94
        0
300

302

304
ACVALUE_END
309
DATAMAP_END
 92
        0
 95
        1
302
CONTENT
  1
CELLCONTENT_BEGIN
 90
        1
300
VALUE
 93
        6
 90
        4
  1
2
 94
        0
300

302
2
304
ACVALUE_END
 91
        0
309
CELLCONTENT_END
  1
FORMATTEDCELLCONTENT_BEGIN
170
     1
300
CONTENTFORMAT
  1
CONTENTFORMAT_BEGIN
 90
        3
 91
        0
 92
        4
 93
        0
300

 40
0.0
140
1.0
 94
        1
 62
     0
340
0
144
0.18
309
CONTENTFORMAT_END
309
FORMATTEDCELLCONTENT_END
309
LINKEDTABLEDATACELL_END
  1
FORMATTEDTABLEDATACELL_BEGIN
300
CELLTABLEFORMAT
  1
TABLEFORMAT_BEGIN
 90
        1
170
     0
309
TABLEFORMAT_END
309
FORMATTEDTABLEDATACELL_END
  1
TABLECELL_BEGIN
 90
        0
 91
        0
309
TABLECELL_END
300
CELL
  1
LINKEDTABLEDATACELL_BEGIN
 90
        0
300

 91
        0
301
CUSTOMDATA
  1
DATAMAP_BEGIN
 90
        1
300
ACAD_ROUNDTRIP_2008_CELL_CHECKSUM
301
DATAMAP_VALUE
 93
        2
 90
        2
140
330.0
 94
        0
300

302

304
ACVALUE_END
309
DATAMAP_END
 92
        0
 95
        1
302
CONTENT
  1
CELLCONTENT_BEGIN
 90
        1
300
VALUE
 93
        6
 90
        4
  1
C45
 94
        0
300

302
C45
304
ACVALUE_END
 91
        0
309
CELLCONTENT_END
  1
FORMATTEDCELLCONTENT_BEGIN
170
     1
300
CONTENTFORMAT
  1
CONTENTFORMAT_BEGIN
 90
        3
 91
        0
 92
        4
 93
        0
300

 40
0.0
140
1.0
 94
        1
 62
     0
340
0
144
0.18
309
CONTENTFORMAT_END
309
FORMATTEDCELLCONTENT_END
309
LINKEDTABLEDATACELL_END
  1
FORMATTEDTABLEDATACELL_BEGIN
300
CELLTABLEFORMAT
  1
TABLEFORMAT_BEGIN
 90
        1
170
     0
309
TABLEFORMAT_END
309
FORMATTEDTABLEDATACELL_END
  1
TABLECELL_BEGIN
 90
        0
 91
        0
309
TABLECELL_END
300
CELL
  1
LINKEDTABLEDATACELL_BEGIN
 90
        0
300

 91
        0
301
CUSTOMDATA
  1
DATAMAP_BEGIN
 90
        1
300
ACAD_ROUNDTRIP_2008_CELL_CHECKSUM
301
DATAMAP_VALUE
 93
        2
 90
        2
140
2556.0
 94
        0
300

302

304
ACVALUE_END
309
DATAMAP_END
 92
        0
 95
        1
302
CONTENT
  1
CELLCONTENT_BEGIN
 90
        1
300
VALUE
 93
        6
 90
        4
  1
MACHINED
 94
        0
300

302
MACHINED
304
ACVALUE_END
 91
        0
309
CELLCONTENT_END
  1
FORMATTEDCELLCONTENT_BEGIN
170
     1
300
CONTENTFORMAT
  1
CONTENTFORMAT_BEGIN
 90
        3
 91
        0
 92
        4
 93
        0
300

 40
0.0
140
1.0
 94
        1
 62
     0
340
0
144
0.18
309
CONTENTFORMAT_END
309
FORMATTEDCELLCONTENT_END
309
LINKEDTABLEDATACELL_END
  1
FORMATTEDTABLEDATACELL_BEGIN
300
CELLTABLEFORMAT
  1
TABLEFORMAT_BEGIN
 90
        1
170
     0
309
TABLEFORMAT_END
309
FORMATTEDTABLEDATACELL_END
  1
TABLECELL_BEGIN
 90
        0
 91
        0
309
TABLECELL_END
 91
        0
301
CUSTOMDATA
  1
DATAMAP_BEGIN
 90
        0
309
DATAMAP_END
309
LINKEDTABLEDATAROW_END
  1
FORMATTEDTABLEDATAROW_BEGIN
300
ROWTABLEFORMAT
  1
TABLEFORMAT_BEGIN
 90
        2
170
     1
 91
      128
 92
        0
 62
   257
 93
        1
300
CONTENTFORMAT
  1
CONTENTFORMAT_BEGIN
 90
        0
 91
        0
 92
      512
 93
        0
300

 40
0.0
140
1.0
 94
        1
 62
     0
340
0
144
3.0
309
CONTENTFORMAT_END
171
     0
 94
        0
309
TABLEFORMAT_END
309
FORMATTEDTABLEDATAROW_END
  1
TABLEROW_BEGIN
 90
        3
 40
11.10231923601637
309
TABLEROW_END
301
ROW
  1
LINKEDTABLEDATAROW_BEGIN
 90
        6
300
CELL
  1
LINKEDTABLEDATACELL_BEGIN
 90
        0
300

 91
        0
301
CUSTOMDATA
  1
DATAMAP_BEGIN
 90
        1
300
ACAD_ROUNDTRIP_2008_CELL_CHECKSUM
301
DATAMAP_VALUE
 93
        2
 90
        2
140
50.0
 94
        0
300

302

304
ACVALUE_END
309
DATAMAP_END
 92
        0
 95
        1
302
CONTENT
  1
CELLCONTENT_BEGIN
 90
        1
300
VALUE
 93
        6
 90
        4
  1
2
 94
        0
300

302
2
304
ACVALUE_END
 91
        0
309
CELLCONTENT_END
  1
FORMATTEDCELLCONTENT_BEGIN
170
     1
300
CONTENTFORMAT
  1
CONTENTFORMAT_BEGIN
 90
        3
 91
        0
 92
        4
 93
        0
300

 40
0.0
140
1.0
 94
        1
 62
     0
340
0
144
0.18
309
CONTENTFORMAT_END
309
FORMATTEDCELLCONTENT_END
309
LINKEDTABLEDATACELL_END
  1
FORMATTEDTABLEDATACELL_BEGIN
300
CELLTABLEFORMAT
  1
TABLEFORMAT_BEGIN
 90
        1
170
     0
309
TABLEFORMAT_END
309
FORMATTEDTABLEDATACELL_END
  1
TABLECELL_BEGIN
 90
        0
 91
        0
309
TABLECELL_END
300
CELL
  1
LINKEDTABLEDATACELL_BEGIN
 90
        0
300

 91
        0
301
CUSTOMDATA
  1
DATAMAP_BEGIN
 90
        1
300
ACAD_ROUNDTRIP_2008_CELL_CHECKSUM
301
DATAMAP_VALUE
 93
        2
 90
        2
140
1498.0
 94
        0
300

302

304
ACVALUE_END
309
DATAMAP_END
 92
        0
 95
        1
302
CONTENT
  1
CELLCONTENT_BEGIN
 90
        1
300
VALUE
 93
        6
 90
        4
  1
REF-040
 94
        0
300

302
REF-040
304
ACVALUE_END
 91
        0
309
CELLCONTENT_END
  1
FORMATTEDCELLCONTENT_BEGIN
170
     1
300
CONTENTFORMAT
  1
CONTENTFORMAT_BEGIN
 90
        3
 91
        0
 92
        4
 93
        0
300

 40
0.0
140
1.0
 94
        1
 62
     0
340
0
144
0.18
309
CONTENTFORMAT_END
309
FORMATTEDCELLCONTENT_END
309
LINKEDTABLEDATACELL_END
  1
FORMATTEDTABLEDATACELL_BEGIN
300
CELLTABLEFORMAT
  1
TABLEFORMAT_BEGIN
 90
        1
170
     0
309
TABLEFORMAT_END
309
FORMATTEDTABLEDATACELL_END
  1
TABLECELL_BEGIN
 90
        0
 91
        0
309
TABLECELL_END
300
CELL
  1
LINKEDTABLEDATACELL_BEGIN
 90
        0
300

 91
        0
301
CUSTOMDATA
  1
DATAMAP_BEGIN
 90
        1
300
ACAD_ROUNDTRIP_2008_CELL_CHECKSUM
301
DATAMAP_VALUE
 93
        2
 90
        2
140
2638.0
 94
        0
300

302

304
ACVALUE_END
309
DATAMAP_END
 92
        0
 95
        1
302
CONTENT
  1
CELLCONTENT_BEGIN
 90
        1
300
VALUE
 93
        6
 90
        4
  1
SHAFT D40
 94
        0
300

302
SHAFT D40
304
ACVALUE_END
 91
        0
309
CELLCONTENT_END
  1
FORMATTEDCELLCONTENT_BEGIN
170
     1
300
CONTENTFORMAT
  1
CONTENTFORMAT_BEGIN
 90
        3
 91
        0
 92
        4
 93
        0
300

 40
0.0
140
1.0
 94
        1
 62
     0
340
0
144
0.18
309
CONTENTFORMAT_END
309
FORMATTEDCELLCONTENT_END
309
LINKEDTABLEDATACELL_END
  1
FORMATTEDTABLEDATACELL_BEGIN
300
CELLTABLEFORMAT
  1
TABLEFORMAT_BEGIN
 90
        1
170
     0
309
TABLEFORMAT_END
309
FORMATTEDTABLEDATACELL_END
  1
TABLECELL_BEGIN
 90
        0
 91
        0
309
TABLECELL_END
300
CELL
  1
LINKEDTABLEDATACELL_BEGIN
 90
        0
300

 91
        0
301
CUSTOMDATA
  1
DATAMAP_BEGIN
 90
        1
300
ACAD_ROUNDTRIP_2008_CELL_CHECKSUM
301
DATAMAP_VALUE
 93
        2
 90
        2
140
50.0
 94
        0
300

302

304
ACVALUE_END
309
DATAMAP_END
 92
        0
 95
        1
302
CONTENT
  1
CELLCONTENT_BEGIN
 90
        1
300
VALUE
 93
        6
 90
        4
  1
2
 94
        0
300

302
2
304
ACVALUE_END
 91
        0
309
CELLCONTENT_END
  1
FORMATTEDCELLCONTENT_BEGIN
170
     1
300
CONTENTFORMAT
  1
CONTENTFORMAT_BEGIN
 90
        3
 91
        0
 92
        4
 93
        0
300

 40
0.0
140
1.0
 94
        1
 62
     0
340
0
144
0.18
309
CONTENTFORMAT_END
309
FORMATTEDCELLCONTENT_END
309
LINKEDTABLEDATACELL_END
  1
FORMATTEDTABLEDATACELL_BEGIN
300
CELLTABLEFORMAT
  1
TABLEFORMAT_BEGIN
 90
        1
170
     0
309
TABLEFORMAT_END
309
FORMATTEDTABLEDATACELL_END
  1
TABLECELL_BEGIN
 90
        0
 91
        0
309
TABLECELL_END
300
CELL
  1
LINKEDTABLEDATACELL_BEGIN
 90
        0
300

 91
        0
301
CUSTOMDATA
  1
DATAMAP_BEGIN
 90
        1
300
ACAD_ROUNDTRIP_2008_CELL_CHECKSUM
301
DATAMAP_VALUE
 93
        2
 90
        2
140
330.0
 94
        0
300

302

304
ACVALUE_END
309
DATAMAP_END
 92
        0
 95
        1
302
CONTENT
  1
CELLCONTENT_BEGIN
 90
        1
300
VALUE
 93
        6
 90
        4
  1
C45
 94
        0
300

302
C45
304
ACVALUE_END
 91
        0
309
CELLCONTENT_END
  1
FORMATTEDCELLCONTENT_BEGIN
170
     1
300
CONTENTFORMAT
  1
CONTENTFORMAT_BEGIN
 90
        3
 91
        0
 92
        4
 93
        0
300

 40
0.0
140
1.0
 94
        1
 62
     0
340
0
144
0.18
309
CONTENTFORMAT_END
309
FORMATTEDCELLCONTENT_END
309
LINKEDTABLEDATACELL_END
  1
FORMATTEDTABLEDATACELL_BEGIN
300
CELLTABLEFORMAT
  1
TABLEFORMAT_BEGIN
 90
        1
170
     0
309
TABLEFORMAT_END
309
FORMATTEDTABLEDATACELL_END
  1
TABLECELL_BEGIN
 90
        0
 91
        0
309
TABLECELL_END
300
CELL
  1
LINKEDTABLEDATACELL_BEGIN
 90
        0
300

 91
        0
301
CUSTOMDATA
  1
DATAMAP_BEGIN
 90
        1
300
ACAD_ROUNDTRIP_2008_CELL_CHECKSUM
301
DATAMAP_VALUE
 93
        2
 90
        2
140
3233.0
 94
        0
300

302

304
ACVALUE_END
309
DATAMAP_END
 92
        0
 95
        1
302
CONTENT
  1
CELLCONTENT_BEGIN
 90
        1
300
VALUE
 93
        6
 90
        4
  1
REFERENCE
 94
        0
300

302
REFERENCE
304
ACVALUE_END
 91
        0
309
CELLCONTENT_END
  1
FORMATTEDCELLCONTENT_BEGIN
170
     1
300
CONTENTFORMAT
  1
CONTENTFORMAT_BEGIN
 90
        3
 91
        0
 92
        4
 93
        0
300

 40
0.0
140
1.0
 94
        1
 62
     0
340
0
144
0.18
309
CONTENTFORMAT_END
309
FORMATTEDCELLCONTENT_END
309
LINKEDTABLEDATACELL_END
  1
FORMATTEDTABLEDATACELL_BEGIN
300
CELLTABLEFORMAT
  1
TABLEFORMAT_BEGIN
 90
        1
170
     0
309
TABLEFORMAT_END
309
FORMATTEDTABLEDATACELL_END
  1
TABLECELL_BEGIN
 90
        0
 91
        0
309
TABLECELL_END
 91
        0
301
CUSTOMDATA
  1
DATAMAP_BEGIN
 90
        0
309
DATAMAP_END
309
LINKEDTABLEDATAROW_END
  1
FORMATTEDTABLEDATAROW_BEGIN
300
ROWTABLEFORMAT
  1
TABLEFORMAT_BEGIN
 90
        2
170
     1
 91
      128
 92
        0
 62
   257
 93
        1
300
CONTENTFORMAT
  1
CONTENTFORMAT_BEGIN
 90
        0
 91
        0
 92
      512
 93
        0
300

 40
0.0
140
1.0
 94
        1
 62
     0
340
0
144
3.0
309
CONTENTFORMAT_END
171
     0
 94
        0
309
TABLEFORMAT_END
309
FORMATTEDTABLEDATAROW_END
  1
TABLEROW_BEGIN
 90
        3
 40
7.0
309
TABLEROW_END
301
ROW
  1
LINKEDTABLEDATAROW_BEGIN
 90
        6
300
CELL
  1
LINKEDTABLEDATACELL_BEGIN
 90
        0
300

 91
        0
301
CUSTOMDATA
  1
DATAMAP_BEGIN
 90
        1
300
ACAD_ROUNDTRIP_2008_CELL_CHECKSUM
301
DATAMAP_VALUE
 93
        2
 90
        2
140
51.0
 94
        0
300

302

304
ACVALUE_END
309
DATAMAP_END
 92
        0
 95
        1
302
CONTENT
  1
CELLCONTENT_BEGIN
 90
        1
300
VALUE
 93
        6
 90
        4
  1
3
 94
        0
300

302
3
304
ACVALUE_END
 91
        0
309
CELLCONTENT_END
  1
FORMATTEDCELLCONTENT_BEGIN
170
     1
300
CONTENTFORMAT
  1
CONTENTFORMAT_BEGIN
 90
        3
 91
        0
 92
        4
 93
        0
300

 40
0.0
140
1.0
 94
        1
 62
     0
340
0
144
0.18
309
CONTENTFORMAT_END
309
FORMATTEDCELLCONTENT_END
309
LINKEDTABLEDATACELL_END
  1
FORMATTEDTABLEDATACELL_BEGIN
300
CELLTABLEFORMAT
  1
TABLEFORMAT_BEGIN
 90
        1
170
     0
309
TABLEFORMAT_END
309
FORMATTEDTABLEDATACELL_END
  1
TABLECELL_BEGIN
 90
        0
 91
        0
309
TABLECELL_END
300
CELL
  1
LINKEDTABLEDATACELL_BEGIN
 90
        0
300

 91
        0
301
CUSTOMDATA
  1
DATAMAP_BEGIN
 90
        1
300
ACAD_ROUNDTRIP_2008_CELL_CHECKSUM
301
DATAMAP_VALUE
 93
        2
 90
        2
140
2050.0
 94
        0
300

302

304
ACVALUE_END
309
DATAMAP_END
 92
        0
 95
        1
302
CONTENT
  1
CELLCONTENT_BEGIN
 90
        1
300
VALUE
 93
        6
 90
        4
  1
DIN-6885
 94
        0
300

302
DIN-6885
304
ACVALUE_END
 91
        0
309
CELLCONTENT_END
  1
FORMATTEDCELLCONTENT_BEGIN
170
     1
300
CONTENTFORMAT
  1
CONTENTFORMAT_BEGIN
 90
        3
 91
        0
 92
        4
 93
        0
300

 40
0.0
140
1.0
 94
        1
 62
     0
340
0
144
0.18
309
CONTENTFORMAT_END
309
FORMATTEDCELLCONTENT_END
309
LINKEDTABLEDATACELL_END
  1
FORMATTEDTABLEDATACELL_BEGIN
300
CELLTABLEFORMAT
  1
TABLEFORMAT_BEGIN
 90
        1
170
     0
309
TABLEFORMAT_END
309
FORMATTEDTABLEDATACELL_END
  1
TABLECELL_BEGIN
 90
        0
 91
        0
309
TABLECELL_END
300
CELL
  1
LINKEDTABLEDATACELL_BEGIN
 90
        0
300

 91
        0
301
CUSTOMDATA
  1
DATAMAP_BEGIN
 90
        1
300
ACAD_ROUNDTRIP_2008_CELL_CHECKSUM
301
DATAMAP_VALUE
 93
        2
 90
        2
140
4599.0
 94
        0
300

302

304
ACVALUE_END
309
DATAMAP_END
 92
        0
 95
        1
302
CONTENT
  1
CELLCONTENT_BEGIN
 90
        1
300
VALUE
 93
        6
 90
        4
  1
KEY 12x8x70
 94
        0
300

302
KEY 12x8x70
304
ACVALUE_END
 91
        0
309
CELLCONTENT_END
  1
FORMATTEDCELLCONTENT_BEGIN
170
     1
300
CONTENTFORMAT
  1
CONTENTFORMAT_BEGIN
 90
        3
 91
        0
 92
        4
 93
        0
300

 40
0.0
140
1.0
 94
        1
 62
     0
340
0
144
0.18
309
CONTENTFORMAT_END
309
FORMATTEDCELLCONTENT_END
309
LINKEDTABLEDATACELL_END
  1
FORMATTEDTABLEDATACELL_BEGIN
300
CELLTABLEFORMAT
  1
TABLEFORMAT_BEGIN
 90
        1
170
     0
309
TABLEFORMAT_END
309
FORMATTEDTABLEDATACELL_END
  1
TABLECELL_BEGIN
 90
        0
 91
        0
309
TABLECELL_END
300
CELL
  1
LINKEDTABLEDATACELL_BEGIN
 90
        0
300

 91
        0
301
CUSTOMDATA
  1
DATAMAP_BEGIN
 90
        1
300
ACAD_ROUNDTRIP_2008_CELL_CHECKSUM
301
DATAMAP_VALUE
 93
        2
 90
        2
140
50.0
 94
        0
300

302

304
ACVALUE_END
309
DATAMAP_END
 92
        0
 95
        1
302
CONTENT
  1
CELLCONTENT_BEGIN
 90
        1
300
VALUE
 93
        6
 90
        4
  1
2
 94
        0
300

302
2
304
ACVALUE_END
 91
        0
309
CELLCONTENT_END
  1
FORMATTEDCELLCONTENT_BEGIN
170
     1
300
CONTENTFORMAT
  1
CONTENTFORMAT_BEGIN
 90
        3
 91
        0
 92
        4
 93
        0
300

 40
0.0
140
1.0
 94
        1
 62
     0
340
0
144
0.18
309
CONTENTFORMAT_END
309
FORMATTEDCELLCONTENT_END
309
LINKEDTABLEDATACELL_END
  1
FORMATTEDTABLEDATACELL_BEGIN
300
CELLTABLEFORMAT
  1
TABLEFORMAT_BEGIN
 90
        1
170
     0
309
TABLEFORMAT_END
309
FORMATTEDTABLEDATACELL_END
  1
TABLECELL_BEGIN
 90
        0
 91
        0
309
TABLECELL_END
300
CELL
  1
LINKEDTABLEDATACELL_BEGIN
 90
        0
300

 91
        0
301
CUSTOMDATA
  1
DATAMAP_BEGIN
 90
        1
300
ACAD_ROUNDTRIP_2008_CELL_CHECKSUM
301
DATAMAP_VALUE
 93
        2
 90
        2
140
330.0
 94
        0
300

302

304
ACVALUE_END
309
DATAMAP_END
 92
        0
 95
        1
302
CONTENT
  1
CELLCONTENT_BEGIN
 90
        1
300
VALUE
 93
        6
 90
        4
  1
C45
 94
        0
300

302
C45
304
ACVALUE_END
 91
        0
309
CELLCONTENT_END
  1
FORMATTEDCELLCONTENT_BEGIN
170
     1
300
CONTENTFORMAT
  1
CONTENTFORMAT_BEGIN
 90
        3
 91
        0
 92
        4
 93
        0
300

 40
0.0
140
1.0
 94
        1
 62
     0
340
0
144
0.18
309
CONTENTFORMAT_END
309
FORMATTEDCELLCONTENT_END
309
LINKEDTABLEDATACELL_END
  1
FORMATTEDTABLEDATACELL_BEGIN
300
CELLTABLEFORMAT
  1
TABLEFORMAT_BEGIN
 90
        1
170
     0
309
TABLEFORMAT_END
309
FORMATTEDTABLEDATACELL_END
  1
TABLECELL_BEGIN
 90
        0
 91
        0
309
TABLECELL_END
300
CELL
  1
LINKEDTABLEDATACELL_BEGIN
 90
        0
300

 91
        0
301
CUSTOMDATA
  1
DATAMAP_BEGIN
 90
        1
300
ACAD_ROUNDTRIP_2008_CELL_CHECKSUM
301
DATAMAP_VALUE
 93
        2
 90
        2
140
2606.0
 94
        0
300

302

304
ACVALUE_END
309
DATAMAP_END
 92
        0
 95
        1
302
CONTENT
  1
CELLCONTENT_BEGIN
 90
        1
300
VALUE
 93
        6
 90
        4
  1
STANDARD
 94
        0
300

302
STANDARD
304
ACVALUE_END
 91
        0
309
CELLCONTENT_END
  1
FORMATTEDCELLCONTENT_BEGIN
170
     1
300
CONTENTFORMAT
  1
CONTENTFORMAT_BEGIN
 90
        3
 91
        0
 92
        4
 93
        0
300

 40
0.0
140
1.0
 94
        1
 62
     0
340
0
144
0.18
309
CONTENTFORMAT_END
309
FORMATTEDCELLCONTENT_END
309
LINKEDTABLEDATACELL_END
  1
FORMATTEDTABLEDATACELL_BEGIN
300
CELLTABLEFORMAT
  1
TABLEFORMAT_BEGIN
 90
        1
170
     0
309
TABLEFORMAT_END
309
FORMATTEDTABLEDATACELL_END
  1
TABLECELL_BEGIN
 90
        0
 91
        0
309
TABLECELL_END
 91
        0
301
CUSTOMDATA
  1
DATAMAP_BEGIN
 90
        0
309
DATAMAP_END
309
LINKEDTABLEDATAROW_END
  1
FORMATTEDTABLEDATAROW_BEGIN
300
ROWTABLEFORMAT
  1
TABLEFORMAT_BEGIN
 90
        2
170
     1
 91
      128
 92
        0
 62
   257
 93
        1
300
CONTENTFORMAT
  1
CONTENTFORMAT_BEGIN
 90
        0
 91
        0
 92
      512
 93
        0
300

 40
0.0
140
1.0
 94
        1
 62
     0
340
0
144
3.0
309
CONTENTFORMAT_END
171
     0
 94
        0
309
TABLEFORMAT_END
309
FORMATTEDTABLEDATAROW_END
  1
TABLEROW_BEGIN
 90
        3
 40
7.0
309
TABLEROW_END
301
ROW
  1
LINKEDTABLEDATAROW_BEGIN
 90
        6
300
CELL
  1
LINKEDTABLEDATACELL_BEGIN
 90
        0
300

 91
        0
301
CUSTOMDATA
  1
DATAMAP_BEGIN
 90
        1
300
ACAD_ROUNDTRIP_2008_CELL_CHECKSUM
301
DATAMAP_VALUE
 93
        2
 90
        2
140
52.0
 94
        0
300

302

304
ACVALUE_END
309
DATAMAP_END
 92
        0
 95
        1
302
CONTENT
  1
CELLCONTENT_BEGIN
 90
        1
300
VALUE
 93
        6
 90
        4
  1
4
 94
        0
300

302
4
304
ACVALUE_END
 91
        0
309
CELLCONTENT_END
  1
FORMATTEDCELLCONTENT_BEGIN
170
     1
300
CONTENTFORMAT
  1
CONTENTFORMAT_BEGIN
 90
        3
 91
        0
 92
        4
 93
        0
300

 40
0.0
140
1.0
 94
        1
 62
     0
340
0
144
0.18
309
CONTENTFORMAT_END
309
FORMATTEDCELLCONTENT_END
309
LINKEDTABLEDATACELL_END
  1
FORMATTEDTABLEDATACELL_BEGIN
300
CELLTABLEFORMAT
  1
TABLEFORMAT_BEGIN
 90
        1
170
     0
309
TABLEFORMAT_END
309
FORMATTEDTABLEDATACELL_END
  1
TABLECELL_BEGIN
 90
        0
 91
        0
309
TABLECELL_END
300
CELL
  1
LINKEDTABLEDATACELL_BEGIN
 90
        0
300

 91
        0
301
CUSTOMDATA
  1
DATAMAP_BEGIN
 90
        1
300
ACAD_ROUNDTRIP_2008_CELL_CHECKSUM
301
DATAMAP_VALUE
 93
        2
 90
        2
140
1987.0
 94
        0
300

302

304
ACVALUE_END
309
DATAMAP_END
 92
        0
 95
        1
302
CONTENT
  1
CELLCONTENT_BEGIN
 90
        1
300
VALUE
 93
        6
 90
        4
  1
ISO-4017
 94
        0
300

302
ISO-4017
304
ACVALUE_END
 91
        0
309
CELLCONTENT_END
  1
FORMATTEDCELLCONTENT_BEGIN
170
     1
300
CONTENTFORMAT
  1
CONTENTFORMAT_BEGIN
 90
        3
 91
        0
 92
        4
 93
        0
300

 40
0.0
140
1.0
 94
        1
 62
     0
340
0
144
0.18
309
CONTENTFORMAT_END
309
FORMATTEDCELLCONTENT_END
309
LINKEDTABLEDATACELL_END
  1
FORMATTEDTABLEDATACELL_BEGIN
300
CELLTABLEFORMAT
  1
TABLEFORMAT_BEGIN
 90
        1
170
     0
309
TABLEFORMAT_END
309
FORMATTEDTABLEDATACELL_END
  1
TABLECELL_BEGIN
 90
        0
 91
        0
309
TABLECELL_END
300
CELL
  1
LINKEDTABLEDATACELL_BEGIN
 90
        0
300

 91
        0
301
CUSTOMDATA
  1
DATAMAP_BEGIN
 90
        1
300
ACAD_ROUNDTRIP_2008_CELL_CHECKSUM
301
DATAMAP_VALUE
 93
        2
 90
        2
140
4807.0
 94
        0
300

302

304
ACVALUE_END
309
DATAMAP_END
 92
        0
 95
        1
302
CONTENT
  1
CELLCONTENT_BEGIN
 90
        1
300
VALUE
 93
        6
 90
        4
  1
HEX BOLT M12
 94
        0
300

302
HEX BOLT M12
304
ACVALUE_END
 91
        0
309
CELLCONTENT_END
  1
FORMATTEDCELLCONTENT_BEGIN
170
     1
300
CONTENTFORMAT
  1
CONTENTFORMAT_BEGIN
 90
        3
 91
        0
 92
        4
 93
        0
300

 40
0.0
140
1.0
 94
        1
 62
     0
340
0
144
0.18
309
CONTENTFORMAT_END
309
FORMATTEDCELLCONTENT_END
309
LINKEDTABLEDATACELL_END
  1
FORMATTEDTABLEDATACELL_BEGIN
300
CELLTABLEFORMAT
  1
TABLEFORMAT_BEGIN
 90
        1
170
     0
309
TABLEFORMAT_END
309
FORMATTEDTABLEDATACELL_END
  1
TABLECELL_BEGIN
 90
        0
 91
        0
309
TABLECELL_END
300
CELL
  1
LINKEDTABLEDATACELL_BEGIN
 90
        0
300

 91
        0
301
CUSTOMDATA
  1
DATAMAP_BEGIN
 90
        1
300
ACAD_ROUNDTRIP_2008_CELL_CHECKSUM
301
DATAMAP_VALUE
 93
        2
 90
        2
140
52.0
 94
        0
300

302

304
ACVALUE_END
309
DATAMAP_END
 92
        0
 95
        1
302
CONTENT
  1
CELLCONTENT_BEGIN
 90
        1
300
VALUE
 93
        6
 90
        4
  1
4
 94
        0
300

302
4
304
ACVALUE_END
 91
        0
309
CELLCONTENT_END
  1
FORMATTEDCELLCONTENT_BEGIN
170
     1
300
CONTENTFORMAT
  1
CONTENTFORMAT_BEGIN
 90
        3
 91
        0
 92
        4
 93
        0
300

 40
0.0
140
1.0
 94
        1
 62
     0
340
0
144
0.18
309
CONTENTFORMAT_END
309
FORMATTEDCELLCONTENT_END
309
LINKEDTABLEDATACELL_END
  1
FORMATTEDTABLEDATACELL_BEGIN
300
CELLTABLEFORMAT
  1
TABLEFORMAT_BEGIN
 90
        1
170
     0
309
TABLEFORMAT_END
309
FORMATTEDTABLEDATACELL_END
  1
TABLECELL_BEGIN
 90
        0
 91
        0
309
TABLECELL_END
300
CELL
  1
LINKEDTABLEDATACELL_BEGIN
 90
        0
300

 91
        0
301
CUSTOMDATA
  1
DATAMAP_BEGIN
 90
        1
300
ACAD_ROUNDTRIP_2008_CELL_CHECKSUM
301
DATAMAP_VALUE
 93
        2
 90
        2
140
316.0
 94
        0
300

302

304
ACVALUE_END
309
DATAMAP_END
 92
        0
 95
        1
302
CONTENT
  1
CELLCONTENT_BEGIN
 90
        1
300
VALUE
 93
        6
 90
        4
  1
8.8
 94
        0
300

302
8.8
304
ACVALUE_END
 91
        0
309
CELLCONTENT_END
  1
FORMATTEDCELLCONTENT_BEGIN
170
     1
300
CONTENTFORMAT
  1
CONTENTFORMAT_BEGIN
 90
        3
 91
        0
 92
        4
 93
        0
300

 40
0.0
140
1.0
 94
        1
 62
     0
340
0
144
0.18
309
CONTENTFORMAT_END
309
FORMATTEDCELLCONTENT_END
309
LINKEDTABLEDATACELL_END
  1
FORMATTEDTABLEDATACELL_BEGIN
300
CELLTABLEFORMAT
  1
TABLEFORMAT_BEGIN
 90
        1
170
     0
309
TABLEFORMAT_END
309
FORMATTEDTABLEDATACELL_END
  1
TABLECELL_BEGIN
 90
        0
 91
        0
309
TABLECELL_END
300
CELL
  1
LINKEDTABLEDATACELL_BEGIN
 90
        0
300

 91
        0
301
CUSTOMDATA
  1
DATAMAP_BEGIN
 90
        1
300
ACAD_ROUNDTRIP_2008_CELL_CHECKSUM
301
DATAMAP_VALUE
 93
        2
 90
        2
140
2606.0
 94
        0
300

302

304
ACVALUE_END
309
DATAMAP_END
 92
        0
 95
        1
302
CONTENT
  1
CELLCONTENT_BEGIN
 90
        1
300
VALUE
 93
        6
 90
        4
  1
STANDARD
 94
        0
300

302
STANDARD
304
ACVALUE_END
 91
        0
309
CELLCONTENT_END
  1
FORMATTEDCELLCONTENT_BEGIN
170
     1
300
CONTENTFORMAT
  1
CONTENTFORMAT_BEGIN
 90
        3
 91
        0
 92
        4
 93
        0
300

 40
0.0
140
1.0
 94
        1
 62
     0
340
0
144
0.18
309
CONTENTFORMAT_END
309
FORMATTEDCELLCONTENT_END
309
LINKEDTABLEDATACELL_END
  1
FORMATTEDTABLEDATACELL_BEGIN
300
CELLTABLEFORMAT
  1
TABLEFORMAT_BEGIN
 90
        1
170
     0
309
TABLEFORMAT_END
309
FORMATTEDTABLEDATACELL_END
  1
TABLECELL_BEGIN
 90
        0
 91
        0
309
TABLECELL_END
 91
        0
301
CUSTOMDATA
  1
DATAMAP_BEGIN
 90
        0
309
DATAMAP_END
309
LINKEDTABLEDATAROW_END
  1
FORMATTEDTABLEDATAROW_BEGIN
300
ROWTABLEFORMAT
  1
TABLEFORMAT_BEGIN
 90
        2
170
     1
 91
      128
 92
        0
 62
   257
 93
        1
300
CONTENTFORMAT
  1
CONTENTFORMAT_BEGIN
 90
        0
 91
        0
 92
      512
 93
        0
300

 40
0.0
140
1.0
 94
        1
 62
     0
340
0
144
3.0
309
CONTENTFORMAT_END
171
     0
 94
        0
309
TABLEFORMAT_END
309
FORMATTEDTABLEDATAROW_END
  1
TABLEROW_BEGIN
 90
        3
 40
11.06548431105047
309
TABLEROW_END
301
ROW
  1
LINKEDTABLEDATAROW_BEGIN
 90
        6
300
CELL
  1
LINKEDTABLEDATACELL_BEGIN
 90
        0
300

 91
        0
301
CUSTOMDATA
  1
DATAMAP_BEGIN
 90
        1
300
ACAD_ROUNDTRIP_2008_CELL_CHECKSUM
301
DATAMAP_VALUE
 93
        2
 90
        2
140
53.0
 94
        0
300

302

304
ACVALUE_END
309
DATAMAP_END
 92
        0
 95
        1
302
CONTENT
  1
CELLCONTENT_BEGIN
 90
        1
300
VALUE
 93
        6
 90
        4
  1
5
 94
        0
300

302
5
304
ACVALUE_END
 91
        0
309
CELLCONTENT_END
  1
FORMATTEDCELLCONTENT_BEGIN
170
     1
300
CONTENTFORMAT
  1
CONTENTFORMAT_BEGIN
 90
        3
 91
        0
 92
        4
 93
        0
300

 40
0.0
140
1.0
 94
        1
 62
     0
340
0
144
0.18
309
CONTENTFORMAT_END
309
FORMATTEDCELLCONTENT_END
309
LINKEDTABLEDATACELL_END
  1
FORMATTEDTABLEDATACELL_BEGIN
300
CELLTABLEFORMAT
  1
TABLEFORMAT_BEGIN
 90
        1
170
     0
309
TABLEFORMAT_END
309
FORMATTEDTABLEDATACELL_END
  1
TABLECELL_BEGIN
 90
        0
 91
        0
309
TABLECELL_END
300
CELL
  1
LINKEDTABLEDATACELL_BEGIN
 90
        0
300

 91
        0
301
CUSTOMDATA
  1
DATAMAP_BEGIN
 90
        1
300
ACAD_ROUNDTRIP_2008_CELL_CHECKSUM
301
DATAMAP_VALUE
 93
        2
 90
        2
140
1961.0
 94
        0
300

302

304
ACVALUE_END
309
DATAMAP_END
 92
        0
 95
        1
302
CONTENT
  1
CELLCONTENT_BEGIN
 90
        1
300
VALUE
 93
        6
 90
        4
  1
ISO-4032
 94
        0
300

302
ISO-4032
304
ACVALUE_END
 91
        0
309
CELLCONTENT_END
  1
FORMATTEDCELLCONTENT_BEGIN
170
     1
300
CONTENTFORMAT
  1
CONTENTFORMAT_BEGIN
 90
        3
 91
        0
 92
        4
 93
        0
300

 40
0.0
140
1.0
 94
        1
 62
     0
340
0
144
0.18
309
CONTENTFORMAT_END
309
FORMATTEDCELLCONTENT_END
309
LINKEDTABLEDATACELL_END
  1
FORMATTEDTABLEDATACELL_BEGIN
300
CELLTABLEFORMAT
  1
TABLEFORMAT_BEGIN
 90
        1
170
     0
309
TABLEFORMAT_END
309
FORMATTEDTABLEDATACELL_END
  1
TABLECELL_BEGIN
 90
        0
 91
        0
309
TABLECELL_END
300
CELL
  1
LINKEDTABLEDATACELL_BEGIN
 90
        0
300

 91
        0
301
CUSTOMDATA
  1
DATAMAP_BEGIN
 90
        1
300
ACAD_ROUNDTRIP_2008_CELL_CHECKSUM
301
DATAMAP_VALUE
 93
        2
 90
        2
140
4079.0
 94
        0
300

302

304
ACVALUE_END
309
DATAMAP_END
 92
        0
 95
        1
302
CONTENT
  1
CELLCONTENT_BEGIN
 90
        1
300
VALUE
 93
        6
 90
        4
  1
HEX NUT M12
 94
        0
300

302
HEX NUT M12
304
ACVALUE_END
 91
        0
309
CELLCONTENT_END
  1
FORMATTEDCELLCONTENT_BEGIN
170
     1
300
CONTENTFORMAT
  1
CONTENTFORMAT_BEGIN
 90
        3
 91
        0
 92
        4
 93
        0
300

 40
0.0
140
1.0
 94
        1
 62
     0
340
0
144
0.18
309
CONTENTFORMAT_END
309
FORMATTEDCELLCONTENT_END
309
LINKEDTABLEDATACELL_END
  1
FORMATTEDTABLEDATACELL_BEGIN
300
CELLTABLEFORMAT
  1
TABLEFORMAT_BEGIN
 90
        1
170
     0
309
TABLEFORMAT_END
309
FORMATTEDTABLEDATACELL_END
  1
TABLECELL_BEGIN
 90
        0
 91
        0
309
TABLECELL_END
300
CELL
  1
LINKEDTABLEDATACELL_BEGIN
 90
        0
300

 91
        0
301
CUSTOMDATA
  1
DATAMAP_BEGIN
 90
        1
300
ACAD_ROUNDTRIP_2008_CELL_CHECKSUM
301
DATAMAP_VALUE
 93
        2
 90
        2
140
52.0
 94
        0
300

302

304
ACVALUE_END
309
DATAMAP_END
 92
        0
 95
        1
302
CONTENT
  1
CELLCONTENT_BEGIN
 90
        1
300
VALUE
 93
        6
 90
        4
  1
4
 94
        0
300

302
4
304
ACVALUE_END
 91
        0
309
CELLCONTENT_END
  1
FORMATTEDCELLCONTENT_BEGIN
170
     1
300
CONTENTFORMAT
  1
CONTENTFORMAT_BEGIN
 90
        3
 91
        0
 92
        4
 93
        0
300

 40
0.0
140
1.0
 94
        1
 62
     0
340
0
144
0.18
309
CONTENTFORMAT_END
309
FORMATTEDCELLCONTENT_END
309
LINKEDTABLEDATACELL_END
  1
FORMATTEDTABLEDATACELL_BEGIN
300
CELLTABLEFORMAT
  1
TABLEFORMAT_BEGIN
 90
        1
170
     0
309
TABLEFORMAT_END
309
FORMATTEDTABLEDATACELL_END
  1
TABLECELL_BEGIN
 90
        0
 91
        0
309
TABLECELL_END
300
CELL
  1
LINKEDTABLEDATACELL_BEGIN
 90
        0
300

 91
        0
301
CUSTOMDATA
  1
DATAMAP_BEGIN
 90
        1
300
ACAD_ROUNDTRIP_2008_CELL_CHECKSUM
301
DATAMAP_VALUE
 93
        2
 90
        2
140
1745.0
 94
        0
300

302

304
ACVALUE_END
309
DATAMAP_END
 92
        0
 95
        1
302
CONTENT
  1
CELLCONTENT_BEGIN
 90
        1
300
VALUE
 93
        6
 90
        4
  1
CLASS 8
 94
        0
300

302
CLASS 8
304
ACVALUE_END
 91
        0
309
CELLCONTENT_END
  1
FORMATTEDCELLCONTENT_BEGIN
170
     1
300
CONTENTFORMAT
  1
CONTENTFORMAT_BEGIN
 90
        3
 91
        0
 92
        4
 93
        0
300

 40
0.0
140
1.0
 94
        1
 62
     0
340
0
144
0.18
309
CONTENTFORMAT_END
309
FORMATTEDCELLCONTENT_END
309
LINKEDTABLEDATACELL_END
  1
FORMATTEDTABLEDATACELL_BEGIN
300
CELLTABLEFORMAT
  1
TABLEFORMAT_BEGIN
 90
        1
170
     0
309
TABLEFORMAT_END
309
FORMATTEDTABLEDATACELL_END
  1
TABLECELL_BEGIN
 90
        0
 91
        0
309
TABLECELL_END
300
CELL
  1
LINKEDTABLEDATACELL_BEGIN
 90
        0
300

 91
        0
301
CUSTOMDATA
  1
DATAMAP_BEGIN
 90
        1
300
ACAD_ROUNDTRIP_2008_CELL_CHECKSUM
301
DATAMAP_VALUE
 93
        2
 90
        2
140
2606.0
 94
        0
300

302

304
ACVALUE_END
309
DATAMAP_END
 92
        0
 95
        1
302
CONTENT
  1
CELLCONTENT_BEGIN
 90
        1
300
VALUE
 93
        6
 90
        4
  1
STANDARD
 94
        0
300

302
STANDARD
304
ACVALUE_END
 91
        0
309
CELLCONTENT_END
  1
FORMATTEDCELLCONTENT_BEGIN
170
     1
300
CONTENTFORMAT
  1
CONTENTFORMAT_BEGIN
 90
        3
 91
        0
 92
        4
 93
        0
300

 40
0.0
140
1.0
 94
        1
 62
     0
340
0
144
0.18
309
CONTENTFORMAT_END
309
FORMATTEDCELLCONTENT_END
309
LINKEDTABLEDATACELL_END
  1
FORMATTEDTABLEDATACELL_BEGIN
300
CELLTABLEFORMAT
  1
TABLEFORMAT_BEGIN
 90
        1
170
     0
309
TABLEFORMAT_END
309
FORMATTEDTABLEDATACELL_END
  1
TABLECELL_BEGIN
 90
        0
 91
        0
309
TABLECELL_END
 91
        0
301
CUSTOMDATA
  1
DATAMAP_BEGIN
 90
        0
309
DATAMAP_END
309
LINKEDTABLEDATAROW_END
  1
FORMATTEDTABLEDATAROW_BEGIN
300
ROWTABLEFORMAT
  1
TABLEFORMAT_BEGIN
 90
        2
170
     1
 91
      128
 92
        0
 62
   257
 93
        1
300
CONTENTFORMAT
  1
CONTENTFORMAT_BEGIN
 90
        0
 91
        0
 92
      512
 93
        0
300

 40
0.0
140
1.0
 94
        1
 62
     0
340
0
144
3.0
309
CONTENTFORMAT_END
171
     0
 94
        0
309
TABLEFORMAT_END
309
FORMATTEDTABLEDATAROW_END
  1
TABLEROW_BEGIN
 90
        3
 40
11.11459754433833
309
TABLEROW_END
301
ROW
  1
LINKEDTABLEDATAROW_BEGIN
 90
        6
300
CELL
  1
LINKEDTABLEDATACELL_BEGIN
 90
        0
300

 91
        0
301
CUSTOMDATA
  1
DATAMAP_BEGIN
 90
        1
300
ACAD_ROUNDTRIP_2008_CELL_CHECKSUM
301
DATAMAP_VALUE
 93
        2
 90
        2
140
54.0
 94
        0
300

302

304
ACVALUE_END
309
DATAMAP_END
 92
        0
 95
        1
302
CONTENT
  1
CELLCONTENT_BEGIN
 90
        1
300
VALUE
 93
        6
 90
        4
  1
6
 94
        0
300

302
6
304
ACVALUE_END
 91
        0
309
CELLCONTENT_END
  1
FORMATTEDCELLCONTENT_BEGIN
170
     1
300
CONTENTFORMAT
  1
CONTENTFORMAT_BEGIN
 90
        3
 91
        0
 92
        4
 93
        0
300

 40
0.0
140
1.0
 94
        1
 62
     0
340
0
144
0.18
309
CONTENTFORMAT_END
309
FORMATTEDCELLCONTENT_END
309
LINKEDTABLEDATACELL_END
  1
FORMATTEDTABLEDATACELL_BEGIN
300
CELLTABLEFORMAT
  1
TABLEFORMAT_BEGIN
 90
        1
170
     0
309
TABLEFORMAT_END
309
FORMATTEDTABLEDATACELL_END
  1
TABLECELL_BEGIN
 90
        0
 91
        0
309
TABLECELL_END
300
CELL
  1
LINKEDTABLEDATACELL_BEGIN
 90
        0
300

 91
        0
301
CUSTOMDATA
  1
DATAMAP_BEGIN
 90
        1
300
ACAD_ROUNDTRIP_2008_CELL_CHECKSUM
301
DATAMAP_VALUE
 93
        2
 90
        2
140
2067.0
 94
        0
300

302

304
ACVALUE_END
309
DATAMAP_END
 92
        0
 95
        1
302
CONTENT
  1
CELLCONTENT_BEGIN
 90
        1
300
VALUE
 93
        6
 90
        4
  1
ISO-7089
 94
        0
300

302
ISO-7089
304
ACVALUE_END
 91
        0
309
CELLCONTENT_END
  1
FORMATTEDCELLCONTENT_BEGIN
170
     1
300
CONTENTFORMAT
  1
CONTENTFORMAT_BEGIN
 90
        3
 91
        0
 92
        4
 93
        0
300

 40
0.0
140
1.0
 94
        1
 62
     0
340
0
144
0.18
309
CONTENTFORMAT_END
309
FORMATTEDCELLCONTENT_END
309
LINKEDTABLEDATACELL_END
  1
FORMATTEDTABLEDATACELL_BEGIN
300
CELLTABLEFORMAT
  1
TABLEFORMAT_BEGIN
 90
        1
170
     0
309
TABLEFORMAT_END
309
FORMATTEDTABLEDATACELL_END
  1
TABLECELL_BEGIN
 90
        0
 91
        0
309
TABLECELL_END
300
CELL
  1
LINKEDTABLEDATACELL_BEGIN
 90
        0
300

 91
        0
301
CUSTOMDATA
  1
DATAMAP_BEGIN
 90
        1
300
ACAD_ROUNDTRIP_2008_CELL_CHECKSUM
301
DATAMAP_VALUE
 93
        2
 90
        2
140
2657.0
 94
        0
300

302

304
ACVALUE_END
309
DATAMAP_END
 92
        0
 95
        1
302
CONTENT
  1
CELLCONTENT_BEGIN
 90
        1
300
VALUE
 93
        6
 90
        4
  1
WASHER 12
 94
        0
300

302
WASHER 12
304
ACVALUE_END
 91
        0
309
CELLCONTENT_END
  1
FORMATTEDCELLCONTENT_BEGIN
170
     1
300
CONTENTFORMAT
  1
CONTENTFORMAT_BEGIN
 90
        3
 91
        0
 92
        4
 93
        0
300

 40
0.0
140
1.0
 94
        1
 62
     0
340
0
144
0.18
309
CONTENTFORMAT_END
309
FORMATTEDCELLCONTENT_END
309
LINKEDTABLEDATACELL_END
  1
FORMATTEDTABLEDATACELL_BEGIN
300
CELLTABLEFORMAT
  1
TABLEFORMAT_BEGIN
 90
        1
170
     0
309
TABLEFORMAT_END
309
FORMATTEDTABLEDATACELL_END
  1
TABLECELL_BEGIN
 90
        0
 91
        0
309
TABLECELL_END
300
CELL
  1
LINKEDTABLEDATACELL_BEGIN
 90
        0
300

 91
        0
301
CUSTOMDATA
  1
DATAMAP_BEGIN
 90
        1
300
ACAD_ROUNDTRIP_2008_CELL_CHECKSUM
301
DATAMAP_VALUE
 93
        2
 90
        2
140
56.0
 94
        0
300

302

304
ACVALUE_END
309
DATAMAP_END
 92
        0
 95
        1
302
CONTENT
  1
CELLCONTENT_BEGIN
 90
        1
300
VALUE
 93
        6
 90
        4
  1
8
 94
        0
300

302
8
304
ACVALUE_END
 91
        0
309
CELLCONTENT_END
  1
FORMATTEDCELLCONTENT_BEGIN
170
     1
300
CONTENTFORMAT
  1
CONTENTFORMAT_BEGIN
 90
        3
 91
        0
 92
        4
 93
        0
300

 40
0.0
140
1.0
 94
        1
 62
     0
340
0
144
0.18
309
CONTENTFORMAT_END
309
FORMATTEDCELLCONTENT_END
309
LINKEDTABLEDATACELL_END
  1
FORMATTEDTABLEDATACELL_BEGIN
300
CELLTABLEFORMAT
  1
TABLEFORMAT_BEGIN
 90
        1
170
     0
309
TABLEFORMAT_END
309
FORMATTEDTABLEDATACELL_END
  1
TABLECELL_BEGIN
 90
        0
 91
        0
309
TABLECELL_END
300
CELL
  1
LINKEDTABLEDATACELL_BEGIN
 90
        0
300

 91
        0
301
CUSTOMDATA
  1
DATAMAP_BEGIN
 90
        1
300
ACAD_ROUNDTRIP_2008_CELL_CHECKSUM
301
DATAMAP_VALUE
 93
        2
 90
        2
140
1114.0
 94
        0
300

302

304
ACVALUE_END
309
DATAMAP_END
 92
        0
 95
        1
302
CONTENT
  1
CELLCONTENT_BEGIN
 90
        1
300
VALUE
 93
        6
 90
        4
  1
STEEL
 94
        0
300

302
STEEL
304
ACVALUE_END
 91
        0
309
CELLCONTENT_END
  1
FORMATTEDCELLCONTENT_BEGIN
170
     1
300
CONTENTFORMAT
  1
CONTENTFORMAT_BEGIN
 90
        3
 91
        0
 92
        4
 93
        0
300

 40
0.0
140
1.0
 94
        1
 62
     0
340
0
144
0.18
309
CONTENTFORMAT_END
309
FORMATTEDCELLCONTENT_END
309
LINKEDTABLEDATACELL_END
  1
FORMATTEDTABLEDATACELL_BEGIN
300
CELLTABLEFORMAT
  1
TABLEFORMAT_BEGIN
 90
        1
170
     0
309
TABLEFORMAT_END
309
FORMATTEDTABLEDATACELL_END
  1
TABLECELL_BEGIN
 90
        0
 91
        0
309
TABLECELL_END
300
CELL
  1
LINKEDTABLEDATACELL_BEGIN
 90
        0
300

 91
        0
301
CUSTOMDATA
  1
DATAMAP_BEGIN
 90
        1
300
ACAD_ROUNDTRIP_2008_CELL_CHECKSUM
301
DATAMAP_VALUE
 93
        2
 90
        2
140
2606.0
 94
        0
300

302

304
ACVALUE_END
309
DATAMAP_END
 92
        0
 95
        1
302
CONTENT
  1
CELLCONTENT_BEGIN
 90
        1
300
VALUE
 93
        6
 90
        4
  1
STANDARD
 94
        0
300

302
STANDARD
304
ACVALUE_END
 91
        0
309
CELLCONTENT_END
  1
FORMATTEDCELLCONTENT_BEGIN
170
     1
300
CONTENTFORMAT
  1
CONTENTFORMAT_BEGIN
 90
        3
 91
        0
 92
        4
 93
        0
300

 40
0.0
140
1.0
 94
        1
 62
     0
340
0
144
0.18
309
CONTENTFORMAT_END
309
FORMATTEDCELLCONTENT_END
309
LINKEDTABLEDATACELL_END
  1
FORMATTEDTABLEDATACELL_BEGIN
300
CELLTABLEFORMAT
  1
TABLEFORMAT_BEGIN
 90
        1
170
     0
309
TABLEFORMAT_END
309
FORMATTEDTABLEDATACELL_END
  1
TABLECELL_BEGIN
 90
        0
 91
        0
309
TABLECELL_END
 91
        0
301
CUSTOMDATA
  1
DATAMAP_BEGIN
 90
        0
309
DATAMAP_END
309
LINKEDTABLEDATAROW_END
  1
FORMATTEDTABLEDATAROW_BEGIN
300
ROWTABLEFORMAT
  1
TABLEFORMAT_BEGIN
 90
        2
170
     1
 91
      128
 92
        0
 62
   257
 93
        1
300
CONTENTFORMAT
  1
CONTENTFORMAT_BEGIN
 90
        0
 91
        0
 92
      512
 93
        0
300

 40
0.0
140
1.0
 94
        1
 62
     0
340
0
144
3.0
309
CONTENTFORMAT_END
171
     0
 94
        0
309
TABLEFORMAT_END
309
FORMATTEDTABLEDATAROW_END
  1
TABLEROW_BEGIN
 90
        3
 40
7.0
309
TABLEROW_END
301
ROW
  1
LINKEDTABLEDATAROW_BEGIN
 90
        6
300
CELL
  1
LINKEDTABLEDATACELL_BEGIN
 90
        0
300

 91
        0
301
CUSTOMDATA
  1
DATAMAP_BEGIN
 90
        1
300
ACAD_ROUNDTRIP_2008_CELL_CHECKSUM
301
DATAMAP_VALUE
 93
        2
 90
        2
140
55.0
 94
        0
300

302

304
ACVALUE_END
309
DATAMAP_END
 92
        0
 95
        1
302
CONTENT
  1
CELLCONTENT_BEGIN
 90
        1
300
VALUE
 93
        6
 90
        4
  1
7
 94
        0
300

302
7
304
ACVALUE_END
 91
        0
309
CELLCONTENT_END
  1
FORMATTEDCELLCONTENT_BEGIN
170
     1
300
CONTENTFORMAT
  1
CONTENTFORMAT_BEGIN
 90
        3
 91
        0
 92
        4
 93
        0
300

 40
0.0
140
1.0
 94
        1
 62
     0
340
0
144
0.18
309
CONTENTFORMAT_END
309
FORMATTEDCELLCONTENT_END
309
LINKEDTABLEDATACELL_END
  1
FORMATTEDTABLEDATACELL_BEGIN
300
CELLTABLEFORMAT
  1
TABLEFORMAT_BEGIN
 90
        1
170
     0
309
TABLEFORMAT_END
309
FORMATTEDTABLEDATACELL_END
  1
TABLECELL_BEGIN
 90
        0
 91
        0
309
TABLECELL_END
300
CELL
  1
LINKEDTABLEDATACELL_BEGIN
 90
        0
300

 91
        0
301
CUSTOMDATA
  1
DATAMAP_BEGIN
 90
        1
300
ACAD_ROUNDTRIP_2008_CELL_CHECKSUM
301
DATAMAP_VALUE
 93
        2
 90
        2
140
1101.0
 94
        0
300

302

304
ACVALUE_END
309
DATAMAP_END
 92
        0
 95
        1
302
CONTENT
  1
CELLCONTENT_BEGIN
 90
        1
300
VALUE
 93
        6
 90
        4
  1
FC-007
 94
        0
300

302
FC-007
304
ACVALUE_END
 91
        0
309
CELLCONTENT_END
  1
FORMATTEDCELLCONTENT_BEGIN
170
     1
300
CONTENTFORMAT
  1
CONTENTFORMAT_BEGIN
 90
        3
 91
        0
 92
        4
 93
        0
300

 40
0.0
140
1.0
 94
        1
 62
     0
340
0
144
0.18
309
CONTENTFORMAT_END
309
FORMATTEDCELLCONTENT_END
309
LINKEDTABLEDATACELL_END
  1
FORMATTEDTABLEDATACELL_BEGIN
300
CELLTABLEFORMAT
  1
TABLEFORMAT_BEGIN
 90
        1
170
     0
309
TABLEFORMAT_END
309
FORMATTEDTABLEDATACELL_END
  1
TABLECELL_BEGIN
 90
        0
 91
        0
309
TABLECELL_END
300
CELL
  1
LINKEDTABLEDATACELL_BEGIN
 90
        0
300

 91
        0
301
CUSTOMDATA
  1
DATAMAP_BEGIN
 90
        1
300
ACAD_ROUNDTRIP_2008_CELL_CHECKSUM
301
DATAMAP_VALUE
 93
        2
 90
        2
140
3826.0
 94
        0
300

302

304
ACVALUE_END
309
DATAMAP_END
 92
        0
 95
        1
302
CONTENT
  1
CELLCONTENT_BEGIN
 90
        1
300
VALUE
 93
        6
 90
        4
  1
GASKET D110
 94
        0
300

302
GASKET D110
304
ACVALUE_END
 91
        0
309
CELLCONTENT_END
  1
FORMATTEDCELLCONTENT_BEGIN
170
     1
300
CONTENTFORMAT
  1
CONTENTFORMAT_BEGIN
 90
        3
 91
        0
 92
        4
 93
        0
300

 40
0.0
140
1.0
 94
        1
 62
     0
340
0
144
0.18
309
CONTENTFORMAT_END
309
FORMATTEDCELLCONTENT_END
309
LINKEDTABLEDATACELL_END
  1
FORMATTEDTABLEDATACELL_BEGIN
300
CELLTABLEFORMAT
  1
TABLEFORMAT_BEGIN
 90
        1
170
     0
309
TABLEFORMAT_END
309
FORMATTEDTABLEDATACELL_END
  1
TABLECELL_BEGIN
 90
        0
 91
        0
309
TABLECELL_END
300
CELL
  1
LINKEDTABLEDATACELL_BEGIN
 90
        0
300

 91
        0
301
CUSTOMDATA
  1
DATAMAP_BEGIN
 90
        1
300
ACAD_ROUNDTRIP_2008_CELL_CHECKSUM
301
DATAMAP_VALUE
 93
        2
 90
        2
140
49.0
 94
        0
300

302

304
ACVALUE_END
309
DATAMAP_END
 92
        0
 95
        1
302
CONTENT
  1
CELLCONTENT_BEGIN
 90
        1
300
VALUE
 93
        6
 90
        4
  1
1
 94
        0
300

302
1
304
ACVALUE_END
 91
        0
309
CELLCONTENT_END
  1
FORMATTEDCELLCONTENT_BEGIN
170
     1
300
CONTENTFORMAT
  1
CONTENTFORMAT_BEGIN
 90
        3
 91
        0
 92
        4
 93
        0
300

 40
0.0
140
1.0
 94
        1
 62
     0
340
0
144
0.18
309
CONTENTFORMAT_END
309
FORMATTEDCELLCONTENT_END
309
LINKEDTABLEDATACELL_END
  1
FORMATTEDTABLEDATACELL_BEGIN
300
CELLTABLEFORMAT
  1
TABLEFORMAT_BEGIN
 90
        1
170
     0
309
TABLEFORMAT_END
309
FORMATTEDTABLEDATACELL_END
  1
TABLECELL_BEGIN
 90
        0
 91
        0
309
TABLECELL_END
300
CELL
  1
LINKEDTABLEDATACELL_BEGIN
 90
        0
300

 91
        0
301
CUSTOMDATA
  1
DATAMAP_BEGIN
 90
        1
300
ACAD_ROUNDTRIP_2008_CELL_CHECKSUM
301
DATAMAP_VALUE
 93
        2
 90
        2
140
456.0
 94
        0
300

302

304
ACVALUE_END
309
DATAMAP_END
 92
        0
 95
        1
302
CONTENT
  1
CELLCONTENT_BEGIN
 90
        1
300
VALUE
 93
        6
 90
        4
  1
NBR
 94
        0
300

302
NBR
304
ACVALUE_END
 91
        0
309
CELLCONTENT_END
  1
FORMATTEDCELLCONTENT_BEGIN
170
     1
300
CONTENTFORMAT
  1
CONTENTFORMAT_BEGIN
 90
        3
 91
        0
 92
        4
 93
        0
300

 40
0.0
140
1.0
 94
        1
 62
     0
340
0
144
0.18
309
CONTENTFORMAT_END
309
FORMATTEDCELLCONTENT_END
309
LINKEDTABLEDATACELL_END
  1
FORMATTEDTABLEDATACELL_BEGIN
300
CELLTABLEFORMAT
  1
TABLEFORMAT_BEGIN
 90
        1
170
     0
309
TABLEFORMAT_END
309
FORMATTEDTABLEDATACELL_END
  1
TABLECELL_BEGIN
 90
        0
 91
        0
309
TABLECELL_END
300
CELL
  1
LINKEDTABLEDATACELL_BEGIN
 90
        0
300

 91
        0
301
CUSTOMDATA
  1
DATAMAP_BEGIN
 90
        1
300
ACAD_ROUNDTRIP_2008_CELL_CHECKSUM
301
DATAMAP_VALUE
 93
        2
 90
        2
140
489.0
 94
        0
300

302

304
ACVALUE_END
309
DATAMAP_END
 92
        0
 95
        1
302
CONTENT
  1
CELLCONTENT_BEGIN
 90
        1
300
VALUE
 93
        6
 90
        4
  1
CUT
 94
        0
300

302
CUT
304
ACVALUE_END
 91
        0
309
CELLCONTENT_END
  1
FORMATTEDCELLCONTENT_BEGIN
170
     1
300
CONTENTFORMAT
  1
CONTENTFORMAT_BEGIN
 90
        3
 91
        0
 92
        4
 93
        0
300

 40
0.0
140
1.0
 94
        1
 62
     0
340
0
144
0.18
309
CONTENTFORMAT_END
309
FORMATTEDCELLCONTENT_END
309
LINKEDTABLEDATACELL_END
  1
FORMATTEDTABLEDATACELL_BEGIN
300
CELLTABLEFORMAT
  1
TABLEFORMAT_BEGIN
 90
        1
170
     0
309
TABLEFORMAT_END
309
FORMATTEDTABLEDATACELL_END
  1
TABLECELL_BEGIN
 90
        0
 91
        0
309
TABLECELL_END
 91
        0
301
CUSTOMDATA
  1
DATAMAP_BEGIN
 90
        0
309
DATAMAP_END
309
LINKEDTABLEDATAROW_END
  1
FORMATTEDTABLEDATAROW_BEGIN
300
ROWTABLEFORMAT
  1
TABLEFORMAT_BEGIN
 90
        2
170
     1
 91
      128
 92
        0
 62
   257
 93
        1
300
CONTENTFORMAT
  1
CONTENTFORMAT_BEGIN
 90
        0
 91
        0
 92
      512
 93
        0
300

 40
0.0
140
1.0
 94
        1
 62
     0
340
0
144
3.0
309
CONTENTFORMAT_END
171
     0
 94
        0
309
TABLEFORMAT_END
309
FORMATTEDTABLEDATAROW_END
  1
TABLEROW_BEGIN
 90
        3
 40
7.0
309
TABLEROW_END
301
ROW
  1
LINKEDTABLEDATAROW_BEGIN
 90
        6
300
CELL
  1
LINKEDTABLEDATACELL_BEGIN
 90
        0
300

 91
        0
301
CUSTOMDATA
  1
DATAMAP_BEGIN
 90
        1
300
ACAD_ROUNDTRIP_2008_CELL_CHECKSUM
301
DATAMAP_VALUE
 93
        2
 90
        2
140
56.0
 94
        0
300

302

304
ACVALUE_END
309
DATAMAP_END
 92
        0
 95
        1
302
CONTENT
  1
CELLCONTENT_BEGIN
 90
        1
300
VALUE
 93
        6
 90
        4
  1
8
 94
        0
300

302
8
304
ACVALUE_END
 91
        0
309
CELLCONTENT_END
  1
FORMATTEDCELLCONTENT_BEGIN
170
     1
300
CONTENTFORMAT
  1
CONTENTFORMAT_BEGIN
 90
        3
 91
        0
 92
        4
 93
        0
300

 40
0.0
140
1.0
 94
        1
 62
     0
340
0
144
0.18
309
CONTENTFORMAT_END
309
FORMATTEDCELLCONTENT_END
309
LINKEDTABLEDATACELL_END
  1
FORMATTEDTABLEDATACELL_BEGIN
300
CELLTABLEFORMAT
  1
TABLEFORMAT_BEGIN
 90
        1
170
     0
309
TABLEFORMAT_END
309
FORMATTEDTABLEDATACELL_END
  1
TABLECELL_BEGIN
 90
        0
 91
        0
309
TABLECELL_END
300
CELL
  1
LINKEDTABLEDATACELL_BEGIN
 90
        0
300

 91
        0
301
CUSTOMDATA
  1
DATAMAP_BEGIN
 90
        1
300
ACAD_ROUNDTRIP_2008_CELL_CHECKSUM
301
DATAMAP_VALUE
 93
        2
 90
        2
140
1558.0
 94
        0
300

302

304
ACVALUE_END
309
DATAMAP_END
 92
        0
 95
        1
302
CONTENT
  1
CELLCONTENT_BEGIN
 90
        1
300
VALUE
 93
        6
 90
        4
  1
DIN-127
 94
        0
300

302
DIN-127
304
ACVALUE_END
 91
        0
309
CELLCONTENT_END
  1
FORMATTEDCELLCONTENT_BEGIN
170
     1
300
CONTENTFORMAT
  1
CONTENTFORMAT_BEGIN
 90
        3
 91
        0
 92
        4
 93
        0
300

 40
0.0
140
1.0
 94
        1
 62
     0
340
0
144
0.18
309
CONTENTFORMAT_END
309
FORMATTEDCELLCONTENT_END
309
LINKEDTABLEDATACELL_END
  1
FORMATTEDTABLEDATACELL_BEGIN
300
CELLTABLEFORMAT
  1
TABLEFORMAT_BEGIN
 90
        1
170
     0
309
TABLEFORMAT_END
309
FORMATTEDTABLEDATACELL_END
  1
TABLECELL_BEGIN
 90
        0
 91
        0
309
TABLECELL_END
300
CELL
  1
LINKEDTABLEDATACELL_BEGIN
 90
        0
300

 91
        0
301
CUSTOMDATA
  1
DATAMAP_BEGIN
 90
        1
300
ACAD_ROUNDTRIP_2008_CELL_CHECKSUM
301
DATAMAP_VALUE
 93
        2
 90
        2
140
4776.0
 94
        0
300

302

304
ACVALUE_END
309
DATAMAP_END
 92
        0
 95
        1
302
CONTENT
  1
CELLCONTENT_BEGIN
 90
        1
300
VALUE
 93
        6
 90
        4
  1
LOCK WASHER
 94
        0
300

302
LOCK WASHER
304
ACVALUE_END
 91
        0
309
CELLCONTENT_END
  1
FORMATTEDCELLCONTENT_BEGIN
170
     1
300
CONTENTFORMAT
  1
CONTENTFORMAT_BEGIN
 90
        3
 91
        0
 92
        4
 93
        0
300

 40
0.0
140
1.0
 94
        1
 62
     0
340
0
144
0.18
309
CONTENTFORMAT_END
309
FORMATTEDCELLCONTENT_END
309
LINKEDTABLEDATACELL_END
  1
FORMATTEDTABLEDATACELL_BEGIN
300
CELLTABLEFORMAT
  1
TABLEFORMAT_BEGIN
 90
        1
170
     0
309
TABLEFORMAT_END
309
FORMATTEDTABLEDATACELL_END
  1
TABLECELL_BEGIN
 90
        0
 91
        0
309
TABLECELL_END
300
CELL
  1
LINKEDTABLEDATACELL_BEGIN
 90
        0
300

 91
        0
301
CUSTOMDATA
  1
DATAMAP_BEGIN
 90
        1
300
ACAD_ROUNDTRIP_2008_CELL_CHECKSUM
301
DATAMAP_VALUE
 93
        2
 90
        2
140
52.0
 94
        0
300

302

304
ACVALUE_END
309
DATAMAP_END
 92
        0
 95
        1
302
CONTENT
  1
CELLCONTENT_BEGIN
 90
        1
300
VALUE
 93
        6
 90
        4
  1
4
 94
        0
300

302
4
304
ACVALUE_END
 91
        0
309
CELLCONTENT_END
  1
FORMATTEDCELLCONTENT_BEGIN
170
     1
300
CONTENTFORMAT
  1
CONTENTFORMAT_BEGIN
 90
        3
 91
        0
 92
        4
 93
        0
300

 40
0.0
140
1.0
 94
        1
 62
     0
340
0
144
0.18
309
CONTENTFORMAT_END
309
FORMATTEDCELLCONTENT_END
309
LINKEDTABLEDATACELL_END
  1
FORMATTEDTABLEDATACELL_BEGIN
300
CELLTABLEFORMAT
  1
TABLEFORMAT_BEGIN
 90
        1
170
     0
309
TABLEFORMAT_END
309
FORMATTEDTABLEDATACELL_END
  1
TABLECELL_BEGIN
 90
        0
 91
        0
309
TABLECELL_END
300
CELL
  1
LINKEDTABLEDATACELL_BEGIN
 90
        0
300

 91
        0
301
CUSTOMDATA
  1
DATAMAP_BEGIN
 90
        1
300
ACAD_ROUNDTRIP_2008_CELL_CHECKSUM
301
DATAMAP_VALUE
 93
        2
 90
        2
140
1597.0
 94
        0
300

302

304
ACVALUE_END
309
DATAMAP_END
 92
        0
 95
        1
302
CONTENT
  1
CELLCONTENT_BEGIN
 90
        1
300
VALUE
 93
        6
 90
        4
  1
SPRING
 94
        0
300

302
SPRING
304
ACVALUE_END
 91
        0
309
CELLCONTENT_END
  1
FORMATTEDCELLCONTENT_BEGIN
170
     1
300
CONTENTFORMAT
  1
CONTENTFORMAT_BEGIN
 90
        3
 91
        0
 92
        4
 93
        0
300

 40
0.0
140
1.0
 94
        1
 62
     0
340
0
144
0.18
309
CONTENTFORMAT_END
309
FORMATTEDCELLCONTENT_END
309
LINKEDTABLEDATACELL_END
  1
FORMATTEDTABLEDATACELL_BEGIN
300
CELLTABLEFORMAT
  1
TABLEFORMAT_BEGIN
 90
        1
170
     0
309
TABLEFORMAT_END
309
FORMATTEDTABLEDATACELL_END
  1
TABLECELL_BEGIN
 90
        0
 91
        0
309
TABLECELL_END
300
CELL
  1
LINKEDTABLEDATACELL_BEGIN
 90
        0
300

 91
        0
301
CUSTOMDATA
  1
DATAMAP_BEGIN
 90
        1
300
ACAD_ROUNDTRIP_2008_CELL_CHECKSUM
301
DATAMAP_VALUE
 93
        2
 90
        2
140
2606.0
 94
        0
300

302

304
ACVALUE_END
309
DATAMAP_END
 92
        0
 95
        1
302
CONTENT
  1
CELLCONTENT_BEGIN
 90
        1
300
VALUE
 93
        6
 90
        4
  1
STANDARD
 94
        0
300

302
STANDARD
304
ACVALUE_END
 91
        0
309
CELLCONTENT_END
  1
FORMATTEDCELLCONTENT_BEGIN
170
     1
300
CONTENTFORMAT
  1
CONTENTFORMAT_BEGIN
 90
        3
 91
        0
 92
        4
 93
        0
300

 40
0.0
140
1.0
 94
        1
 62
     0
340
0
144
0.18
309
CONTENTFORMAT_END
309
FORMATTEDCELLCONTENT_END
309
LINKEDTABLEDATACELL_END
  1
FORMATTEDTABLEDATACELL_BEGIN
300
CELLTABLEFORMAT
  1
TABLEFORMAT_BEGIN
 90
        1
170
     0
309
TABLEFORMAT_END
309
FORMATTEDTABLEDATACELL_END
  1
TABLECELL_BEGIN
 90
        0
 91
        0
309
TABLECELL_END
 91
        0
301
CUSTOMDATA
  1
DATAMAP_BEGIN
 90
        0
309
DATAMAP_END
309
LINKEDTABLEDATAROW_END
  1
FORMATTEDTABLEDATAROW_BEGIN
300
ROWTABLEFORMAT
  1
TABLEFORMAT_BEGIN
 90
        2
170
     1
 91
      128
 92
        0
 62
   257
 93
        1
300
CONTENTFORMAT
  1
CONTENTFORMAT_BEGIN
 90
        0
 91
        0
 92
      512
 93
        0
300

 40
0.0
140
1.0
 94
        1
 62
     0
340
0
144
3.0
309
CONTENTFORMAT_END
171
     0
 94
        0
309
TABLEFORMAT_END
309
FORMATTEDTABLEDATAROW_END
  1
TABLEROW_BEGIN
 90
        3
 40
11.15552523874488
309
TABLEROW_END
 92
        0
100
AcDbFormattedTableData
300
TABLEFORMAT
  1
TABLEFORMAT_BEGIN
 90
        4
170
     0
309
TABLEFORMAT_END
 90
        1
 91
        0
 92
        0
 93
        0
 94
        5
100
AcDbTableContent
340
7F
  0
TABLEGEOMETRY
  5
5B6
330
5B8
100
AcDbTableGeometry
 90
       10
 91
        6
 92
       60
 93
        3
 40
24.43260572987722
 41
4.655661664392906
330
0
 94
        1
 10
49.2836971350614
 20
-3.172169167803531
 30
0.0
 11
60.0
 21
-4.0
 31
0.0
 43
21.43260572987722
 44
1.655661664392906
 45
21.43260572987722
 46
1.655661664392906
 95
        0
 93
        3
 40
3.0
 41
3.0
330
0
 94
        0
 93
        3
 40
3.0
 41
3.0
330
0
 94
        0
 93
        3
 40
3.0
 41
3.0
330
0
 94
        0
 93
        3
 40
3.0
 41
3.0
330
0
 94
        0
 93
        3
 40
3.0
 41
3.0
330
0
 94
        0
 93
        3
 40
6.821145975443383
 41
4.2
330
0
 94
        1
 10
3.089427012278292
 20
-3.399999999999977
 30
0.0
 11
5.0
 21
-4.0
 31
0.0
 43
3.821145975443383
 44
1.199999999999999
 45
3.821145975443383
 46
1.199999999999999
 95
        0
 93
        3
 40
14.56302864938608
 41
4.862619372442019
330
0
 94
        1
 10
5.218485675306965
 20
-3.068690313779029
 30
0.0
 11
11.0
 21
-4.0
 31
0.0
 43
11.56302864938608
 44
1.862619372442019
 45
11.56302864938608
 46
1.862619372442019
 95
        0
 93
        3
 40
14.28963165075034
 41
4.241746248294679
330
0
 94
        1
 10
10.35518417462481
 20
-3.379126875852648
 30
0.0
 11
16.0
 21
-4.0
 31
0.0
 43
11.28963165075034
 44
1.241746248294679
 45
11.28963165075034
 46
1.241746248294679
 95
        0
 93
        3
 40
6.460982264665757
 41
4.314597544338335
330
0
 94
        1
 10
2.269508867667127
 20
-3.342701227830843
 30
0.0
 11
4.0
 21
-4.0
 31
0.0
 43
3.460982264665757
 44
1.314597544338335
 45
3.460982264665757
 46
1.314597544338335
 95
        0
 93
        3
 40
11.29945429740791
 41
4.2
330
0
 94
        1
 10
4.85027285129604
 20
-3.399999999999977
 30
0.0
 11
9.0
 21
-4.0
 31
0.0
 43
8.29945429740791
 44
1.199999999999999
 45
8.29945429740791
 46
1.199999999999999
 95
        0
 93
        3
 40
11.17094133697135
 41
4.240927694406548
330
0
 94
        1
 10
10.91452933151436
 20
-3.379536152796731
 30
0.0
 11
15.0
 21
-4.0
 31
0.0
 43
8.170941336971349
 44
1.240927694406548
 45
8.170941336971349
 46
1.240927694406548
 95
        0
 93
        3
 40
4.205047748976808
 41
6.012278308321963
330
0
 94
        1
 10
4.397476125511616
 20
-1.5
 30
0.0
 11
5.0
 21
-1.5
 31
0.0
 43
1.205047748976807
 44
3.012278308321964
 45
1.205047748976807
 46
3.012278308321964
 95
        0
 93
        3
 40
15.96152796725784
 41
6.10231923601637
330
0
 94
        1
 10
4.51923601637111
 20
-1.5
 30
0.0
 11
11.0
 21
-1.5
 31
0.0
 43
12.96152796725784
 44
3.10231923601637
 45
12.96152796725784
 46
3.10231923601637
 95
        0
 93
        3
 40
22.32783083219645
 41
11.10231923601637
330
0
 94
        1
 10
6.336084583901765
 20
-1.5
 30
0.0
 11
16.0
 21
-1.5
 31
0.0
 43
19.32783083219645
 44
8.10231923601637
 45
19.32783083219645
 46
8.10231923601637
 95
        0
 93
        3
 40
5.087039563437926
 41
6.012278308321963
330
0
 94
        1
 10
2.956480218281058
 20
-1.5
 30
0.0
 11
4.0
 21
-1.5
 31
0.0
 43
2.087039563437925
 44
3.012278308321964
 45
2.087039563437925
 46
3.012278308321964
 95
        0
 93
        3
 40
10.41173260572987
 41
6.10231923601637
330
0
 94
        1
 10
5.294133697135066
 20
-1.5
 30
0.0
 11
9.0
 21
-1.5
 31
0.0
 43
7.411732605729876
 44
3.10231923601637
 45
7.411732605729876
 46
3.10231923601637
 95
        0
 93
        3
 40
24.91855388813097
 41
6.10231923601637
330
0
 94
        1
 10
4.040723055934506
 20
-1.5
 30
0.0
 11
15.0
 21
-1.5
 31
0.0
 43
21.91855388813097
 44
3.10231923601637
 45
21.91855388813097
 46
3.10231923601637
 95
        0
 93
        3
 40
5.087039563437926
 41
6.012278308321963
330
0
 94
        1
 10
3.956480218281058
 20
-1.5
 30
0.0
 11
5.0
 21
-1.5
 31
0.0
 43
2.087039563437925
 44
3.012278308321964
 45
2.087039563437925
 46
3.012278308321964
 95
        0
 93
        3
 40
19.34010914051842
 41
6.063437926330149
330
0
 94
        1
 10
2.829945429740803
 20
-1.5
 30
0.0
 11
11.0
 21
-1.5
 31
0.0
 43
16.34010914051842
 44
3.063437926330149
 45
16.34010914051842
 46
3.063437926330149
 95
        0
 93
        3
 40
25.3012278308322
 41
6.10231923601637
330
0
 94
        1
 10
4.849386084583898
 20
-1.5
 30
0.0
 11
16.0
 21
-1.5
 31
0.0
 43
22.3012278308322
 44
3.10231923601637
 45
22.3012278308322
 46
3.10231923601637
 95
        0
 93
        3
 40
5.087039563437926
 41
6.012278308321963
330
0
 94
        1
 10
2.956480218281058
 20
-1.5
 30
0.0
 11
4.0
 21
-1.5
 31
0.0
 43
2.087039563437925
 44
3.012278308321964
 45
2.087039563437925
 46
3.012278308321964
 95
        0
 93
        3
 40
10.41173260572987
 41
6.10231923601637
330
0
 94
        1
 10
5.294133697135066
 20
-1.5
 30
0.0
 11
9.0
 21
-1.5
 31
0.0
 43
7.411732605729876
 44
3.10231923601637
 45
7.411732605729876
 46
3.10231923601637
 95
        0
 93
        3
 40
28.39331514324693
 41
6.10231923601637
330
0
 94
        1
 10
2.303342428376538
 20
-1.5
 30
0.0
 11
15.0
 21
-1.5
 31
0.0
 43
25.39331514324693
 44
3.10231923601637
 45
25.39331514324693
 46
3.10231923601637
 95
        0
 93
        3
 40
5.064529331514324
 41
6.065484311050477
330
0
 94
        1
 10
3.967735334242831
 20
-1.5
 30
0.0
 11
5.0
 21
-1.5
 31
0.0
 43
2.064529331514324
 44
3.065484311050477
 45
2.064529331514324
 46
3.065484311050477
 95
        0
 93
        3
 40
20.54542974079127
 41
6.063437926330149
330
0
 94
        1
 10
2.227285129604354
 20
-1.5
 30
0.0
 11
11.0
 21
-1.5
 31
0.0
 43
17.54542974079127
 44
3.063437926330149
 45
17.54542974079127
 46
3.063437926330149
 95
        0
 93
        3
 40
27.9881309686221
 41
6.063437926330149
330
0
 94
        1
 10
3.505934515688977
 20
-1.5
 30
0.0
 11
16.0
 21
-1.5
 31
0.0
 43
24.9881309686221
 44
3.063437926330149
 45
24.9881309686221
 46
3.063437926330149
 95
        0
 93
        3
 40
5.087039563437926
 41
6.012278308321963
330
0
 94
        1
 10
2.956480218281058
 20
-1.5
 30
0.0
 11
4.0
 21
-1.5
 31
0.0
 43
2.087039563437925
 44
3.012278308321964
 45
2.087039563437925
 46
3.012278308321964
 95
        0
 93
        3
 40
10.41173260572987
 41
6.10231923601637
330
0
 94
        1
 10
5.294133697135066
 20
-1.5
 30
0.0
 11
9.0
 21
-1.5
 31
0.0
 43
7.411732605729876
 44
3.10231923601637
 45
7.411732605729876
 46
3.10231923601637
 95
        0
 93
        3
 40
25.74120054570259
 41
6.10231923601637
330
0
 94
        1
 10
3.629399727148665
 20
-1.5
 30
0.0
 11
15.0
 21
-1.5
 31
0.0
 43
22.74120054570259
 44
3.10231923601637
 45
22.74120054570259
 46
3.10231923601637
 95
        0
 93
        3
 40
5.175034106412005
 41
6.0
330
0
 94
        1
 10
3.912482946794
 20
-1.5
 30
0.0
 11
5.0
 21
-1.5
 31
0.0
 43
2.175034106412005
 44
3.0
 45
2.175034106412005
 46
3.0
 95
        0
 93
        3
 40
20.45743519781719
 41
6.104365620736698
330
0
 94
        1
 10
2.271282401091411
 20
-1.5
 30
0.0
 11
11.0
 21
-1.5
 31
0.0
 43
17.45743519781719
 44
3.104365620736698
 45
17.45743519781719
 46
3.104365620736698
 95
        0
 93
        3
 40
23.40832196452933
 41
11.06548431105047
330
0
 94
        1
 10
5.795839017735374
 20
-1.5
 30
0.0
 11
16.0
 21
-1.5
 31
0.0
 43
20.40832196452933
 44
8.065484311050477
 45
20.40832196452933
 46
8.065484311050477
 95
        0
 93
        3
 40
5.175034106412005
 41
6.0
330
0
 94
        1
 10
2.912482946794
 20
-1.5
 30
0.0
 11
4.0
 21
-1.5
 31
0.0
 43
2.175034106412005
 44
3.0
 45
2.175034106412005
 46
3.0
 95
        0
 93
        3
 40
8.572032742155524
 41
6.063437926330149
330
0
 94
        1
 10
6.213983628922278
 20
-1.5
 30
0.0
 11
9.0
 21
-1.5
 31
0.0
 43
5.572032742155524
 44
3.063437926330149
 45
5.572032742155524
 46
3.063437926330149
 95
        0
 93
        3
 40
25.74120054570259
 41
6.10231923601637
330
0
 94
        1
 10
3.629399727148665
 20
-1.5
 30
0.0
 11
15.0
 21
-1.5
 31
0.0
 43
22.74120054570259
 44
3.10231923601637
 45
22.74120054570259
 46
3.10231923601637
 95
        0
 93
        3
 40
5.089085948158253
 41
6.051159618008185
330
0
 94
        1
 10
3.95545702592085
 20
-1.5
 30
0.0
 11
5.0
 21
-1.5
 31
0.0
 43
2.089085948158253
 44
3.051159618008185
 45
2.089085948158253
 46
3.051159618008185
 95
        0
 93
        3
 40
20.42673942701228
 41
6.106412005457025
330
0
 94
        1
 10
2.286630286493846
 20
-1.5
 30
0.0
 11
11.0
 21
-1.5
 31
0.0
 43
17.42673942701228
 44
3.106412005457025
 45
17.42673942701228
 46
3.106412005457025
 95
        0
 93
        3
 40
30.25552523874488
 41
6.063437926330149
330
0
 94
        1
 10
2.372237380627552
 20
-1.5
 30
0.0
 11
16.0
 21
-1.5
 31
0.0
 43
27.25552523874489
 44
3.063437926330149
 45
27.25552523874489
 46
3.063437926330149
 95
        0
 93
        3
 40
5.175034106412005
 41
6.0
330
0
 94
        1
 10
2.912482946794
 20
-1.5
 30
0.0
 11
4.0
 21
-1.5
 31
0.0
 43
2.175034106412005
 44
3.0
 45
2.175034106412005
 46
3.0
 95
        0
 93
        3
 40
16.41582537517053
 41
11.11459754433833
330
0
 94
        1
 10
2.292087312414764
 20
-1.5
 30
0.0
 11
9.0
 21
-1.5
 31
0.0
 43
13.41582537517053
 44
8.114597544338334
 45
13.41582537517053
 46
8.114597544338334
 95
        0
 93
        3
 40
25.74120054570259
 41
6.10231923601637
330
0
 94
        1
 10
3.629399727148665
 20
-1.5
 30
0.0
 11
15.0
 21
-1.5
 31
0.0
 43
22.74120054570259
 44
3.10231923601637
 45
22.74120054570259
 46
3.10231923601637
 95
        0
 93
        3
 40
5.080900409276944
 41
6.063437926330149
330
0
 94
        1
 10
3.959549795361567
 20
-1.5
 30
0.0
 11
5.0
 21
-1.5
 31
0.0
 43
2.080900409276944
 44
3.063437926330149
 45
2.080900409276944
 46
3.063437926330149
 95
        0
 93
        3
 40
20.46357435197817
 41
6.104365620736698
330
0
 94
        1
 10
2.268212824010902
 20
-1.5
 30
0.0
 11
11.0
 21
-1.5
 31
0.0
 43
17.46357435197817
 44
3.104365620736698
 45
17.46357435197817
 46
3.104365620736698
 95
        0
 93
        3
 40
27.04884038199182
 41
6.10231923601637
330
0
 94
        1
 10
3.975579809004102
 20
-1.5
 30
0.0
 11
16.0
 21
-1.5
 31
0.0
 43
24.04884038199182
 44
3.10231923601637
 45
24.04884038199182
 46
3.10231923601637
 95
        0
 93
        3
 40
5.076807639836289
 41
6.063437926330149
330
0
 94
        1
 10
2.961596180081869
 20
-1.5
 30
0.0
 11
4.0
 21
-1.5
 31
0.0
 43
2.076807639836289
 44
3.063437926330149
 45
2.076807639836289
 46
3.063437926330149
 95
        0
 93
        3
 40
16.03929058663029
 41
6.10231923601637
330
0
 94
        1
 10
2.480354706684863
 20
-1.5
 30
0.0
 11
9.0
 21
-1.5
 31
0.0
 43
13.03929058663028
 44
3.10231923601637
 45
13.03929058663028
 46
3.10231923601637
 95
        0
 93
        3
 40
25.74120054570259
 41
6.10231923601637
330
0
 94
        1
 10
3.629399727148665
 20
-1.5
 30
0.0
 11
15.0
 21
-1.5
 31
0.0
 43
22.74120054570259
 44
3.10231923601637
 45
22.74120054570259
 46
3.10231923601637
 95
        0
 93
        3
 40
5.042019099590723
 41
6.0
330
0
 94
        1
 10
3.978990450204605
 20
-1.5
 30
0.0
 11
5.0
 21
-1.5
 31
0.0
 43
2.042019099590723
 44
3.0
 45
2.042019099590723
 46
3.0
 95
        0
 93
        3
 40
16.5406548431105
 41
6.10231923601637
330
0
 94
        1
 10
4.229672578444706
 20
-1.5
 30
0.0
 11
11.0
 21
-1.5
 31
0.0
 43
13.5406548431105
 44
3.10231923601637
 45
13.5406548431105
 46
3.10231923601637
 95
        0
 93
        3
 40
30.8612551159618
 41
6.10231923601637
330
0
 94
        1
 10
2.06937244201913
 20
-1.5
 30
0.0
 11
16.0
 21
-1.5
 31
0.0
 43
27.8612551159618
 44
3.10231923601637
 45
27.8612551159618
 46
3.10231923601637
 95
        0
 93
        3
 40
4.205047748976808
 41
6.012278308321963
330
0
 94
        1
 10
3.397476125511616
 20
-1.5
 30
0.0
 11
4.0
 21
-1.5
 31
0.0
 43
1.205047748976807
 44
3.012278308321964
 45
1.205047748976807
 46
3.012278308321964
 95
        0
 93
        3
 40
11.57612551159618
 41
6.0
330
0
 94
        1
 10
4.711937244201919
 20
-1.5
 30
0.0
 11
9.0
 21
-1.5
 31
0.0
 43
8.576125511596179
 44
3.0
 45
8.576125511596179
 46
3.0
 95
        0
 93
        3
 40
11.42060027285129
 41
6.10231923601637
330
0
 94
        1
 10
10.78969986357435
 20
-1.5
 30
0.0
 11
15.0
 21
-1.5
 31
0.0
 43
8.420600272851295
 44
3.10231923601637
 45
8.420600272851295
 46
3.10231923601637
 95
        0
 93
        3
 40
5.076807639836289
 41
6.063437926330149
330
0
 94
        1
 10
3.961596180081869
 20
-1.5
 30
0.0
 11
5.0
 21
-1.5
 31
0.0
 43
2.076807639836289
 44
3.063437926330149
 45
2.076807639836289
 46
3.063437926330149
 95
        0
 93
        3
 40
18.19208731241473
 41
6.012278308321963
330
0
 94
        1
 10
3.403956343792629
 20
-1.5
 30
0.0
 11
11.0
 21
-1.5
 31
0.0
 43
15.19208731241473
 44
3.012278308321964
 45
15.19208731241473
 46
3.012278308321964
 95
        0
 93
        3
 40
21.3905866302865
 41
11.15552523874488
330
0
 94
        1
 10
6.804706684856739
 20
-1.5
 30
0.0
 11
16.0
 21
-1.5
 31
0.0
 43
18.39058663028649
 44
8.155525238744884
 45
18.39058663028649
 46
8.155525238744884
 95
        0
 93
        3
 40
5.175034106412005
 41
6.0
330
0
 94
        1
 10
2.912482946794
 20
-1.5
 30
0.0
 11
4.0
 21
-1.5
 31
0.0
 43
2.175034106412005
 44
3.0
 45
2.175034106412005
 46
3.0
 95
        0
 93
        3
 40
15.3762619372442
 41
11.15347885402455
330
0
 94
        1
 10
2.811869031377909
 20
-1.5
 30
0.0
 11
9.0
 21
-1.5
 31
0.0
 43
12.3762619372442
 44
8.153478854024555
 45
12.3762619372442
 46
8.153478854024555
 95
        0
 93
        3
 40
25.74120054570259
 41
6.10231923601637
330
0
 94
        1
 10
3.629399727148665
 20
-1.5
 30
0.0
 11
15.0
 21
-1.5
 31
0.0
 43
22.74120054570259
 44
3.10231923601637
 45
22.74120054570259
 46
3.10231923601637
 95
        0
  0
DICTIONARY
  5
205
330
22
100
AcDbDictionary
280
     1
281
     1
  0
DICTIONARY
  5
1F9
330
ED
100
AcDbDictionary
280
     1
281
     1
  3
FBXASSET
360
1FA
  0
DICTIONARY
  5
1F7
330
EC
100
AcDbDictionary
280
     1
281
     1
  3
FBXASSET
360
1F8
  0
DICTIONARY
  5
173
330
EE
100
AcDbDictionary
280
     1
281
     1
  3
BUMPTILE
360
175
  3
DIFFUSETILE
360
174
  3
FBXASSET
360
1FB
  3
OPACITYTILE
360
176
  3
REFLECTIONTILE
360
177
  0
DICTIONARY
  5
162
330
7F
100
AcDbDictionary
280
     1
281
     1
  3
ACAD_ROUNDTRIP_2008_TABLESTYLE_CELLSTYLEMAP
360
5B4
  0
XRECORD
  5
1FA
102
{ACAD_REACTORS
330
1F9
102
}
330
1F9
100
AcDbXrecord
280
     1
 70
     1
 90
429727718
  1
D62C5603-E3A1-4AEA-B7FB-FE5D8D0755AF
310
504B03040A0000080000CC70623B3DEE336E79000000790000001B0000006175746F6465736B2D64657369676E2D7061636B6167652E786D6C3C3F786D6C2076657273696F6E3D22312E302220656E636F64696E673D227574662D3822203F3E3C666F726D6174733E3C666F726D61743E687474703A2F2F736368656D612E
310
6175746F6465736B2E636F6D2F64657369676E2D7061636B6167652F323030393C2F666F726D61743E3C2F666F726D6174733E504B0304140006080800CC70623BD486FD9CA0000000F4000000130000005B436F6E74656E745F54797065735D2E786D6C7D8EC10E82300C865F65E91D8A1E8C310C0EEA1BF002731658846E
310
D98AC1B77784ABF1D8FE5FBFBF75BBCE937A534CCEB38643598122B6FEE978D0B0485F9C41B54DDD7D022595594E1A469170414C76A4D9A4D207E29CF43ECE46F218070CC6BECC4078ACAA135ACF422C856C0E68EA1BF5669944DDD7BCDE7B1F8E415D77AECB980613C2E4AC91FC167A2B244592486606FC29C8FD7F045B9A
310
EF7053A7E60B504B0304140006080800CC70623B853B8169EB0000007C01000008000000636F72652E786D6C8D90416EC3201045AF62CDB6C206821CC7C244919D9CA01740401C94182C03558F5F9C3852BBEB6A467FFE9B197D7EFC9E1EC5975982F5AE035262288C535E5B377690E21535501C055FBC8FBF6C503839990E
310
5619041F179FE64D52DE45E362569DD7661365082642A11EB9E920A89B99642953CC8E702F67A9EE7234257977194EC9EAE275C4EABCCF5EAD5940D4AC6F0E35A568B8F43562CD7046CD199FD07E60174276A7BE677B5EADB0E0D14EEFFB6A31321A0D82627C4084204C3F096B71DD52F6819B16635EADF63F509AF53FA164
310
5DDCD1EDDD17164090FCC8732078B56691CB33A85CD7DCC40F504B0304140006080800CC70623B55019EA25F0000007C00000007000000636E782E786D6C4DCB3B0E80201045D1AD90E915ED2CF8AC45050C11660C8261F98AB1B07AC9C97D42D718D865D3E909258CFD00CCE24AC6E326A164D74DC0B4128928FF32603847
310
2BA13128B1252AC747C6BAB984FC68F0B87FE8960A5C09FE86CFB69FBA01504B0304140006080800CC70623BDBABAAF470010000D40300000C0000006662782F636F72652E786D6CC553D16E823014FD95A6AF4B694182CC941A83FA05FB810A9511A125A5257EFE2E82712ECEB8A7F100CD39F7F69E734AF9FADC366850B6
310
AF8DCE7018308C942E4C59EB2AC3DE1D498AD15A706B8CFB56869196ADCAF00863C12B6B7C374385D14E6907A836A59A41D9F7CA615434B0C8705F7CAA5606D23BA8E84F41278B93AC54100640439DE0BDB320004D43C63716C7C399D30917DCFBBA9CD9BA8469F5B156168B24CED3F7248AC8769F27244EB73B92EED8862C
310
B7F13E0C179B3C8F979C8ECD82BBBABDAA2BAC924E9558448CBD9330242CFA08E3154B5651FCC6D215639C8EE5774DBE2B5F6CF2B5768B68963BB5F5588420E442FC700B1139D4CB01F450C1E918227C2E09DF070D8140C84E1E9AAB8F1340832A9CB13130A5F1376A908D57309505ECF2A0DF179C4E9D30F5B239B87E3823
310
7A79C6F31DE1A8A5AEC08474B03C7837EAE4938639B44E5932B833D2C6B6B279CDC613877FA26EE21F4A2A4C63EC7F29A2F301D1F9F7A0E37D145F504B0304140006080800CC70623B9C113CC27E0000009D0000000B0000006662782F636E782E786D6C4DCCDF0A83201C86E15B91DFB94BFB330DD428C8FB886521330DA7
310
6397BF1A1DECE883878F57749FCDA1B7892F1BBC047A23808C7F84D9FA55424E0BE6803A256208E9EF06C84F9B91703228B1C690F78B66B34CD9A5439DF5CF0BFBF65E35BCA1B8D6A5C6F540381E886698B5741C695F9503EBA150A2F8958E3DC3EA0B504B0304140006080800CC70623B7DF2F77C2A010000120200003100
310
00006662782F41393633353835312D344632462D344230382D423046372D3739314545314133324237412F636F72652E786D6C8D51DB8EC22014FC15C2939B0D2DB4B45643319AE817EC0F6041255A68B86CFCFC856D4D76DF7CE190393373060EDB3DC707F856CE6B6B7A480A0C81328395DA5C7B18C3057510EC3873D686
310
3F34088C18550F330C39BB3A1BA7051AAC09CA84841A2BD5020AEF55806078A44B0FFD7053A328440C89E1EFC52486BBB8AA8214A99D789CF9E05200300FC927E4FB4D5B375D43103D5527440FB843077C5AA3F5861C8F645F5787F59E95B390B318B55CE45AA638FAA2957BD7248B390B7A7CC51F9C124149C82B8C378810
310
84AB2F42B7B8DD56F413775B8C5999E9FF4471926F8AA236A1AE96B8B3CC434E5839373893369E1FAF30EA395917409EB7F26AF8801C171837A4A6AC9C89E9F9C9B1A58BA30FD6A5EF5DDDCF894B9AD9B6A59C957943A9FCAE2FD5BC4DFE03504B0304140006080800CC70623BAD7543B64E01000033030000300000006662
310
782F41393633353835312D344632462D344230382D423046372D3739314545314133324237412F636E782E786D6CD593CD6EC32010845F0571AD6CE3D48AD20813A9873E410FBD12D82434182C7EAAE6EDBB2424CD25871E7B41D6EC30B3FA84F9E67BB2E40B4234DE8DB46F1925E094D7C6ED479AD3AE5951B2113C789FEE
310
6C943839C1488B4C05DF079FE72A69D8C96C13AAD6B8631503449F83828872B949AC57D26200B826A308D316B4064D6E46FCDA41C05550DC9E483A00797BFD207EFB092A45DE9514C1BBD22178396BD39D891265658C238DEA00936C654E5E433CB65A26D9F6EDB5EBC14EBF49A45CB856E66048291F6939A9A81BB5C89177
310
38143CA680F4AA299D66A042CEB3354A2684DC9D8D178FE0D9B8B41CAAD720F880EE7EF93C0C18769E099ECC04D5A102C8049A8A05632F4DDF376CF1DE0F6BB65C2F8627B65A33C6BB62177CEBBDAD973006829F89F22E814B54F4BC2BE347F8AA8F681390B50FA73F804400B5F542E796F19FF974E7F78DB802FE05E20750
310
4B0304140006080800CC70623BE75B7789680500003C100000340000006662782F41393633353835312D344632462D344230382D423046372D3739314545314133324237412F6F626A656374732E786D6CAD575B8F9B3818FD2B887D06C22499CB8AA1CA655245D5B455A356FB305264C061D8018C6C3393D95FBFC7600890
310
A4CD5EF210B0B1BFEBF98E3F7B1FF6596ABC522E1296DF9BAE3D320D9A872C4AF2F8DE2CE5CEBA358D0FBEC719939D65A691938CDE9B6ADAF4BD98B3B2D05311DD91329583D9D5FC0F438434A7A611A644887B5384CF34233629258BA878B12322891DEFF6B66BD70BFB62634E8AE781D082709A4B588AF91C528CDA28B73F
310
1C998EEF39EABBEFA97FBD6A7C7E9553F9D3D79FE442923C3C523610337627CB87ABE99D359D4CC6D6E4FACAB5E6ABF9D2726FC6A3C5F56271377BB88362213924694B38DD99FE47C48627A1E7D49F5A8BB5E1A74C0A599ED3B0F21F1E56366B89112D681E218F0915D0D6F17AD41FBA2A369DCF6335D62ABBD39779D5DDD1
310
11D4D8DE3CBB96B2E04FB8202E41051754A1AA8E8F76B4C6DFE810B580B1547F4B84911149794252234D024EF8BBE963A95AE27B3D310A9D5C215C7960FAEE415ED75694C6AFB17BCACA5D99A60A9AA65F217B0BFC53292ACB92BF283FAD0D3621576592CB5BED907C2FA8E9DF794E35E97BEA31BED21FEB401ABB94C44839
310
DCACBF0E1C5DA8DA5B2F4DFFD32AD86F543D9E565E7056502E157C00AD2671CD534549AB752FCA9CDA00677A313F04E51B22FF19E57B300579E3C97EB29F682D92935CEC18CF901B7B54FD8C51F362B56FC72FE0B3C1EAE335EDCCBF5AEC39ADB17DC238973F804BA5E6F6BFE7AF1FB32E523BE9F3BD571418E3631DCA4D48
310
5250CF639223210A9446CA30052EDF057BD35F8329C1ECD84552BF0DC8D18BE7BCE23BFE6BD960AB4A7DE79923A103BEBD80F911CBAA2C60DB19B01CF164A5583B772EE6D3FFA56666CBCDA74DC97724A48F9A58967497E489C4D979006FD7A05E227A1EBDD0F737C623387A9C844D3709995625106D157315F8B8392CD4E0
310
A0B9A720C4BE9829CEF37EA1E13111214D53925356365ADA634861B52519DD27A00AEB808EAF0628E6F435519D446F45CF2C9CF5214F0A15B2F6D06B79DA3EE3CBF7F56780D2F4E7EF73A0F5E5B02A38D07DC852C6B7C1FBB6664213E0C39E3EBA7FF4E1AD23EA2829407C85E586727488B751B2DB9502BC7B228A3FD68B6E
310
A65A22397E690AA8D158D7E404EC8CDA235CC3B7D1898680131CEC2CDF2638C65196279577750F15884AEE19F94199155B92B13297978469D4F8D358DF0AEF7631E28DC8F0D9F437D5D39A83B2231A1D52D543813A824EF8D44BCFF2FA6A31BD1E8DAD87F1CCB526B3879935BF59CDADD5C37479BB1CDD4CA7B3556B516589
310
EF352754B706114D9C885EC9131DE6EFEB43D99AFE2391C2F958179413D7CFEF6B1B6DB1E7600F00DE6E5C67454A339A4BA2E0FBA85ED26F045D454F463DBFCE484C2F90F2E5E3666003662ED8F755951A7D1BECD5B30B550B2785C8E7320B7292A4838DDA71BBC863ED7613CAF659337A3354231D4FF4A182A54904C2898C
310
98B28C4AD0CE056CCF332A80986E571EE9DBC305BB5FEB7E509220A58D25CF042D712A806AC0AD0C657FDEF80D2D9CEAA2EE4D1C76F60BFE74219A06527D6F82DF6412526107381E55E353090704D085B52408A8913C4ED159D79BDA71BB4BC506F4831350EB6F975CD22D69BF7AC49B91A2C0A9DDA3D5CA36AD20FC478E37
310
E61844E2352865EBCB61A275A65283CAAA9DD27703B4102F5AF51EF5F573B75CBB5AD38BC845F7A49F82A0966A49C2E3EA5EA0ECD326CD965F1DB402C6FA8B51A4658C5C5E2EC9E214602E55810345408596591009A82E7E7FFACA19EEA299B14A0081A705CB3296EBC14CDF658DCD336EA6D1136881AAEB87B81AB9EE53D5
310
F5EB8BC8362082DA24122F98680A4E7930C01A0079749CEA14382A0783E5EBA5A10F8C098456A03D6A4AEB6BB881E2513747552A5DB22C7EDAF83BD5528081A365F7FF06504B0304140006080000CC70623B000000000000000000000000350000006662782F41393633353835312D344632462D344230382D423046372D37
310
39314545314133324237412F76657274696365732E62696E504B0304140006080800CC70623BF270F1330600000004000000360000006662782F41393633353835312D344632462D344230382D423046372D3739314545314133324237412F747269616E676C65732E62696E636660600000504B0304140006080000CC7062
310
3B000000000000000000000000370000006662782F41393633353835312D344632462D344230382D423046372D3739314545314133324237412F617474726962757465732E62696E504B0304140006080800CC70623B08DA0BD19000000041010000360000006662782F41393633353835312D344632462D344230382D4230
310
46372D3739314545314133324237412F6469726563746F72792E786D6C858F410AC3201045AF22B36F53E9A60B35CBEEBAE80D244E44489C6234F4F835464A48035D0DF398FF9F8AF63D0E6CC63039F212F8F9020C7D47C6792B21C5FE7403D62A1188E2E60C98D7234A5830286103A55745067B9D86B8A3CF9C7F90C11DE6
310
07FB144396D7B6A82D282E9A152AD114D5EF2CB866EEE831B8EEA07A7BB5A8D7D61A2BAAEB7FD5F70921FF497D00504B0304140006080800CC70623BEDD1DC58FD000000A00100003B0000006662782F41393633353835312D344632462D344230382D423046372D3739314545314133324237412F7265736F75726365732F
310
636F72652E786D6C8D504B6E833010BD0A9A6D65B00922041947112427E8052C33A156828DFCA97AFC9A40A576D7CDCCE87D344F8F9FBFE667F689CE6B6B3A6039850C8DB2A336530731DC4903D95970676DF82583CCC8193B5861107C72362E3BA4AC096842428D1D7107A5F7182053CF7474E0D507CE32973124857FE48B
310
540F3961CEF244279DE03EB81420DB9EAC1384436FA353E879B1B182C7A8C75DA3C7F453DF353A1075D537A7BA6464B8F535A99AE14A9A2BBD90E350DD183B5CFABE3AF262350B1EF4FC9351399401471025A527C218A1E53BAB5A5AB765F5469B96525EACF23FA6B88CFF34456DC2A1DCE36E360F82A5202F42F062ED2BAD
310
579969AFDD8A6F504B010214000A0000080000CC70623B3DEE336E79000000790000001B00000000000000000000000000000000006175746F6465736B2D64657369676E2D7061636B6167652E786D6C504B01021400140006080800CC70623BD486FD9CA0000000F40000001300000000000000000000000000B20000005B
310
436F6E74656E745F54797065735D2E786D6C504B01021400140006080800CC70623B853B8169EB0000007C010000080000000000000000000000000083010000636F72652E786D6C504B01021400140006080800CC70623B55019EA25F0000007C000000070000000000000000000000000094020000636E782E786D6C504B
310
01021400140006080800CC70623BDBABAAF470010000D40300000C00000000000000000000000000180300006662782F636F72652E786D6C504B01021400140006080800CC70623B9C113CC27E0000009D0000000B00000000000000000000000000B20400006662782F636E782E786D6C504B01021400140006080800CC70
310
623B7DF2F77C2A010000120200003100000000000000000000000000590500006662782F41393633353835312D344632462D344230382D423046372D3739314545314133324237412F636F72652E786D6C504B01021400140006080800CC70623BAD7543B64E010000330300003000000000000000000000000000D2060000
310
6662782F41393633353835312D344632462D344230382D423046372D3739314545314133324237412F636E782E786D6C504B01021400140006080800CC70623BE75B7789680500003C10000034000000000000000000000000006E0800006662782F41393633353835312D344632462D344230382D423046372D3739314545
310
314133324237412F6F626A656374732E786D6C504B01021400140006080000CC70623B0000000000000000000000003500000000000000000000000000280E00006662782F41393633353835312D344632462D344230382D423046372D3739314545314133324237412F76657274696365732E62696E504B01021400140006
310
080800CC70623BF270F133060000000400000036000000000000000000000000007B0E00006662782F41393633353835312D344632462D344230382D423046372D3739314545314133324237412F747269616E676C65732E62696E504B01021400140006080000CC70623B0000000000000000000000003700000000000000
310
000000000000D50E00006662782F41393633353835312D344632462D344230382D423046372D3739314545314133324237412F617474726962757465732E62696E504B01021400140006080800CC70623B08DA0BD1900000004101000036000000000000000000000000002A0F00006662782F41393633353835312D344632
310
462D344230382D423046372D3739314545314133324237412F6469726563746F72792E786D6C504B01021400140006080800CC70623BEDD1DC58FD000000A00100003B000000000000000000000000000E1000006662782F41393633353835312D344632462D344230382D423046372D3739314545314133324237412F7265
310
736F75726365732F636F72652E786D6C504B0506000000000E000E0080040000641100000000
  0
XRECORD
  5
1F8
102
{ACAD_REACTORS
330
1F7
102
}
330
1F7
100
AcDbXrecord
280
     1
 70
     1
 90
429727718
  1
30362254-06B7-45E0-A893-8CFA70E3D6BC
310
504B03040A0000080000CC70623B3DEE336E79000000790000001B0000006175746F6465736B2D64657369676E2D7061636B6167652E786D6C3C3F786D6C2076657273696F6E3D22312E302220656E636F64696E673D227574662D3822203F3E3C666F726D6174733E3C666F726D61743E687474703A2F2F736368656D612E
310
6175746F6465736B2E636F6D2F64657369676E2D7061636B6167652F323030393C2F666F726D61743E3C2F666F726D6174733E504B0304140006080800CC70623BD486FD9CA0000000F4000000130000005B436F6E74656E745F54797065735D2E786D6C7D8EC10E82300C865F65E91D8A1E8C310C0EEA1BF002731658846E
310
D98AC1B77784ABF1D8FE5FBFBF75BBCE937A534CCEB38643598122B6FEE978D0B0485F9C41B54DDD7D022595594E1A469170414C76A4D9A4D207E29CF43ECE46F218070CC6BECC4078ACAA135ACF422C856C0E68EA1BF5669944DDD7BCDE7B1F8E415D77AECB980613C2E4AC91FC167A2B244592486606FC29C8FD7F045B9A
310
EF7053A7E60B504B0304140006080800CC70623B1EC5D7A3EB0000007C01000008000000636F72652E786D6C8D90416EC3201045AF82665B6103C6756C6122AB4D4ED00B204C5C94182C03558F5F9C3852BBEB6A467FFE9B197D71FC9E6FE8CBACC17AD7032D0820E3B41FAD9B7A48F1820F808E52ACDEC75F36404ECDA687
310
4D0629A6D5A76597B477D1B89855E747B38B2A041301E95B6E7A08FAD3CCAA50296647B8168BD2573599823EBB0CA76447F43862C7BCCF5EAC59410E4DDD9C7973C2755553CCCFA4C603E3040F1565ED3B1FDE4E432BCA0D9622DAF9795FAF464533826484B498524CD807E51D79ED187F21878E10516EF63F505AC67F42C9
310
BA58B1FDDD071640D2FCC87D2045B96591CB3DA85CB7DCE40F504B0304140006080800CC70623B55019EA25F0000007C00000007000000636E782E786D6C4DCB3B0E80201045D1AD90E915ED2CF8AC45050C11660C8261F98AB1B07AC9C97D42D718D865D3E909258CFD00CCE24AC6E326A164D74DC0B4128928FF32603847
310
2BA13128B1252AC747C6BAB984FC68F0B87FE8960A5C09FE86CFB69FBA01504B0304140006080800CC70623B8C9102E971010000D40300000C0000006662782F636F72652E786D6CC5535B6E833010BC8AE5DF0A6C08340F1947A84D4ED00B38C6A128602363A31CBFCB234A53A551FA553EC09AD9F5CE8C31DB9E9B1AF5CA
310
7695D1198E428A91D2D214952E33ECDD315861B4E5CC1AE3BE9561A445A3323CC098B3D21ADFCE9034DA29ED00D5A6503328BA4E398C640D8B0C77F253352214DE4145770A5B214FA2546114020D759C75CE8200340D19DE981F0F6746269C33EFAB6266AB02A655C74A59CCF365BADC27CB5D902ED22848F6340DF238A141
310
BE88E2F57B92BFEDF23523433367AE6A2EEAA455C2A902F398D2751045018D3FA264435F3771F242571B4A1919CA6F9A7C5B3CD9E42BED16F12C776AEB308F40C848FC700B1139D4891EF410CEC810227CC6846F8386402064270EF5C5C709A05E49676C024C61FC95EA45ED154CA5211D1FF4FB8291A913A68E9B83EBBB33
310
E2A7673CDE118E5AE8124C0807CB8377834E366998436B950D7A7746DAD846D4CFD978E0F04FD455FC5D49D2D4C6FE9722321F10997F0F32DC47FE05504B0304140006080800CC70623BFFEA85907E0000009D0000000B0000006662782F636E782E786D6C4DCCD10A83201886E15B91FFDC95D95A811AB6F23E625948A6C3
310
E9D8E5AF46073BFAE0E1E365ED67B3E8ADC3CB78C7815C7240DA3DFC64DCC221C519D7805AC182F7F1EF06C88D9BE6703008B6049F9E274D7A1E938DBB5AE3D6131B2589BA0D3D965551E0B2EA732C9B9A624AAEB41E3A557677029960D9AFB4EF11165F504B0304140006080800CC70623B4FEEA4082C0100001202000031
310
0000006662782F39464131463745442D413632322D343644302D413938332D3331353338454246344243312F636F72652E786D6C8D515B6EC32010BC0AE2AB55850DD871ED0813254D72825EC00192A2C460F1A872FC42ED48ED5F7E00CDCECCCEB26C731F6FE05B39AFADE921293004CA082BB5B9F43086336A21D870E6AC
310
0D7F68109861543DCC30E4ECE26C9C164858139409093556AA051CBC570102714B8F1E7AF1A5C6A11862480C7F2DA6415C878B2A4891CA89C7990F2E050073937C42DE1DB7E4F87ED8A36D4329AA9B3D46DBAEAD504556557BD81DEBDD0761E52CE42C462D17B996298E3E6BE59E35C962CE821E1FF18553435012728A7187
310
0841987E927A8D9B35ADDF70BBC6989599FE4F1427F9A4286A132ABAC49D651EF234CD5CE04CDA78BA3DC2A8FB645D00B9DF8B57E215725C60BCA2A463E54C4CE327C7A65E1C7DB02E7DEFCBF594B864C5CA6CDBD49C957943E9FA5D5FBAF336F90F504B0304140006080800CC70623BAD7543B64E01000033030000300000
310
006662782F39464131463745442D413632322D343644302D413938332D3331353338454246344243312F636E782E786D6CD593CD6EC32010845F0571AD6CE3D48AD20813A9873E410FBD12D82434182C7EAAE6EDBB2424CD25871E7B41D6EC30B3FA84F9E67BB2E40B4234DE8DB46F1925E094D7C6ED479AD3AE5951B2113C
310
789FEE6C943839C1488B4C05DF079FE72A69D8C96C13AAD6B8631503449F83828872B949AC57D26200B826A308D316B4064D6E46FCDA41C05550DC9E483A00797BFD207EFB092A45DE9514C1BBD22178396BD39D891265658C238DEA00936C654E5E433CB65A26D9F6EDB5EBC14EBF49A45CB856E66048291F6939A9A81BB5
310
C8917738143CA680F4AA299D66A042CEB3354A2684DC9D8D178FE0D9B8B41CAAD720F880EE7EF93C0C18769E099ECC04D5A102C8049A8A05632F4DDF376CF1DE0F6BB65C2F8627B65A33C6BB62177CEBBDAD973006829F89F22E814B54F4BC2BE347F8AA8F681390B50FA73F804400B5F542E796F19FF974E7F78DB802FE05
310
E207504B0304140006080800CC70623B16AB87BA640500003C100000340000006662782F39464131463745442D413632322D343644302D413938332D3331353338454246344243312F6F626A656374732E786D6CAD575B6FA33818FD2B887DE6924B3BED8A326A92B68A663B534DD4D13E548A0C38942D60649B369D5FBFC7
310
600890A493BDE42160637FD7F31D7FF63E6FB3D478A55C242CBF3247B66B1A340F5994E4F19559CA8D75611A9F7D8F33263BCB4C232719BD32D5B4E97B316765A1A722BA21652A07B3B7B33F0D11D29C9A46981221AE4C113ED38CD8A4942CA2E2C58E882476BCD9DA23BB5ED8171B73523C0F841684D35CC252CCE79062D4
310
468DFA43D7747CCF51DF7D4FFDEB5593E3AB9CCA9FBEFE241792E4E19EB28198C968BAB8199F5D5A67D3E9C49A9E8F47D6EC76B6B0469F26EEFC7C3EBFBCBEB98462213924694B38DD98FE1D62C393D073EA4FADC5DAF04326852CCF6958F90F0F2B9BB5C48816348F90C7840A68EB78EDF68723159BCEE7891A6B95DDE9D3
310
BCEAEEE8086A6C6F9E5D4B59F0175C10A7A0820BAA5055C7473B5AE3CFDD452D602CD5DF12616444529E90D448938013FE6EFA58AA96F85E4F8C42275708571E98FE6827AF6B2B4AE3D7D83D64E5A64C53054DD3AF90BD06FEA9149565C94FCA0F6B834DC85599E4F2423B24DF0B6AFA979E534DFA9E7A4CC6FA631D486393
310
921829879BF5D781A373557BCB85E97FB90DB62B558F8795179C15944B051F40AB495CF35451D26A4727654E6D8033BD98EF82F21D91FF8AF2DD9982BCF1643BDD4EB516C9492E368C67C88DED563FC36D5EACF66DFF057C3658BDBFA69DF9578B3DA735B64F18C7F20770A9D45CFCF7FCF563D6456A277DBEF78A02637CA2
310
43B90A490AEAB94F72244481D24819A6C0E59B606BFA4B3025981DBB48EAB701D97BF19C577CC77F2D1B6C55A9EF3C732474C0B727303F625995056C3B02963D9EAC146BE78EC5FCEC7FA999EBC5EACBAAE41B12D27B4D2C0BBA49F244E2ECDC81B76B502F113D8F5EE8FB1BE3111CDD4FC2AA9B844CAB1288B68AB90A7CDC
310
1C166AB0D3DC5310625FCC14E779BFD0709F8890A629C9292B1B2DED31A4B0DA928CEE135085754027E3018A397D4D5427D15BD1330B677DC8934285AC3DF45A9EB68FF8F2B8FC0A509AFEECFD0FF2DE25CC6047F7214B195F07EFEB9A094D800F7BFAE8FED187B78EA8A3A400F115961BCAD1215E47C966530AF0EE8128FE
310
58CEBB996A8964FFA529A046635D9353B0336A8F700DDF46271A024E70B0B37C9DE01847591E54DED53D54202AB947E4076556AC49C6CA5C9E1226B7F1A7B1BE15DEED62C41B91E1B3E9AFAAA735036547343A925075041DF0A9979E893B391F8FCFA6967B3EFB644DCF6E5CEBFAE272625DCC6FAF3FB93793C5F90CE1EF57
310
407342756B10D1C489E8953CD1617E5CEECAD6F4EF8914CE5D5D504E5C3F1F9736DA62CFC11E00BCDDB8CC8A9466349744C1F75EBDA4DF09BA8A9E8C7A7E9991989E20E5DBDD6A6003664ED8F7A04A8DBE0DF6EAD9B9AA858342E47399053949D2C146EDB85DE4B176BB0965FBAC19BD19AA918E27FA50C1D22402E144464C
310
59462568E704B6E71915404CB72B8FF4EDE184DDAF753F284990D2C6926782963815403548A70C657FDEF80D2D9CEAA2AE4C1C76F60BFE74219A06527D6582DF6412526107381E55E353090704D085B52408D0933C4ED159D79BDA71BB4BC506F4831350EB6F979CD22D69BF7AC49B91A2C0A9DDA3D5CA36AD20FC478E37E6
310
1844E2352865EBCB6EA275A652E3836BE04EFB400BF1A2556F515F1FBB35B2AB35BD889C744FFA1004B5544B121E57F70215746DD2F5E2C1412B602CBF19455AC6C8E5E9922C4E01E65215385004546899059180EAFCF7A707CE7017CD8CDB0410789AB32C63B91E5CEBBBACB17AC6CD347A022D5075FD106377347AAABA7E
310
7D11590744509B44E205134DC1290F06580320F78E537D3D73540E06CB970B431F185308AD40BBD794D6D77003C5A36E8EAA54BA64597CD8F83BD552A080A365F7FF06504B0304140006080000CC70623B000000000000000000000000350000006662782F39464131463745442D413632322D343644302D413938332D3331
310
353338454246344243312F76657274696365732E62696E504B0304140006080800CC70623BF270F1330600000004000000360000006662782F39464131463745442D413632322D343644302D413938332D3331353338454246344243312F747269616E676C65732E62696E636660600000504B0304140006080000CC70623B
310
000000000000000000000000370000006662782F39464131463745442D413632322D343644302D413938332D3331353338454246344243312F617474726962757465732E62696E504B0304140006080800CC70623B08DA0BD19000000041010000360000006662782F39464131463745442D413632322D343644302D413938
310
332D3331353338454246344243312F6469726563746F72792E786D6C858F410AC3201045AF22B36F53E9A60B35CBEEBAE80D244E44489C6234F4F835464A48035D0DF398FF9F8AF63D0E6CC63039F212F8F9020C7D47C6792B21C5FE7403D62A1188E2E60C98D7234A5830286103A55745067B9D86B8A3CF9C7F90C11DE607
310
FB144396D7B6A82D282E9A152AD114D5EF2CB866EEE831B8EEA07A7BB5A8D7D61A2BAAEB7FD5F70921FF497D00504B0304140006080800CC70623B0D6EF93BFE000000A00100003B0000006662782F39464131463745442D413632322D343644302D413938332D3331353338454246344243312F7265736F75726365732F63
310
6F72652E786D6C8D50596E833010BD0A9ADFCA60B334011947A8694ED00B586642AC041B79A97AFC9A40A5F6AF3F33A3B7689E1E3F7DCD8FEC139DD7D6F4C0720A191A65476DA61E62B892236427C19DB5E1970C322367EC618541F0C9D9B8EC90B226A009093576C41D94DE63804C3DD2D18357379C652E63480A7FCF17A9
310
EE72C29CE5894E3AC17D702940B63D59270887DE46A7D0F36263058F518FBB468FE9A7BE6A7420864373B8D4873369AA8691FA421B3294352543C5CAF65C0F6FEF43CB8BD52C78D0F34F46E550061C419494B6843142CB0F5677F4B52BEB177AEC28E5C52AFF638ACBF84F53D42654E51E77B379102C05791282176B5F693D
310
CB4C7BED567C03504B010214000A0000080000CC70623B3DEE336E79000000790000001B00000000000000000000000000000000006175746F6465736B2D64657369676E2D7061636B6167652E786D6C504B01021400140006080800CC70623BD486FD9CA0000000F40000001300000000000000000000000000B20000005B
310
436F6E74656E745F54797065735D2E786D6C504B01021400140006080800CC70623B1EC5D7A3EB0000007C010000080000000000000000000000000083010000636F72652E786D6C504B01021400140006080800CC70623B55019EA25F0000007C000000070000000000000000000000000094020000636E782E786D6C504B
310
01021400140006080800CC70623B8C9102E971010000D40300000C00000000000000000000000000180300006662782F636F72652E786D6C504B01021400140006080800CC70623BFFEA85907E0000009D0000000B00000000000000000000000000B30400006662782F636E782E786D6C504B01021400140006080800CC70
310
623B4FEEA4082C0100001202000031000000000000000000000000005A0500006662782F39464131463745442D413632322D343644302D413938332D3331353338454246344243312F636F72652E786D6C504B01021400140006080800CC70623BAD7543B64E010000330300003000000000000000000000000000D5060000
310
6662782F39464131463745442D413632322D343644302D413938332D3331353338454246344243312F636E782E786D6C504B01021400140006080800CC70623B16AB87BA640500003C1000003400000000000000000000000000710800006662782F39464131463745442D413632322D343644302D413938332D3331353338
310
454246344243312F6F626A656374732E786D6C504B01021400140006080000CC70623B0000000000000000000000003500000000000000000000000000270E00006662782F39464131463745442D413632322D343644302D413938332D3331353338454246344243312F76657274696365732E62696E504B01021400140006
310
080800CC70623BF270F133060000000400000036000000000000000000000000007A0E00006662782F39464131463745442D413632322D343644302D413938332D3331353338454246344243312F747269616E676C65732E62696E504B01021400140006080000CC70623B0000000000000000000000003700000000000000
310
000000000000D40E00006662782F39464131463745442D413632322D343644302D413938332D3331353338454246344243312F617474726962757465732E62696E504B01021400140006080800CC70623B08DA0BD190000000410100003600000000000000000000000000290F00006662782F39464131463745442D413632
310
322D343644302D413938332D3331353338454246344243312F6469726563746F72792E786D6C504B01021400140006080800CC70623B0D6EF93BFE000000A00100003B000000000000000000000000000D1000006662782F39464131463745442D413632322D343644302D413938332D3331353338454246344243312F7265
310
736F75726365732F636F72652E786D6C504B0506000000000E000E0080040000641100000000
  0
XRECORD
  5
175
102
{ACAD_REACTORS
330
173
102
}
330
173
100
AcDbXrecord
280
     1
270
     1
271
     1
  0
XRECORD
  5
174
102
{ACAD_REACTORS
330
173
102
}
330
173
100
AcDbXrecord
280
     1
270
     1
271
     1
  0
XRECORD
  5
1FB
102
{ACAD_REACTORS
330
173
102
}
330
173
100
AcDbXrecord
280
     1
 70
     0
 90
1673772943
  1
ECE7A1D2-D628-4531-984C-D00F80459256
310
504B03040A0000080000CC70623B3DEE336E79000000790000001B0000006175746F6465736B2D64657369676E2D7061636B6167652E786D6C3C3F786D6C2076657273696F6E3D22312E302220656E636F64696E673D227574662D3822203F3E3C666F726D6174733E3C666F726D61743E687474703A2F2F736368656D612E
310
6175746F6465736B2E636F6D2F64657369676E2D7061636B6167652F323030393C2F666F726D61743E3C2F666F726D6174733E504B0304140006080800CC70623BD486FD9CA0000000F4000000130000005B436F6E74656E745F54797065735D2E786D6C7D8EC10E82300C865F65E91D8A1E8C310C0EEA1BF002731658846E
310
D98AC1B77784ABF1D8FE5FBFBF75BBCE937A534CCEB38643598122B6FEE978D0B0485F9C41B54DDD7D022595594E1A469170414C76A4D9A4D207E29CF43ECE46F218070CC6BECC4078ACAA135ACF422C856C0E68EA1BF5669944DDD7BCDE7B1F8E415D77AECB980613C2E4AC91FC167A2B244592486606FC29C8FD7F045B9A
310
EF7053A7E60B504B0304140006080800CC70623BD9DDAED0EC0000007C01000008000000636F72652E786D6C8D90416EC3201045AF82665B61836D9CD8C2444DD39CA01740405C94182C03558F5F9C3852BBEB6A467FFE9B197D7EF89E6EE8CB2CC17A37002D0820E394D7D68D03A478C17B4007C117EFE32F1B20272733C0
310
2A83E0E3E2D3BC49CABB685CCCAAF3DA6CA20CC14440EA969B0182FA34932C648AD911AEC52CD5558EA6A0CF2EC329598D1E47ACCEFBECC59A050463A7EA5833865FEBDD0E37353BE3EE8DBDE3F6786A48D375FBF6CC78B9C282473B3DEFABC5C86834888A900E538A49F5419B9EB47DD5BC907D4F082F57FB1F28CDFA9F50
310
B22ED6D5F6EE030B20687EE43E10BC5CB3C8E51E54AE6B6EE207504B0304140006080800CC70623B55019EA25F0000007C00000007000000636E782E786D6C4DCB3B0E80201045D1AD90E915ED2CF8AC45050C11660C8261F98AB1B07AC9C97D42D718D865D3E909258CFD00CCE24AC6E326A164D74DC0B4128928FF326038
310
472BA13128B1252AC747C6BAB984FC68F0B87FE8960A5C09FE86CFB69FBA01504B0304140006080800CC70623BA24EB22D72010000D40300000C0000006662782F636F72652E786D6CC5535B6E833010BC8AE5DF0A6C5E49888CA3A6694ED00B38E05014B091B1518EDFE511A5A9D228FD2A1F60CDEC7A67C6986DCE4D8D7A
310
69BA4AAB0C073EC548AA5C17952A33ECECD15B61B4E1CC686DBF9561A44423333CC098B3D268D7CE50AE9595CA02AA74216750749DB418E5352C32DCE59FB211BE70162ABA93DF8AFC244AE9073ED050C759670D0840D390E18DF9F1706664C23973AE2A66B62A605A75ACA4C13C4976E1364A12EF355A2EBD384AF65EFA96
310
BC7B8BED2EA6719AAE16FB8491A199335B351775B991C2CA02F390D2D40B028F861F41BCA68B7518BFD0D59A524686F29B26D7164F36B94AD9289CE54E6D1DE6010819891F6E21228B3AD1831EC219194284CF98F06DD01008846CC5A1BEF83801D4CBDC6A1303536877A57A513B0953A94FC707FDBE6064EA84A9E3E6E0FA
310
EE8CF0E9198F7784A316AA0413C2C2F2E0ECA0934D1AE6D05A69BCDE9E91D2A611F573361E38FC1375157F5752AE6B6DFE4B11990F88CCBF0719EE23FF02504B0304140006080800CC70623B408A7D3B7C0000009D0000000B0000006662782F636E782E786D6C4DCCD10A83201886E15B91FFDC552A92A0064DBC8F581632
310
D3703A76F9ABD1C18E3E78F878E5F0D9027ABBFCF2292AE86E2D20171F69F6715550CB827B40839639A5F2770314A7CD293819B45C73AAFB45B35BA61ACAA1C1C7E7855C58C15BC331339661262CC762340413D68D77DA5B42298546CBE6573AF60CEB2F504B0304140006080800CC70623B449FB9BD290100001202000031
310
0000006662782F36394639363044362D344446342D343946362D394244322D3234314243333846323333332F636F72652E786D6C8D515B6EC32010BC0AE22B55850D98B871848994463E412FE002495162B07854397EA176A4F62F3F2C9A9D991D587EB84F37F0AD7D30CEF6905418026DA553C65E7A98E219ED203808EE9D
310
8B7F6810D871D23D2C3014FCE25D9A57483A1BB58D19B54EE9151C43D0110279CB971E06F9A5A7B11A53CC8C70ADE6515EC78BAE4895DB992778883E0700CB907242D17643D7E2538BD869608875438BBAE38922CAC8F1BDD90DB4691A5E2F42C153326A951B95E398B3D1FE599322163C9AE9115F7A3D46ADA0A018778810
310
84E907617BDCEE297BC5BB3DC6BC2EF47FA234AB2745C9D8D8D035EE220B50105E2F0DC1954B9FB747187D9F9D8FA0CCDB042D5FA0C015C65B42DF78BD10F3F3B363CB56C7109DCFDFBBB97E662ED92EB62D13BC2E1BCAE5777DB9966D8A1F504B0304140006080800CC70623BAD7543B64E01000033030000300000006662
310
782F36394639363044362D344446342D343946362D394244322D3234314243333846323333332F636E782E786D6CD593CD6EC32010845F0571AD6CE3D48AD20813A9873E410FBD12D82434182C7EAAE6EDBB2424CD25871E7B41D6EC30B3FA84F9E67BB2E40B4234DE8DB46F1925E094D7C6ED479AD3AE5951B2113C789FEE
310
6C943839C1488B4C05DF079FE72A69D8C96C13AAD6B8631503449F83828872B949AC57D26200B826A308D316B4064D6E46FCDA41C05550DC9E483A00797BFD207EFB092A45DE9514C1BBD22178396BD39D891265658C238DEA00936C654E5E433CB65A26D9F6EDB5EBC14EBF49A45CB856E66048291F6939A9A81BB5C89177
310
38143CA680F4AA299D66A042CEB3354A2684DC9D8D178FE0D9B8B41CAAD720F880EE7EF93C0C18769E099ECC04D5A102C8049A8A05632F4DDF376CF1DE0F6BB65C2F8627B65A33C6BB62177CEBBDAD973006829F89F22E814B54F4BC2BE347F8AA8F681390B50FA73F804400B5F542E796F19FF974E7F78DB802FE05E20750
310
4B0304140006080800CC70623B8D05915C650500003B100000340000006662782F36394639363044362D344446342D343946362D394244322D3234314243333846323333332F6F626A656374732E786D6CAD575B6FA33814FE2B887D06429276DA1565D4266D158D3A339A6846FB502932E050B66023DB74D2FDF5FB190C01
310
9276B2973C046C8ECFF53B17071F77456EBD502133CEAE6CDF9DD81665314F32965ED995DA3A17B6F5310C04E7AA47665B8C14F4CAD6DB7618A48257A5D94AE89654B91AEDDEDDFC61C998326A5B714EA4BCB265FC440BE2924AF184CA6737218AB8E976E7FA6E4338649B0A523E8D98964450A6A029F619B8588D52FE7039
310
B1BD30F0F4F730D0FF866AF6369557DB33949F31A9088B0F848DD8CCFCF9F2767A76E99CCDE733677E3EF59D9BBB9BA5E37F984D16E78BC5E5F5ED25044B25C0C96822E8D60EEFE11B91C581D77CEA34368A1F5329E68CD1B8B61F16D63A1B8E092D294B10C78C4A48EB593D192E7DED9BDEE7995E1B91FDEDD3ACEA9FE831
310
6A756F9F7D4D79F4274C90A7A04248AA51D5F8C718DAE06FB2F75AC4796EBE65D22A88A22223B995679120E2D50E41AA49C260C046A35368846B0BECD0DFF3EBEB8AD4F835768F69B9ADF25C43D30E6B646F807FAA64AD59F61715C7A54127C4AACA98BA3006A9D792DAE165E0D59B61A01FB3A9F9D838D2DAE62445C86166
310
F37564E842E7DE6A69879FEEA2DD5AE7E371E1A5E025154AC307D06A03D73EB5978C58FFA4C8E9033066E0F3BD53BEC1F39F91BE7B55103791EDE6BBB991A2046172CB4581D8B893FA674DDA17A77B3B7C413D1B511FD2743BFF8A38F03A658705E3ADF8015C3A3417FF3D7E439FF591DA0B5F18BC20C1B8981957AE6392A3
310
F43C640C01D1A0B4728E2DD4F26DB4B3C3152A252A3B4E913CEC1C72F012782FF88EFF8637AA552DBEF76408E8A8DE9E50F9E1CB3A2DA0DB1B6039A893B56063DC5B3E3FFB5F72E67AB9FEB4AEC496C4F4C1149625DD662C53E89D7BF0F6151A046260D1337DFDC94502430F83B0EE07A130A224BCAD7DAE1D9FB6CD422FF6
310
920702629C4BB9AE79C12F243C6432A6794E18E5552BA56B431AAB5D91317302B2B071E86C3A42B1A02F999E24061403B5D0EB639195DA655DD3EBEAB4FB862DDF579F014AD0E73C22F99E28DA57FB98E75C6CA2D74D53086D600F4786E0FE3144B771A8A7B900F03594DB8A633CBC49B2EDB69228BB479CF863B5E807AAAB
310
23872F6DFEB4129B949CA33823F58830E86D65621E10047D9DB34D862E8EAC3C2ABC2F7B2C40D67CDFE01F5545B92105AF983AC54D93D69E56FB8E797F88913F898A9FEC705D3F9D1B54EC8426FB500D40A03BD0119B06E1B95DDC7EB8F6975367793EBD70E66733DFB9BC982F9CE564727731999F5D4ECFCE3B8D6A4DC2A0
310
6D50FD148437D110834A64C6CDDF57FBACB5C307A2A477DFE4939736CFEF2B175371E0E10CF0DD1D5C15654E0BCA14D1E87DD02FF93782A162C0A3D95F1524A52770F972BF1EE9809D13CE7DD599467F8ECE9ADD85CE85A34CD45355448C64F9E8A031DC2D596ACC6E5DD93D9B82DE2EF5CAF81363A8E47996A0DE24564A79
310
4115AACE09C55E14540231FDA13C319787134EBF34E3A022514E5B4D9E0826E25C02D5805B15ABE1BEF51B26383D445DD9E875EE33FE4C22DA16427D65A3BCA92CA6D28DD01DF5DC53330704308475351050232CCD31583787BA75774AFB06E5070DD0C8EF484E19968C5D83BA5B90B244D31E54D55A372320FE4786B7EA58
310
44E135AA5467CB7EA333A61683CC6A8C3257034C10CF46F40EF9F5BE59BE5BD30C3C72D235E95D10345C1D45445A5F0BB47E46A5EBE5570F9380B5FA629579952296A773720405982B9DE04011506178964401AA8BDF1FBF0A8EAB6861DD6580C0E38217056766716DAEB2D6FA0917D3E4116581EADB879C4E7CFFB11EFACD
310
3D641311495D92C8676CB409A72D18610D803CE8A626049E8EC1887CB5B44CC39883690DDA8399B4B9855B481E7D71D4A9D22F96E5BB73BF5793020C02137BF837504B0304140006080000CC70623B000000000000000000000000350000006662782F36394639363044362D344446342D343946362D394244322D32343142
310
43333846323333332F76657274696365732E62696E504B0304140006080800CC70623BF270F1330600000004000000360000006662782F36394639363044362D344446342D343946362D394244322D3234314243333846323333332F747269616E676C65732E62696E636660600000504B0304140006080000CC70623B0000
310
00000000000000000000370000006662782F36394639363044362D344446342D343946362D394244322D3234314243333846323333332F617474726962757465732E62696E504B0304140006080800CC70623B08DA0BD19000000041010000360000006662782F36394639363044362D344446342D343946362D394244322D
310
3234314243333846323333332F6469726563746F72792E786D6C858F410AC3201045AF22B36F53E9A60B35CBEEBAE80D244E44489C6234F4F835464A48035D0DF398FF9F8AF63D0E6CC63039F212F8F9020C7D47C6792B21C5FE7403D62A1188E2E60C98D7234A5830286103A55745067B9D86B8A3CF9C7F90C11DE607FB14
310
4396D7B6A82D282E9A152AD114D5EF2CB866EEE831B8EEA07A7BB5A8D7D61A2BAAEB7FD5F70921FF497D00504B0304140006080800CC70623BCA768048FE000000A00100003B0000006662782F36394639363044362D344446342D343946362D394244322D3234314243333846323333332F7265736F75726365732F636F72
310
652E786D6C8D50596E833010BD0A9ADFCA60D600328E9AA639412F609909B1126CE4A5EAF16B0295DABFFECC8CDEA2797AECF8353F924FB44E193D409E5248504B332A3D0D10FC95B4901C39B3C6F85F3248B49871801506CE266BC2B243D2688FDA47549B11775038871E12F988C7004EDE7016A9083E2ADC3D5D84BC8B09
310
D33C8D74D471E6BC8D0192EDC93A815B742658898E651BCB59086ADC356A8C3FD555A1055ED7E7E254D615792D0F075295F585746FF53B694EE78A565DD736979A65AB9933AFE69F8CD2A2F038022F28ED489E135A7CE4554F9BBEA85E68DB53CAB255FEC71496F19FA6A0B42F8B3DEE6673C0F318E4497096AD7DC5F52C33
310
EEB55BFE0D504B010214000A0000080000CC70623B3DEE336E79000000790000001B00000000000000000000000000000000006175746F6465736B2D64657369676E2D7061636B6167652E786D6C504B01021400140006080800CC70623BD486FD9CA0000000F40000001300000000000000000000000000B20000005B436F
310
6E74656E745F54797065735D2E786D6C504B01021400140006080800CC70623BD9DDAED0EC0000007C010000080000000000000000000000000083010000636F72652E786D6C504B01021400140006080800CC70623B55019EA25F0000007C000000070000000000000000000000000095020000636E782E786D6C504B0102
310
1400140006080800CC70623BA24EB22D72010000D40300000C00000000000000000000000000190300006662782F636F72652E786D6C504B01021400140006080800CC70623B408A7D3B7C0000009D0000000B00000000000000000000000000B50400006662782F636E782E786D6C504B01021400140006080800CC70623B
310
449FB9BD290100001202000031000000000000000000000000005A0500006662782F36394639363044362D344446342D343946362D394244322D3234314243333846323333332F636F72652E786D6C504B01021400140006080800CC70623BAD7543B64E010000330300003000000000000000000000000000D20600006662
310
782F36394639363044362D344446342D343946362D394244322D3234314243333846323333332F636E782E786D6C504B01021400140006080800CC70623B8D05915C650500003B10000034000000000000000000000000006E0800006662782F36394639363044362D344446342D343946362D394244322D32343142433338
310
46323333332F6F626A656374732E786D6C504B01021400140006080000CC70623B0000000000000000000000003500000000000000000000000000250E00006662782F36394639363044362D344446342D343946362D394244322D3234314243333846323333332F76657274696365732E62696E504B010214001400060808
310
00CC70623BF270F13306000000040000003600000000000000000000000000780E00006662782F36394639363044362D344446342D343946362D394244322D3234314243333846323333332F747269616E676C65732E62696E504B01021400140006080000CC70623B00000000000000000000000037000000000000000000
310
00000000D20E00006662782F36394639363044362D344446342D343946362D394244322D3234314243333846323333332F617474726962757465732E62696E504B01021400140006080800CC70623B08DA0BD190000000410100003600000000000000000000000000270F00006662782F36394639363044362D344446342D
310
343946362D394244322D3234314243333846323333332F6469726563746F72792E786D6C504B01021400140006080800CC70623BCA768048FE000000A00100003B000000000000000000000000000B1000006662782F36394639363044362D344446342D343946362D394244322D3234314243333846323333332F7265736F
310
75726365732F636F72652E786D6C504B0506000000000E000E0080040000621100000000
  0
XRECORD
  5
176
102
{ACAD_REACTORS
330
173
102
}
330
173
100
AcDbXrecord
280
     1
270
     1
271
     1
  0
XRECORD
  5
177
102
{ACAD_REACTORS
330
173
102
}
330
173
100
AcDbXrecord
280
     1
270
     1
271
     1
  0
CELLSTYLEMAP
  5
5B4
102
{ACAD_REACTORS
330
162
102
}
330
162
100
AcDbCellStyleMap
 90
        3
300
CELLSTYLE
  1
TABLEFORMAT_BEGIN
 90
        5
170
     1
 91
        0
 92
    32768
 62
   257
 93
        1
300
CONTENTFORMAT
  1
CONTENTFORMAT_BEGIN
 90
        0
 91
        0
 92
      512
 93
        0
300

 40
0.0
140
1.0
 94
        5
 62
     0
340
11
144
6.0
309
CONTENTFORMAT_END
171
     1
301
MARGIN
  1
CELLMARGIN_BEGIN
 40
1.5
 40
1.5
 40
1.5
 40
1.5
 40
4.5
 40
4.5
309
CELLMARGIN_END
 94
        6
 95
        1
302
GRIDFORMAT
  1
GRIDFORMAT_BEGIN
 90
        0
 91
        1
 62
     0
 92
       -2
340
14
 93
        0
 40
1.125
309
GRIDFORMAT_END
 95
        2
302
GRIDFORMAT
  1
GRIDFORMAT_BEGIN
 90
        0
 91
        1
 62
     0
 92
       -2
340
14
 93
        0
 40
1.125
309
GRIDFORMAT_END
 95
        4
302
GRIDFORMAT
  1
GRIDFORMAT_BEGIN
 90
        0
 91
        1
 62
     0
 92
       -2
340
14
 93
        0
 40
1.125
309
GRIDFORMAT_END
 95
        8
302
GRIDFORMAT
  1
GRIDFORMAT_BEGIN
 90
        0
 91
        1
 62
     0
 92
       -2
340
14
 93
        0
 40
1.125
309
GRIDFORMAT_END
 95
       16
302
GRIDFORMAT
  1
GRIDFORMAT_BEGIN
 90
        0
 91
        1
 62
     0
 92
       -2
340
14
 93
        0
 40
1.125
309
GRIDFORMAT_END
 95
       32
302
GRIDFORMAT
  1
GRIDFORMAT_BEGIN
 90
        0
 91
        1
 62
     0
 92
       -2
340
14
 93
        0
 40
1.125
309
GRIDFORMAT_END
309
TABLEFORMAT_END
  1
CELLSTYLE_BEGIN
 90
        1
 91
        1
300
_TITLE
309
CELLSTYLE_END
300
CELLSTYLE
  1
TABLEFORMAT_BEGIN
 90
        5
170
     1
 91
        0
 92
        0
 62
   257
 93
        1
300
CONTENTFORMAT
  1
CONTENTFORMAT_BEGIN
 90
        0
 91
        0
 92
      512
 93
        0
300

 40
0.0
140
1.0
 94
        5
 62
     0
340
11
144
4.5
309
CONTENTFORMAT_END
171
     1
301
MARGIN
  1
CELLMARGIN_BEGIN
 40
1.5
 40
1.5
 40
1.5
 40
1.5
 40
4.5
 40
4.5
309
CELLMARGIN_END
 94
        6
 95
        1
302
GRIDFORMAT
  1
GRIDFORMAT_BEGIN
 90
        0
 91
        1
 62
     0
 92
       -2
340
14
 93
        0
 40
1.125
309
GRIDFORMAT_END
 95
        2
302
GRIDFORMAT
  1
GRIDFORMAT_BEGIN
 90
        0
 91
        1
 62
     0
 92
       -2
340
14
 93
        0
 40
1.125
309
GRIDFORMAT_END
 95
        4
302
GRIDFORMAT
  1
GRIDFORMAT_BEGIN
 90
        0
 91
        1
 62
     0
 92
       -2
340
14
 93
        0
 40
1.125
309
GRIDFORMAT_END
 95
        8
302
GRIDFORMAT
  1
GRIDFORMAT_BEGIN
 90
        0
 91
        1
 62
     0
 92
       -2
340
14
 93
        0
 40
1.125
309
GRIDFORMAT_END
 95
       16
302
GRIDFORMAT
  1
GRIDFORMAT_BEGIN
 90
        0
 91
        1
 62
     0
 92
       -2
340
14
 93
        0
 40
1.125
309
GRIDFORMAT_END
 95
       32
302
GRIDFORMAT
  1
GRIDFORMAT_BEGIN
 90
        0
 91
        1
 62
     0
 92
       -2
340
14
 93
        0
 40
1.125
309
GRIDFORMAT_END
309
TABLEFORMAT_END
  1
CELLSTYLE_BEGIN
 90
        2
 91
        1
300
_HEADER
309
CELLSTYLE_END
300
CELLSTYLE
  1
TABLEFORMAT_BEGIN
 90
        5
170
     1
 91
        0
 92
        0
 62
   257
 93
        1
300
CONTENTFORMAT
  1
CONTENTFORMAT_BEGIN
 90
        0
 91
        0
 92
      512
 93
        0
300

 40
0.0
140
1.0
 94
        2
 62
     0
340
11
144
4.5
309
CONTENTFORMAT_END
171
     1
301
MARGIN
  1
CELLMARGIN_BEGIN
 40
1.5
 40
1.5
 40
1.5
 40
1.5
 40
4.5
 40
4.5
309
CELLMARGIN_END
 94
        6
 95
        1
302
GRIDFORMAT
  1
GRIDFORMAT_BEGIN
 90
        0
 91
        1
 62
     0
 92
       -2
340
14
 93
        0
 40
1.125
309
GRIDFORMAT_END
 95
        2
302
GRIDFORMAT
  1
GRIDFORMAT_BEGIN
 90
        0
 91
        1
 62
     0
 92
       -2
340
14
 93
        0
 40
1.125
309
GRIDFORMAT_END
 95
        4
302
GRIDFORMAT
  1
GRIDFORMAT_BEGIN
 90
        0
 91
        1
 62
     0
 92
       -2
340
14
 93
        0
 40
1.125
309
GRIDFORMAT_END
 95
        8
302
GRIDFORMAT
  1
GRIDFORMAT_BEGIN
 90
        0
 91
        1
 62
     0
 92
       -2
340
14
 93
        0
 40
1.125
309
GRIDFORMAT_END
 95
       16
302
GRIDFORMAT
  1
GRIDFORMAT_BEGIN
 90
        0
 91
        1
 62
     0
 92
       -2
340
14
 93
        0
 40
1.125
309
GRIDFORMAT_END
 95
       32
302
GRIDFORMAT
  1
GRIDFORMAT_BEGIN
 90
        0
 91
        1
 62
     0
 92
       -2
340
14
 93
        0
 40
1.125
309
GRIDFORMAT_END
309
TABLEFORMAT_END
  1
CELLSTYLE_BEGIN
 90
        3
 91
        2
300
_DATA
309
CELLSTYLE_END
  0
ENDSEC
  0
SECTION
  2
ACDSDATA
 70
     2
 71
     8
  0
ACDSSCHEMA
 90
        0
  1
AcDb_Thumbnail_Schema
  2
AcDbDs::ID
280
    10
 91
        8
  2
Thumbnail_Data
280
    15
 91
        0
101
ACDSRECORD
 95
        0
 90
        1
  2
AcDbDs::TreatedAsObjectData
280
     1
291
     1
101
ACDSRECORD
 95
        0
 90
        2
  2
AcDbDs::Legacy
280
     1
291
     1
101
ACDSRECORD
  1
AcDbDs::ID
 90
        3
  2
AcDs:Indexable
280
     1
291
     1
101
ACDSRECORD
  1
AcDbDs::ID
 90
        4
  2
AcDbDs::HandleAttribute
280
     7
282
     1
  0
ACDSSCHEMA
 90
        1
  1
AcDbDs::TreatedAsObjectDataSchema
  2
AcDbDs::TreatedAsObjectData
280
     1
 91
        0
  0
ACDSSCHEMA
 90
        2
  1
AcDbDs::LegacySchema
  2
AcDbDs::Legacy
280
     1
 91
        0
  0
ACDSSCHEMA
 90
        3
  1
AcDbDs::IndexedPropertySchema
  2
AcDs:Indexable
280
     1
 91
        0
  0
ACDSSCHEMA
 90
        4
  1
AcDbDs::HandleAttributeSchema
  2
AcDbDs::HandleAttribute
280
     7
 91
        1
284
     1
  0
ACDSRECORD
 90
        0
  2
AcDbDs::ID
280
    10
320
22
  2
Thumbnail_Data
280
    15
 94
     2815
310
89504E470D0A1A0A0000000D49484452000001000000008808030000003F38C55500000300504C5445212830FFFFFF2128300000000000000000000000000000000000000000000000000000330000660000990000CC0000FF0033000033330033660033990033CC0033FF0066000066330066660066990066CC0066FF0099
310
000099330099660099990099CC0099FF00CC0000CC3300CC6600CC9900CCCC00CCFF00FF0000FF3300FF6600FF9900FFCC00FFFF3300003300333300663300993300CC3300FF3333003333333333663333993333CC3333FF3366003366333366663366993366CC3366FF3399003399333399663399993399CC3399FF33CC00
310
33CC3333CC6633CC9933CCCC33CCFF33FF0033FF3333FF6633FF9933FFCC33FFFF6600006600336600666600996600CC6600FF6633006633336633666633996633CC6633FF6666006666336666666666996666CC6666FF6699006699336699666699996699CC6699FF66CC0066CC3366CC6666CC9966CCCC66CCFF66FF0066
310
FF3366FF6666FF9966FFCC66FFFF9900009900339900669900999900CC9900FF9933009933339933669933999933CC9933FF9966009966339966669966999966CC9966FF9999009999339999669999999999CC9999FF99CC0099CC3399CC6699CC9999CCCC99CCFF99FF0099FF3399FF6699FF9999FFCC99FFFFCC0000CC00
310
33CC0066CC0099CC00CCCC00FFCC3300CC3333CC3366CC3399CC33CCCC33FFCC6600CC6633CC6666CC6699CC66CCCC66FFCC9900CC9933CC9966CC9999CC99CCCC99FFCCCC00CCCC33CCCC66CCCC99CCCCCCCCCCFFCCFF00CCFF33CCFF66CCFF99CCFFCCCCFFFFFF0000FF0033FF0066FF0099FF00CCFF00FFFF3300FF3333
310
FF3366FF3399FF33CCFF33FFFF6600FF6633FF6666FF6699FF66CCFF66FFFF9900FF9933FF9966FF9999FF99CCFF99FFFFCC00FFCC33FFCC66FFCC99FFCCCCFFCCFFFFFF00FFFF33FFFF66FFFF99FFFFCCFFFFFF0000000D0D0D1A1A1A2828283535354343435050505D5D5D6B6B6B787878868686939393A1A1A1AEAEAEBB
310
BBBBC9C9C9D6D6D6E4E4E4F1F1F1FFFFFF0000000000000000000000000000000000000000000000000000000000002E4550F1000007434944415478DAED9D3962AC300C86751C1ADFBFF3493802058DFAE015CB96590D11304EDE0418E6057DFE25CB0B0460B9E0F30B9C2A273F2EA0FC009CFDF824A2FE90F4FAFED8E7B2
310
5FD71D2FD601CE0300E86F2EE40ABAC3D7DE85EB3F0F60CF27A2196AEFEFD2B16C013057B40000E97587934B00E959C4526AF64600B214305DF31A00F7B63B8B52D00527BEA677975B5D60450149652752D7BC139531A0AB2AA24B0F75ED15B02374694DF7D538E238C5E171361F96ECAE013035D93925CC40A2EF9B9F5D78
310
33BED712C08E20680D1BCCF7F435193E4EB6C38849A5272C182F92A800AC02E8534A8911BDB31F463596555E98AF197FE841520CA803A8F9810E0A30464D2F261BF719B92EACDEA28028F2D41BBAA87A7774DE896FDEA780D06FB27D276395558013FCE83B24F68DA510F04000D4120C1F18B4538032278C385BBE39EE7000
310
B2989044BA2415BA2F063026A1EF3BF738D82F34B5EFEDB7AF78140013043B12EAFF23084EBE5E2A009D02AC07809E82E048A3DC46113C24086A5852C0F4EDEADFBDA0C7A3D9B2C105BA24061013690CE82E8A01DC95F69AEB77A353406C06C16258E9982F121101007499A3E72E605A01F3DDFB54086D16E4EC77DFDB3B85
310
F25C800510DBF5540446013E110213034667FA8ECBE07A83FF9F096A16006836848566D0DABFFB0A165DA0CB14715F1EA08B0CD0063BAD8710F4FC57488507E5EC07DF2542FFC347C6B1EE134B41500280F08EB7530FB1FF03E92606FBFD6BB2E37EE0C39A419D5C9EA9C450E5460373FDC7CDA9E261AE72A6FE71AC8DDAAF
310
28800E86DD970A13008902260D70F53FC580090157FFA3FF81B5B6512880402000288DA69B939DC8DA4F9C612B808556E0B6BE4032E44514C0DA6F1400B868FF660554FA027736832E9BD564DA22777ABA39ED28CEFF6930A84C8CC8EE0B6C1D1F3B3E2BB9A28032DFBDB737783F80F53C80DBE9FE1D80FA01B8C605F8BE40
310
D78973811F8046001EDB0A5C15039801916F05C15B01F4F9D458BE7CE1ED2E60E6389532FF7CB100CC867B2565F71BFE48FE466F8F552746B8F18079D2A4F1E4A80405C802F06B05A4E60102FB0297B402FCDCE0879AC1CF0220C26686C4BED517A0007E7D811B5A016E25EFCA80D81087C4E26058B9B36548ECE4F53701C0
310
D6CF501F108EB3A3F32C08943BB72C44BF10000EE7EC7F3C80817EE5F69BD9E171C97EF7F2680514954E3651ADD8FF2E05949BB856FF8F55402803DF027865F8051226D8D51A838702582B41068877063B4100B06C063E03C02E860B6D82B7DF2D0541FC0000BF5618996572FF87E0460061A1A40D85835D2839C5BA912E94
310
7C3B00AB83A800B71800C332B9AF0088315005FB3F04C0FB80CF08E262886FB840582A9BDC33E4D3A09D4B659FDC0C3A0C03E90CB994EF0BCD60D6498A9DA1AF658231150E3D9F6703E88FA7C2EACE919F0B011C2E714CF0D92E70FC3F5020A0DC02407D1C002A7E745B357A8ECB0F807000DED24FBA80AF5E15B6415EB910
310
C06CB02A0FBD1E00315565C342EF07E0AD1C5C0115360422B804803F122C9E4D1688E00A0048AC37AD403C27AAE0C5005CF50EE9192A39471A81E60072F3D594044CFFE6A59D3E16E04B0114F647512408DA6AE0DCC3121B03A0F6079B15DD85E1DD0086CCFC240FB88480240089FD8A4FFAD5151A1013032AF6733D203104
310
5A02E093DF5C892AC908F07217587582C6008AFA770D00DB151C1600904B5FB1430C80D90154D627503401F6D171490261AA243E5EE4388015226D01E4F627D74711305EF37800987BF9FC742005D9496A2D0EB605708F0BE4024052C9746F26F0420099FD905DC4360297B9C07500AA02F02E808C13C0CB00541D40A58732
310
09206F4901A0D9D3E02F03C03DFE9A348394000720C1C003B86028A11500040640DEEA61150027D5AA029ACAA01D80741480770B1600E4CF8A21E1923E678D3B4B26802C355050F181F701206E8AC0277E1E805D2CB408C03DFE1F9F0360BAD4DE04437BA86701C4D060EE7CC2180458001810080730DFD68E6AE70A917097
310
FCBC057EFC54D9C1543F871CEEA0C7F93E7A5442159056E8A20BD0731FAD806A0C005C8A01F0C2185049FA3ED50CAA83790093E230009E900855F3FEF55418B6A5C242074591ED0CE27E00BB7B8362009CEE0DEE0320E76F8D450554C603B03E1E700A803005547C20D415341F111208A04AA0BCEC066382084DF47E01806C
310
5418C83C49E6006F02107DA01CEF5390215913C053019404D89921D83033B43E35262E06241258991B544D8C90D60CD251A185D9E17482FC1400790AC8070617CBE9D97189008806CA65212DEB5F2800A201C50050CDEC5F6A05FE17402D12A6875AAC0E91098010F0151E96CA660B05CF0390E802AEB6C942513BE089E953
310
40DB2C9012D80CB222A08BA521AC97C6065577FC285EA8008600591EDF6C9D2C56FE2C17F7D7A86E06E0DD60605A015FFD08EF06E04D1CF2F6A0A1F9A25D202018DC3D3330A8E48E9966239B5933B8F16836F0FAE4BBC6E403987FD125F70D4A7781F414B5A1D53DB0C2F13100FCA8F07B01AC168582CB7900FF541A29007E
310
00CE02787E5936F00FABAAB9A63D6DB52E0000000049454E44AE4260827D005F6A8D34007E00EE02787EDB16F00FD1283639A100524B0000000049454E44AE42608249454E44AE4260820FF82E80CDA650709331287DCE07C01F808B003ED0D6E4FB07E23B850AACD2D8640000000049454E44AE4260828249002F684BF2FD
310
01405DBB669F835C1F0000000049454E44AE426082
  0
ENDSEC
  0
EOF
